event_title,question,volume,created_at,end_date,closed
Champions League Winner,Will Aston Villa win the UEFA Champions League?,133113813.382904,2024-09-17 17:21:16.000000 UTC,2025-05-31 12:00:00.000000 UTC,1
Champions League Winner,Will Inter Milan win the UEFA Champions League?,82978657.0443518,2024-09-17 17:27:16.000000 UTC,2025-05-31 12:00:00.000000 UTC,1
Champions League Winner,Will Red Star Belgrade win the UEFA Champions League?,69281806.2784465,2024-09-17 17:35:44.000000 UTC,2025-05-31 12:00:00.000000 UTC,1
Champions League Winner,Will Paris Saint-Germain win the UEFA Champions League?,51320576.4557441,2024-09-17 17:30:16.000000 UTC,2025-05-31 12:00:00.000000 UTC,1
Champions League Winner,Will Bayer Leverkusen win the UEFA Champions League?,46780244.180184,2024-09-17 17:23:02.000000 UTC,2025-05-31 12:00:00.000000 UTC,1
Champions League Winner,Will Stade Brestois win the UEFA Champions League?,41179694.4249909,2024-09-17 17:38:07.000000 UTC,2025-05-31 12:00:00.000000 UTC,1
Champions League Winner,Will Bologna win the UEFA Champions League? ,36952708.8056862,2024-09-17 17:25:01.000000 UTC,2025-05-31 12:00:00.000000 UTC,1
Champions League Winner,Will Benfica win the UEFA Champions League?,35397837.4947546,2024-09-17 17:24:01.000000 UTC,2025-05-31 12:00:00.000000 UTC,1
Champions League Winner,Will Slovan Bratislava win the UEFA Champions League?,32130923.31674,2024-09-17 17:36:37.000000 UTC,2025-05-31 12:00:00.000000 UTC,1
Champions League Winner,Will Monaco win the UEFA Champions League?,31076588.4007154,2024-09-17 17:29:50.000000 UTC,2025-05-31 12:00:00.000000 UTC,1
Champions League Winner,Will Sturm Graz win the UEFA Champions League?,29584491.9710941,2024-09-17 17:38:33.000000 UTC,2025-05-31 12:00:00.000000 UTC,1
Champions League Winner,Will Stuttgart win the UEFA Champions League?,29357939.5502645,2024-09-17 17:38:53.000000 UTC,2025-05-31 12:00:00.000000 UTC,1
UEFA Champions League Winner ,Will Slavia Pragu win the 2025–26 Champions League?,28392439.058395,2025-07-21 20:58:59.000000 UTC,2026-05-31 00:00:00.000000 UTC,1
Champions League Winner,Will Red Bull Salzburg win the UEFA Champions League?,27714016.7026868,2024-09-17 17:31:50.000000 UTC,2026-04-16 00:19:43.000000 UTC,1
Champions League Winner,Will Atletico Madrid win the UEFA Champions League?,27136004.4218702,2024-09-17 17:22:09.000000 UTC,2025-05-31 12:00:00.000000 UTC,1
Champions League Winner,Will Girona win the UEFA Champions League?,26451524.6750097,2024-09-17 17:26:54.000000 UTC,2025-05-31 12:00:00.000000 UTC,1
Champions League Winner,Will Shakhtar Donetsk win the UEFA Champions League?,25469002.1878365,2024-09-17 17:36:10.000000 UTC,2025-05-31 12:00:00.000000 UTC,1
UEFA Champions League Winner ,Will Atletico Madrid win the 2025–26 Champions League?,24342284.876044706,2025-07-21 20:58:44.000000 UTC,2026-05-31 00:00:00.000000 UTC,0
Champions League Winner,Will Dinamo Zagreb win the UEFA Champions League?,24315628.8213214,2024-09-17 17:26:20.000000 UTC,2025-05-31 12:00:00.000000 UTC,1
Champions League Winner,Will Sporting CP win the UEFA Champions League?,22953896.156353,2024-09-17 17:37:31.000000 UTC,2025-05-31 12:00:00.000000 UTC,1
Champions League Winner, Will Feyenoord win the UEFA Champions League?,22723022.6502971,2024-09-17 17:26:37.000000 UTC,2026-04-16 00:19:43.000000 UTC,1
Champions League Winner,Will Young Boys win the UEFA Champions League?,22343123.836472,2024-09-17 17:39:13.000000 UTC,2025-05-31 12:00:00.000000 UTC,1
UEFA Champions League Winner ,Will Olympiakos win the 2025–26 Champions League?,21360158.2305,2025-07-21 20:58:56.000000 UTC,2026-05-31 00:00:00.000000 UTC,1
Champions League Winner,Will Club Brugge win the UEFA Champions League?,20699749.799626,2024-09-17 17:26:01.000000 UTC,2025-05-31 12:00:00.000000 UTC,1
Champions League Winner,Will AC Milan win the UEFA Champions League?,20482954.41667,2024-09-17 17:20:17.000000 UTC,2025-05-31 12:00:00.000000 UTC,1
Champions League Winner,Will Borussia Dortmund win the UEFA Champions League?,20166955.363376,2024-09-17 17:25:22.000000 UTC,2025-05-31 12:00:00.000000 UTC,1
Champions League Winner,Will Lille win the UEFA Champions League?,19772120.9330179,2024-09-17 17:27:52.000000 UTC,2025-05-31 12:00:00.000000 UTC,1
Champions League Winner,Will Celtic win the UEFA Champions League?,19306736.3224968,2024-09-17 17:25:43.000000 UTC,2025-05-31 12:00:00.000000 UTC,1
UEFA Champions League Winner ,Will Club Brugge win the 2025–26 Champions League?,19181367.03701489,2025-07-21 20:58:57.000000 UTC,2026-05-31 00:00:00.000000 UTC,0
Champions League Winner,Will Sparta Prague win the UEFA Champions League?,18106557.5313308,2024-09-17 17:37:09.000000 UTC,2025-05-31 12:00:00.000000 UTC,1
Champions League Winner,Will Juventus win the UEFA Champions League?,16171963.9601959,2024-09-17 17:27:33.000000 UTC,2025-05-31 12:00:00.000000 UTC,1
UEFA Champions League Winner ,Will Sporting win the 2025–26 Champions League?,14482170.27963803,2025-07-21 20:58:51.000000 UTC,2026-05-31 00:00:00.000000 UTC,1
UEFA Champions League Winner ,Will Ajax win the 2025–26 Champions League?,13373490.72009,2025-07-21 20:58:54.000000 UTC,2026-05-31 00:00:00.000000 UTC,1
Champions League Winner,Will PSV Eindhoven win the UEFA Champions League?,13261779.2282109,2024-09-17 17:30:40.000000 UTC,2025-05-31 12:00:00.000000 UTC,1
UEFA Champions League Winner ,Will Union Saint-Gilloise win the 2025–26 Champions League?,12756397.600714,2025-07-21 20:58:55.000000 UTC,2026-05-31 00:00:00.000000 UTC,1
UEFA Champions League Winner ,Will Benfica win the 2025–26 Champions League?,12346832.550767,2025-07-21 20:58:51.000000 UTC,2026-05-31 00:00:00.000000 UTC,1
UEFA Champions League Winner ,Will Athletic Club win the 2025–26 Champions League?,11867413.991408,2025-07-21 20:58:48.000000 UTC,2026-05-31 00:00:00.000000 UTC,1
UEFA Champions League Winner ,Will Monaco win the 2025–26 Champions League?,9616642.535204,2025-07-21 20:58:50.000000 UTC,2026-05-31 00:00:00.000000 UTC,1
Champions League Winner,Will Liverpool win the UEFA Champions League?,8175076.65724502,2024-09-17 17:28:05.000000 UTC,2026-04-16 00:19:43.000000 UTC,1
UEFA Champions League Winner ,Will Villarreal win the 2025–26 Champions League?,7892075.764682,2025-07-21 20:58:49.000000 UTC,2026-05-31 00:00:00.000000 UTC,1
UEFA Champions League Winner ,Will Eintracht Frankfurt win the 2025–26 Champions League?,7817714.745721,2025-07-21 20:58:50.000000 UTC,2026-05-31 00:00:00.000000 UTC,1
UEFA Champions League Winner ,Will PSG win the 2025–26 Champions League?,7806400.34265306,2025-07-21 20:58:38.000000 UTC,2026-05-31 00:00:00.000000 UTC,0
UEFA Champions League Winner ,Will Inter win the 2025–26 Champions League?,7286054.286861,2025-07-21 20:58:43.000000 UTC,2026-05-31 00:00:00.000000 UTC,1
Champions League Winner,Will Atalanta win the UEFA Champions League?,6978774.16140899,2024-09-17 17:21:35.000000 UTC,2025-05-31 12:00:00.000000 UTC,1
UEFA Champions League Winner ,Will PSV win the 2025–26 Champions League?,6440901.470863,2025-07-21 20:58:52.000000 UTC,2026-05-31 00:00:00.000000 UTC,1
UEFA Champions League Winner ,Will Arsenal win the 2025–26 Champions League?,6270676.819398229,2025-07-21 20:58:40.000000 UTC,2026-05-31 00:00:00.000000 UTC,0
UEFA Champions League Winner ,Will Bayern Munich win the 2025–26 Champions League?,6135015.8948229179,2025-07-21 20:58:42.000000 UTC,2026-05-31 00:00:00.000000 UTC,0
UEFA Champions League Winner ,Will Marseille win the 2025–26 Champions League?,5842226.092289,2025-07-21 20:58:49.000000 UTC,2026-05-31 00:00:00.000000 UTC,1
UEFA Champions League Winner ,Will Liverpool win the 2025–26 Champions League?,5535579.6266940227,2025-07-21 20:58:39.000000 UTC,2026-05-31 00:00:00.000000 UTC,1
UEFA Champions League Winner ,Will Juventus win the 2025–26 Champions League?,5357464.792264,2025-07-21 20:58:45.000000 UTC,2026-05-31 00:00:00.000000 UTC,1
UEFA Champions League Winner ,Will Real Madrid win the 2025–26 Champions League?,5281071.13409185,2025-07-21 20:58:40.000000 UTC,2026-05-31 00:00:00.000000 UTC,1
Champions League Winner,Will Barcelona win the UEFA Champions League?,4850446.481698,2024-09-17 17:22:30.000000 UTC,2026-04-16 00:19:43.000000 UTC,1
UEFA Champions League Winner ,Will Barcelona win the 2025–26 Champions League?,4481226.4268519646,2025-07-21 20:58:39.000000 UTC,2026-05-31 00:00:00.000000 UTC,1
Champions League Winner,Will RB Leipzig win the UEFA Champions League?,4038510.905072,2024-09-17 17:30:59.000000 UTC,2025-05-31 12:00:00.000000 UTC,1
Champions League Winner,Will Real Madrid win the UEFA Champions League?,3859902.662671,2024-09-17 17:31:19.000000 UTC,2025-05-31 12:00:00.000000 UTC,1
UEFA Champions League Winner ,Will Dortmund win the 2025–26 Champions League?,3784244.309109,2025-07-21 20:58:47.000000 UTC,2026-05-31 00:00:00.000000 UTC,1
Champions League Winner,Will Bayern Munich win the UEFA Champions League?,2640292.787106,2024-09-17 17:23:30.000000 UTC,2025-05-31 12:00:00.000000 UTC,1
Champions League Winner,Will Arsenal win the UEFA Champions League?,2584764.936238,2024-09-17 17:20:51.000000 UTC,2025-05-31 12:00:00.000000 UTC,1
Champions League Winner,Will Manchester City win the UEFA Champions League?,2318587.39690199,2024-09-16 22:17:10.000000 UTC,2025-05-31 12:00:00.000000 UTC,1
UEFA Champions League Winner ,Will Napoli win the 2025–26 Champions League?,2082121.876578,2025-07-21 20:58:45.000000 UTC,2026-05-31 00:00:00.000000 UTC,1
Champions League Final: PSG vs. Inter Milan,Champions League Final: PSG vs. Inter Milan,996937.396697,2025-05-07 16:44:52.000000 UTC,2025-05-31 12:00:00.000000 UTC,1
Champions League Quarterfinals: Which team will advance?,Champions LeagueQuarterfinals: Arsenal vs. Real Madrid,639933.013167,2025-03-13 19:05:59.000000 UTC,2025-03-16 12:00:00.000000 UTC,1
Champions League Round of 16: Which team will advance?,Will Real Madrid or Atlético de Madrid advance in the UCL Round of 16?,631368.680851,2025-02-21 19:36:52.000000 UTC,2025-03-12 12:00:00.000000 UTC,1
Champions League Final: 3+ goals?,Champions League Final: 3+ goals?,587930.793954,2025-05-07 17:28:24.000000 UTC,2025-05-31 12:00:00.000000 UTC,1
Champions League: Inter Milan vs. Barcelona (To Advance),Champions League: Inter Milan vs. Barcelona (To Advance),566569.293834,2025-04-17 08:14:50.000000 UTC,2025-05-07 12:00:00.000000 UTC,1
UEFA Champions League: Team to advance to semis,Will Bayern München reach the UEFA Champions League semifinal?,445465.1573460002,2026-03-09 18:03:43.000000 UTC,2026-05-07 00:00:00.000000 UTC,1
Champions League Top Scorer,Will Michael Olise be the top Champions League scorer?,427341.212844,2025-02-24 18:49:07.000000 UTC,2025-05-31 12:00:00.000000 UTC,1
Champions League: Arsenal vs. PSG (To Advance),Champions League: Arsenal vs. PSG (To Advance),374284.848313,2025-04-17 08:21:06.000000 UTC,2025-05-08 12:00:00.000000 UTC,1
UEFA Champions League: Team to advance to semis,Will Paris Saint-Germain (PSG) reach the UEFA Champions League semifinal?,363850.2735199997,2026-03-09 18:03:48.000000 UTC,2026-05-07 00:00:00.000000 UTC,1
Which teams will reach the Round of 16 of the UEFA Champions League?,Will Paris Saint-Germain advance to the Round of 16 in the 2024-25 UEFA Champions League?,349076.33443,2025-01-28 00:30:28.000000 UTC,2025-02-19 12:00:00.000000 UTC,1
UEFA Champions League Winner ,Will Nice win the 2025–26 Champions League?,344379.00715,2025-07-21 20:58:53.000000 UTC,2026-05-31 00:00:00.000000 UTC,1
UEFA Champions League: Team to reach quarter-finals,Will Real Madrid reach the UEFA Champions League quarter-finals?,339439.945852,2026-03-10 17:07:21.000000 UTC,2026-04-16 00:00:00.000000 UTC,1
UEFA Champions League Winner ,Will Feyenoord win the 2025–26 Champions League?,331062.991655,2025-07-21 20:58:54.000000 UTC,2026-05-31 00:00:00.000000 UTC,1
Champions League Top Scorer,Will Lautaro Martinez be the top Champions League scorer?,328679.456817,2025-02-24 18:49:05.000000 UTC,2025-05-31 12:00:00.000000 UTC,1
UEFA Champions League: Top Scorer,Will Mohamed Salah be the 2025/2026 top UCL goal scorer?,312724.20011700009,2025-09-17 18:44:31.000000 UTC,2026-05-30 00:00:00.000000 UTC,1
Which EPL team will qualify for the 2025-26 Champions League?,Will Tottenham Hotspur qualify for the 2025–26 UEFA Champions League?,281138.330376,2025-05-06 23:41:05.000000 UTC,2025-05-25 12:00:00.000000 UTC,1
Champions League Round of 16: Which team will advance?,Will PSV Eindhoven or Arsenal advance in the UCL Round of 16?,271063.681899,2025-02-21 19:37:52.000000 UTC,2025-03-12 12:00:00.000000 UTC,1
Champions League Top Scorer,Will Rodrygo be the top Champions League scorer?,261983.763138,2025-02-24 18:49:10.000000 UTC,2025-05-31 12:00:00.000000 UTC,1
Champions League: League Phase Winner,Will Qarabağ finish first in UCL league phase?,232453.579368,2025-09-17 20:22:07.000000 UTC,2025-12-31 00:00:00.000000 UTC,1
Champions League Final: Goal Scorers,Will Ousmane Dembélé score a goal in the 2025 Champions League Final?,227105.331361,2025-05-21 06:30:03.000000 UTC,2025-05-31 12:00:00.000000 UTC,1
UEFA Champions League: Team to advance to semis,Will Barcelona reach the UEFA Champions League semifinal?,222276.98162099996,2026-03-09 18:03:46.000000 UTC,2026-05-07 00:00:00.000000 UTC,1
UEFA Champions League: Team to advance to semis,Will Real Madrid reach the UEFA Champions League semifinal?,221659.95807299996,2026-03-09 18:03:48.000000 UTC,2026-05-07 00:00:00.000000 UTC,1
Champions League Winner,Will Real Madrid win the 2023-24 Champions League?,207108.720928,2024-01-30 18:52:12.000000 UTC,2024-05-30 00:00:00.000000 UTC,1
Which EPL team will qualify for the 2025-26 Champions League?,Will Manchester United qualify for the 2025–26 UEFA Champions League?,202935.816319,2025-05-06 23:41:49.000000 UTC,2025-05-25 12:00:00.000000 UTC,1
Which teams will reach the Round of 16 of the UEFA Champions League?,Will Stade Brestois advance to the Round of 16 in the 2024-25 UEFA Champions League?,198196.608713,2025-01-28 00:30:22.000000 UTC,2025-02-19 12:00:00.000000 UTC,1
Champions League Winner,Will Atletico Madrid win the 2023-24 Champions League?,197994.793871,2024-01-30 18:52:12.000000 UTC,2024-05-30 00:00:00.000000 UTC,1
Which EPL team will qualify for the 2025-26 Champions League?,Will Aston Villa qualify for the 2025–26 UEFA Champions League?,193720.013363,2025-05-05 23:18:02.000000 UTC,2025-05-25 12:00:00.000000 UTC,1
UEFA Champions League: Team to advance to semis,Will Arsenal reach the UEFA Champions League semifinal?,191561.5844450001,2026-03-09 18:03:42.000000 UTC,2026-05-07 00:00:00.000000 UTC,1
Which teams will reach the Round of 16 of the UEFA Champions League?,Will Manchester City advance to the Round of 16 in the 2024-25 UEFA Champions League?,191534.14027,2025-01-28 00:30:30.000000 UTC,2025-02-19 12:00:00.000000 UTC,1
Champions League Top Scorer,Will Jude Bellingham be the top Champions League scorer?,191198.243633,2025-02-24 18:49:12.000000 UTC,2025-05-31 12:00:00.000000 UTC,1
Champions League Winner,Will Dortmund win the 2023-24 Champions League?,188245.645205,2024-01-30 18:52:12.000000 UTC,2024-05-30 00:00:00.000000 UTC,1
UEFA Champions League: Team to advance to semis,Will Liverpool reach the UEFA Champions League semifinal?,184741.690166,2026-03-09 18:03:44.000000 UTC,2026-05-07 00:00:00.000000 UTC,1
Champions League Final: Man City v. Inter,Champions League Final: Man City v. Inter,175593.743288,2023-06-07 03:10:35.000000 UTC,2023-06-10 00:00:00.000000 UTC,1
Champions League Top Scorer,Will Bukayo Saka be the top Champions League scorer?,172688.46749,2025-02-24 18:49:09.000000 UTC,2025-05-31 12:00:00.000000 UTC,1
UEFA Champions League: Top Scorer,Will de Goes Rodrygo be the 2025/2026 top UCL goal scorer?,172510.33002400002,2025-09-17 18:44:42.000000 UTC,2026-05-30 00:00:00.000000 UTC,1
Champions League Winner,Will Arsenal win the 2023-24 Champions League?,166291.710055,2024-01-30 18:52:12.000000 UTC,2024-05-30 00:00:00.000000 UTC,1
UEFA Champions League: Team to reach final,Will Atlético Madrid reach the UEFA Champions League final?,165298.81943100013,2026-03-05 19:46:21.000000 UTC,2026-05-07 00:00:00.000000 UTC,0
Champions League: Which teams advance to round of 16?,Will Borussia Dortmund advance to the round of 16?,163633.301856,2025-09-17 20:26:28.000000 UTC,2025-12-31 00:00:00.000000 UTC,1
Champions League Round of 16: Which team will advance?,Will Paris Saint-Germain or Liverpool advance in the UCL Round of 16?,162743.135776,2025-02-21 19:41:29.000000 UTC,2025-03-12 12:00:00.000000 UTC,1
Champions League Top Scorer,Will Raphinha be the top Champions League scorer?,160141.070631,2025-02-24 18:49:00.000000 UTC,2025-05-31 12:00:00.000000 UTC,1
Champions League: League Phase Winner,Will Newcastle United finish first in UCL league phase?,158599.791867,2025-09-17 20:22:20.000000 UTC,2025-12-31 00:00:00.000000 UTC,1
UEFA Champions League: Top Scorer,Will Desire Doue be the 2025/2026 top UCL goal scorer?,156224.749893,2025-09-17 18:44:40.000000 UTC,2026-05-30 00:00:00.000000 UTC,0
Champions League Round of 16: Which team will advance?,Will Bayern Munich or Bayer Leverkusen advance in the UCL Round of 16?,155653.881891,2025-02-21 19:40:45.000000 UTC,2025-03-12 12:00:00.000000 UTC,1
UEFA Champions League: Team to reach final,Will Bayern München reach the UEFA Champions League final?,153955.5447789999,2026-03-05 19:46:15.000000 UTC,2026-05-07 00:00:00.000000 UTC,0
How will Champions League Final end?,Will the Champions League Final be decided in regular time?,150755.295544,2025-05-07 20:44:34.000000 UTC,2025-05-31 12:00:00.000000 UTC,1
UEFA Champions League: Team to reach final,Will Paris Saint-Germain (PSG) reach the UEFA Champions League final?,149910.40379599982,2026-03-05 19:46:20.000000 UTC,2026-05-07 00:00:00.000000 UTC,0
Champions League: Which teams advance to round of 16?,Will Inter Milan advance to the round of 16?,148112.739544,2025-09-17 20:26:38.000000 UTC,2025-12-31 00:00:00.000000 UTC,1
Champions League: Which teams advance to round of 16?,Will Galatasaray advance to the round of 16?,147634.771602,2025-09-17 20:26:38.000000 UTC,2025-12-31 00:00:00.000000 UTC,1
Champions League Quarterfinals: Which team will advance?,Champions League Quarterfinals: PSG vs. Aston Villa,147460.953945,2025-03-13 19:06:01.000000 UTC,2025-03-16 12:00:00.000000 UTC,1
Champions League Quarterfinals: Which team will advance?,Champions League Quarterfinals: Bayern vs. Inter Milan,144817.613305,2025-03-13 19:06:00.000000 UTC,2025-03-16 12:00:00.000000 UTC,1
UEFA Champions League: Top Scorer,Will Lamine Yamal be the 2025/2026 top UCL goal scorer?,144468.75974299997,2025-09-17 18:44:34.000000 UTC,2026-05-30 00:00:00.000000 UTC,1
Champions League Quarterfinals: Which team will advance?,Champions League Quarterfinals: Barcelona vs. Dortmund,132481.015339,2025-03-13 19:06:02.000000 UTC,2025-03-16 12:00:00.000000 UTC,1
Champions League Top Scorer,Will Serhou Guirassy be the top Champions League scorer?,131736.69964,2025-02-24 18:48:58.000000 UTC,2025-05-31 12:00:00.000000 UTC,1
Champions League: Which teams advance to round of 16?,Will Bodø/Glimt advance to the round of 16?,129453.118453,2025-09-17 20:26:29.000000 UTC,2025-12-31 00:00:00.000000 UTC,1
Champions League: Which teams advance to round of 16?,Will Club Brugge advance to the round of 16?,127202.662821,2025-09-17 20:26:37.000000 UTC,2025-12-31 00:00:00.000000 UTC,1
Champions League Final: 1st Half Result,Will PSG beat Inter Milan in the first half? ,124944.492494,2025-05-07 19:57:02.000000 UTC,2025-05-31 12:00:00.000000 UTC,1
Champions League: Which teams advance to round of 16?,Will Real Madrid advance to the round of 16?,122400.946632,2025-09-17 20:26:27.000000 UTC,2025-12-31 00:00:00.000000 UTC,1
Champions League Winner,Will Bayern win the 2023-24 Champions League?,120153.174487,2024-01-30 18:52:12.000000 UTC,2024-05-30 00:00:00.000000 UTC,1
UEFA Champions League: Top Scorer,Will Bradley Barcola be the 2025/2026 top UCL goal scorer?,119534.07338000005,2025-09-17 18:44:40.000000 UTC,2026-05-30 00:00:00.000000 UTC,0
Real Madrid vs. Dortmund: Champions League Final,Real Madrid vs. Dortmund: Champions League Final,116808.44387,2024-05-08 22:55:02.000000 UTC,2024-06-01 12:00:00.000000 UTC,1
Champions League Winner,Will PSG win the 2023-24 Champions League?,116248.049257,2024-01-30 18:52:12.000000 UTC,2024-05-30 00:00:00.000000 UTC,1
Champions League Final: 1st Half Result,Will Inter Milan beat PSG in the first half? ,108909.038143,2025-05-07 19:57:02.000000 UTC,2025-05-31 12:00:00.000000 UTC,1
Champions League: League Phase Winner,Will Galatasaray finish first in UCL league phase?,108874.395,2025-09-17 20:22:16.000000 UTC,2025-12-31 00:00:00.000000 UTC,1
Champions League: Which teams advance to round of 16?,Will Newcastle United advance to the round of 16?,108862.978091,2025-09-17 20:26:41.000000 UTC,2025-12-31 00:00:00.000000 UTC,1
UEFA Champions League: Team to reach final,Will Arsenal reach the UEFA Champions League final?,103958.08185299994,2026-03-05 19:46:14.000000 UTC,2026-05-07 00:00:00.000000 UTC,0
UEFA Champions League: Team to advance to semis,Will Atlético Madrid reach the UEFA Champions League semifinal?,101763.52538500004,2026-03-09 18:03:51.000000 UTC,2026-05-07 00:00:00.000000 UTC,1
Champions League: Which teams advance to round of 16?,Will Atlético Madrid advance to the round of 16?,100649.862975,2025-09-17 20:26:34.000000 UTC,2025-12-31 00:00:00.000000 UTC,1
UEFA Champions League: Top Scorer,Will Khvicha Kvaratskhelia be the 2025/2026 top UCL goal scorer?,100438.97412199996,2025-09-17 18:44:45.000000 UTC,2026-05-30 00:00:00.000000 UTC,0
Champions League Winner,Will Lazio win the 2023-24 Champions League?,99000.009998,2024-01-30 18:52:12.000000 UTC,2024-05-30 00:00:00.000000 UTC,1
UEFA Champions League Winner ,Will Basel win the 2025–26 Champions League?,97156.974572,2025-07-21 20:58:58.000000 UTC,2026-05-31 00:00:00.000000 UTC,1
Champions League: Which teams advance to round of 16?,Will Atalanta advance to the round of 16?,96367.367488,2025-09-17 20:26:33.000000 UTC,2025-12-31 00:00:00.000000 UTC,1
UEFA Champions League: Top Scorer,Will Harry Kane be the 2025/2026 top UCL goal scorer?,95279.129694000047,2025-09-17 18:44:32.000000 UTC,2026-05-30 00:00:00.000000 UTC,0
Champions League: Which teams advance to round of 16?,Will Juventus advance to the round of 16?,95185.056946,2025-09-17 20:26:29.000000 UTC,2025-12-31 00:00:00.000000 UTC,1
Champions League Final: 1st Half Result,Will PSG vs. Inter Milan first half result in a draw?,91107.704993,2025-05-07 19:57:03.000000 UTC,2025-05-31 12:00:00.000000 UTC,1
Champions League: Which teams advance to round of 16?,Will Paris Saint-Germain advance to the round of 16?,91044.428601,2025-09-17 20:26:42.000000 UTC,2025-12-31 00:00:00.000000 UTC,1
UEFA Champions League Winner ,Will Fenerbahce win the 2025–26 Champions League?,90340.440239,2025-07-21 20:58:57.000000 UTC,2026-05-31 00:00:00.000000 UTC,1
Champions League: Which teams advance to round of 16?,Will Monaco advance to the round of 16?,87304.479266,2025-09-17 20:26:40.000000 UTC,2025-12-31 00:00:00.000000 UTC,1
UEFA Champions League: Team to advance to semis,Will Sporting CP reach the UEFA Champions League semifinal?,87150.887635999956,2026-03-09 18:03:47.000000 UTC,2026-05-07 00:00:00.000000 UTC,1
UEFA Champions League: Top Scorer,Will Kylian Mbappe be the 2025/2026 top UCL goal scorer?,86341.127301000015,2025-09-17 18:44:30.000000 UTC,2026-05-30 00:00:00.000000 UTC,0
UEFA Champions League: Most Clean Sheets (GK),Will Guglielmo Vicario record the most clean sheets in the 2025-26 UEFA Champions League?,83629.399854000032,2026-02-19 23:48:54.000000 UTC,2026-05-31 00:00:00.000000 UTC,1
Champions League Winner,Will Barcelona win the 2023-24 Champions League?,80980.690267,2024-01-30 18:52:12.000000 UTC,2024-05-30 00:00:00.000000 UTC,1
UEFA Champions League: Most Yellow Cards,Will Lamine Yamal record the most yellow cards in 2025-26 UEFA Champions League?,80784.234113999992,2026-02-20 00:41:09.000000 UTC,2026-05-31 00:00:00.000000 UTC,1
UEFA Champions League: Most Yellow Cards,Will Martín Zubimendi record the most yellow cards in 2025-26 UEFA Champions League?,79466.463316000052,2026-02-20 00:41:10.000000 UTC,2026-05-31 00:00:00.000000 UTC,0
UEFA Champions League: Most Player of the Match Awards,Will Kylian Mbappé record the most Player of the Match awards during the 2025 UEFA Champions League?,78891.577622000012,2026-02-19 22:06:01.000000 UTC,2026-05-31 00:00:00.000000 UTC,1
Champions League Round of 16: Which team will advance?,Will Borussia Dortmund or Lille advance in the UCL Round of 16?,77504.919257,2025-02-21 19:38:46.000000 UTC,2025-03-12 12:00:00.000000 UTC,1
UEFA Champions League Winner ,Will Sturm Graz win the 2025–26 Champions League?,73689.434072,2025-07-21 20:58:59.000000 UTC,2026-05-31 00:00:00.000000 UTC,1
Champions League Round of 16: Which team will advance?,Will Club Brugge or Aston Villa advance in the UCL Round of 16?,71750.164131,2025-02-21 19:35:48.000000 UTC,2025-03-12 12:00:00.000000 UTC,1
Which teams will reach the Round of 16 of the UEFA Champions League?,Will Real Madrid advance to the Round of 16 in the 2024-25 UEFA Champions League?,71570.706352,2025-01-28 00:30:25.000000 UTC,2025-02-19 12:00:00.000000 UTC,1
Champions League: League Phase Winner,Will Borussia Dortmund finish first in UCL league phase?,71009.361742,2025-09-17 20:22:08.000000 UTC,2025-12-31 00:00:00.000000 UTC,1
UEFA Champions League Winner ,Will Celtic win the 2025–26 Champions League?,70447.384549,2025-07-21 20:58:53.000000 UTC,2026-05-31 00:00:00.000000 UTC,1
Champions League Top Scorer,Will Ousmane Dembele be the top Champions League scorer?,70332.019083,2025-02-24 18:49:02.000000 UTC,2025-05-31 12:00:00.000000 UTC,1
Champions League Winner,Will Napoli win the 2023-24 Champions League?,67385.087229,2024-01-30 18:52:12.000000 UTC,2024-05-30 00:00:00.000000 UTC,1
UEFA Champions League Winner ,Will Rangers win the 2025–26 Champions League?,66427.940987,2025-07-21 20:58:56.000000 UTC,2026-05-31 00:00:00.000000 UTC,1
Champions League: League Phase Winner,Will Arsenal finish first in UCL league phase?,64673.610194,2025-09-17 20:22:06.000000 UTC,2025-12-31 00:00:00.000000 UTC,1
Champions League: Which teams advance to round of 16?,Will Benfica advance to the round of 16?,64132.872588,2025-09-17 20:26:43.000000 UTC,2025-12-31 00:00:00.000000 UTC,1
Champions League Winner,Will Man City win the 2023-24 Champions League?,62389.352956,2024-01-30 18:44:18.000000 UTC,2024-05-30 00:00:00.000000 UTC,1
Champions League Top Scorer,Will Robert Lewandowski be the top Champions League scorer?,61910.659116,2025-02-24 18:48:57.000000 UTC,2025-05-31 12:00:00.000000 UTC,1
Champions League: Which teams advance to round of 16?,Will Bayer Leverkusen advance to the round of 16?,57997.903511,2025-09-17 20:26:35.000000 UTC,2025-12-31 00:00:00.000000 UTC,1
Champions League: Which teams advance to round of 16?,Will Qarabağ advance to the round of 16?,57290.958685,2025-09-17 20:26:27.000000 UTC,2025-12-31 00:00:00.000000 UTC,1
Champions League: Barcelona vs PSG,Will PSG win?,56771.995127,2024-04-13 00:04:01.000000 UTC,2024-04-16 12:00:00.000000 UTC,1
Champions League Round of 16: Which team will advance?, Will Benfica or FC Barcelona advance in the UCL Round of 16?,55844.190039,2025-02-21 19:42:36.000000 UTC,2025-03-12 12:00:00.000000 UTC,1
Champions League Top Scorer,Will Jamie Bynoe-Gittens be the top Champions League scorer?,55614.031099,2025-02-24 18:49:11.000000 UTC,2025-05-31 12:00:00.000000 UTC,1
Champions League: League Phase Winner,Will Chelsea finish first in UCL league phase?,53619.623265,2025-09-17 20:22:14.000000 UTC,2025-12-31 00:00:00.000000 UTC,1
Champions League Winner,Will Manchester City win the 2023 Champions League?,51976.251493,2023-02-24 08:44:36.000000 UTC,2023-06-09 00:00:00.000000 UTC,1
UEFA Champions League: Top Scorer,Will Hugo Ekitike be the 2025/2026 top UCL goal scorer?,51866.149132,2025-09-17 18:44:35.000000 UTC,2026-05-30 00:00:00.000000 UTC,1
Champions League: League Phase Winner,Will Barcelona finish first in UCL league phase?,50813.879003,2025-09-17 20:22:13.000000 UTC,2025-12-31 00:00:00.000000 UTC,1
Champions League Final: Exact Score ,Will PSG win 4-1?,50025.0,2025-05-30 21:53:54.000000 UTC,2025-05-31 00:00:00.000000 UTC,1
Champions League: League Phase Winner,Will Bayern Munich finish first in UCL league phase?,49303.590095,2025-09-17 20:22:14.000000 UTC,2025-12-31 00:00:00.000000 UTC,1
UEFA Champions League: Top Scorer,Will Viktor Gyokeres be the 2025/2026 top UCL goal scorer?,48276.325033999958,2025-09-17 18:44:33.000000 UTC,2026-05-30 00:00:00.000000 UTC,0
Champions League: League Phase Winner,Will Tottenham Hotspur finish first in UCL league phase?,47401.941,2025-09-17 20:22:08.000000 UTC,2025-12-31 00:00:00.000000 UTC,1
UEFA Champions League: Top Scorer,Will Jamal Musiala be the 2025/2026 top UCL goal scorer?,44478.616703999993,2025-09-17 18:44:42.000000 UTC,2026-05-30 00:00:00.000000 UTC,0
UEFA Champions League: Top Scorer,Will Robert Lewandowski be the 2025/2026 top UCL goal scorer?,44261.52033,2025-09-17 18:44:31.000000 UTC,2026-05-30 00:00:00.000000 UTC,1
Champions League: Arsenal vs Bayern Munich,Champions League: Arsenal vs Bayern Munich,42446.446745,2024-04-08 20:39:59.000000 UTC,2024-04-17 12:00:00.000000 UTC,1
Champions League: League Phase Winner,Will Paris Saint-Germain finish first in UCL league phase?,42353.563574,2025-09-17 20:22:20.000000 UTC,2025-12-31 00:00:00.000000 UTC,1
UEFA Champions League: Most Assists,Will Michael Olise record the most assists in the 2025-26 UEFA Champions League?,42057.742292999988,2026-02-20 00:51:18.000000 UTC,2026-05-31 00:00:00.000000 UTC,0
Champions League: League Phase Winner,Will Inter Milan finish first in UCL league phase?,41088.579925,2025-09-17 20:22:17.000000 UTC,2025-12-31 00:00:00.000000 UTC,1
UEFA Champions League: Top Scorer,Will Julian Alvarez be the 2025/2026 top UCL goal scorer?,41085.08694999999,2025-09-17 18:44:39.000000 UTC,2026-05-30 00:00:00.000000 UTC,0
UEFA Champions League: Top Scorer,Will Bukayo Saka be the 2025/2026 top UCL goal scorer?,40537.271698,2025-09-17 18:44:38.000000 UTC,2026-05-30 00:00:00.000000 UTC,0
Champions League Final: Exact Score ,Will PSG win 5-0?,40150.511049,2025-05-30 21:53:56.000000 UTC,2025-05-31 00:00:00.000000 UTC,1
Champions League Winner,Will Porto win the 2023-24 Champions League?,38206.378019,2024-01-30 18:52:12.000000 UTC,2024-05-30 00:00:00.000000 UTC,1
Which teams will reach the Round of 16 of the UEFA Champions League?,Will Bayern Munich advance to the Round of 16 in the 2024-25 UEFA Champions League?,37337.07905,2025-01-28 00:30:24.000000 UTC,2025-02-19 12:00:00.000000 UTC,1
UEFA Champions League: Top Scorer,Will Michael Olise be the 2025/2026 top UCL goal scorer?,36566.306151,2025-09-17 18:44:44.000000 UTC,2026-05-30 00:00:00.000000 UTC,0
Champions League: Which teams advance to round of 16?,Will Olympiacos advance to the round of 16?,36493.378967,2025-09-17 20:26:30.000000 UTC,2025-12-31 00:00:00.000000 UTC,1
Who will win the Champions League Final: Man City or Chelsea?,Who will win the Champions League Final: Man City or Chelsea?,35314.23156,2021-05-12 18:10:12.000000 UTC,2021-05-29 00:00:00.000000 UTC,1
UEFA Champions League: Top Scorer,Will Luis Diaz be the 2025/2026 top UCL goal scorer?,34138.646016,2025-09-17 18:44:41.000000 UTC,2026-05-30 00:00:00.000000 UTC,0
UEFA Champions League: Top Scorer,Will Alexander Sorloth be the 2025/2026 top UCL goal scorer?,34023.997265999991,2025-09-17 18:44:43.000000 UTC,2026-05-30 00:00:00.000000 UTC,0
UEFA Champions League: Top Scorer,Will Ousmane Dembele be the 2025/2026 top UCL goal scorer?,32814.131898999985,2025-09-17 18:44:32.000000 UTC,2026-05-30 00:00:00.000000 UTC,0
Champions League Round of 16: Which team will advance?,Will Feyenoord or Inter Milan advance in the UCL Round of 16?,32143.162624,2025-02-21 19:40:01.000000 UTC,2025-03-12 12:00:00.000000 UTC,1
UEFA Champions League: Top Scorer,Will Jose Vinicius Junior be the 2025/2026 top UCL goal scorer?,31667.887223000009,2025-09-17 18:44:38.000000 UTC,2026-05-30 00:00:00.000000 UTC,1
Champions League: League Phase Winner,Will Manchester City finish first in UCL league phase?,30180.390205,2025-09-17 20:22:18.000000 UTC,2025-12-31 00:00:00.000000 UTC,1
UEFA Champions League: Most Red Cards,Will Kim Min-Jae record the most red cards in 2025-26 UEFA Champions League?,28904.49552499998,2026-02-20 00:32:03.000000 UTC,2026-05-31 00:00:00.000000 UTC,0
Which teams will reach the Round of 16 of the UEFA Champions League?,Will Arsenal advance to the Round of 16 in the 2024-25 UEFA Champions League?,28600.0,2025-01-28 00:30:15.000000 UTC,2025-02-19 12:00:00.000000 UTC,1
Champions League Winner,Will Inter win the 2023-24 Champions League?,27154.627588,2024-01-30 18:52:12.000000 UTC,2024-05-30 00:00:00.000000 UTC,1
Champions League: Which teams advance to round of 16?,Will Napoli advance to the round of 16?,27146.083242,2025-09-17 20:26:41.000000 UTC,2025-12-31 00:00:00.000000 UTC,1
How will Champions League Final end?,Will the Champions League Final be decided in a penalty shoot-out?,27049.975116,2025-05-07 20:44:35.000000 UTC,2025-05-31 12:00:00.000000 UTC,1
Champions League: Which teams advance to round of 16?,Will Kairat advance to the round of 16?,26666.048946,2025-09-17 20:26:39.000000 UTC,2025-12-31 00:00:00.000000 UTC,1
Champions League Winner,Will Copenhagen win the 2023-24 Champions League?,26654.914443,2024-01-30 18:44:18.000000 UTC,2024-05-30 00:00:00.000000 UTC,1
Champions League Winner,Will Real Sociedad win the 2023-24 Champions League?,26225.419299,2024-01-30 18:52:12.000000 UTC,2024-05-30 00:00:00.000000 UTC,1
Who will win the ‘21-22 UEFA Champions League?,Will Liverpool FC win the 2021-22 UEFA Champions League?,25324.03415,2022-01-11 01:13:32.000000 UTC,2022-05-28 00:00:00.000000 UTC,1
How will Champions League Final end?,Will the Champions League Final be decided in extra time?,25117.321707,2025-05-07 20:44:35.000000 UTC,2025-05-31 12:00:00.000000 UTC,1
Will Chelsea qualify for next season's Champions League?,Will Chelsea qualify for next season's Champions League?,23986.883277,2021-05-18 16:50:15.000000 UTC,2021-05-29 00:00:00.000000 UTC,1
Champions League Top Scorer,Will Harry Kane be the top Champions League scorer?,23409.40002,2025-02-24 18:48:59.000000 UTC,2025-05-31 12:00:00.000000 UTC,1
Champions League: Dortmund vs Atletico Madrid,Will Dortmund win?,23383.218237,2024-04-12 23:32:42.000000 UTC,2024-04-16 12:00:00.000000 UTC,1
Champions League Final: Total Goals Scored,Will zero total goals be scored in regulation time?,23331.829925,2025-05-30 20:55:14.000000 UTC,2025-05-31 00:00:00.000000 UTC,1
Which teams will reach the Round of 16 of the UEFA Champions League?,Will Feyenoord advance to the Round of 16 in the 2024-25 UEFA Champions League?,23228.963958,2025-01-28 00:30:20.000000 UTC,2025-02-19 12:00:00.000000 UTC,1
Champions League: League Phase Winner,Will Juventus finish first in UCL league phase?,23090.397047,2025-09-17 20:22:09.000000 UTC,2025-12-31 00:00:00.000000 UTC,1
UEFA Champions League: Top Scorer,Will Jude Bellingham be the 2025/2026 top UCL goal scorer?,21852.002813,2025-09-17 18:44:45.000000 UTC,2026-05-30 00:00:00.000000 UTC,1
EPL: Team to qualify for UEFA Champions League,Will Nottingham Forest qualify for the League Phase of the 2026-27 UEFA Champions League?,21147.291004,2026-03-30 22:58:54.000000 UTC,2026-09-01 00:00:00.000000 UTC,0
Champions League: 2023-03-07,Will Benfica beat Club Brugge? (03/07/2023),21138.397258,2023-03-06 21:18:22.000000 UTC,2023-03-06 00:00:00.000000 UTC,1
Champions League: League Phase Winner,Will Real Madrid finish first in UCL league phase?,21070.761871,2025-09-17 20:22:07.000000 UTC,2025-12-31 00:00:00.000000 UTC,1
UEFA Champions League: Most Clean Sheets (GK),Will Thibaut Courtois record the most clean sheets in the 2025-26 UEFA Champions League?,20895.724480999983,2026-02-19 23:48:56.000000 UTC,2026-05-31 00:00:00.000000 UTC,1
Will Man City or PSG advance to the finals of the Champions League?,Will Man City or PSG advance to the finals of the Champions League?,20550.092092,2021-04-26 19:15:03.000000 UTC,2021-05-04 00:00:00.000000 UTC,1
Champions League Top Scorer,Will Florian Wirtz be the top Champions League scorer?,19786.218505,2025-02-24 18:49:04.000000 UTC,2025-05-31 12:00:00.000000 UTC,1
UEFA Champions League: Top Scorer,Will Raphinha be the 2025/2026 top UCL goal scorer?,19778.191348,2025-09-17 18:44:33.000000 UTC,2026-05-30 00:00:00.000000 UTC,1
Will Real Madrid or Chelsea advance to the Champions League final?,Will Real Madrid or Chelsea advance to the Champions League final?,19723.82926,2021-04-26 19:15:03.000000 UTC,2021-05-05 00:00:00.000000 UTC,1
Champions League: League Phase Winner,Will Liverpool finish first in UCL league phase?,19403.269208,2025-09-17 20:22:18.000000 UTC,2025-12-31 00:00:00.000000 UTC,1
UEFA Champions League: Home country of champion,Will a team from Spain be the 2026 Champions League winner?,19006.521515,2026-03-05 20:46:38.000000 UTC,2026-06-13 00:00:00.000000 UTC,0
UEFA Champions League: Home country of champion,Will a team from Portugal be the 2026 Champions League winner?,18832.533427999995,2026-03-05 20:46:40.000000 UTC,2026-06-13 00:00:00.000000 UTC,1
Champions League: Which teams advance to round of 16?,Will Liverpool advance to the round of 16?,18754.80892,2025-09-17 20:26:39.000000 UTC,2025-12-31 00:00:00.000000 UTC,1
Which teams will reach the Round of 16 of the UEFA Champions League?,Will Sporting CP advance to the Round of 16 in the 2024-25 UEFA Champions League?,18726.683898,2025-01-28 00:30:29.000000 UTC,2025-02-19 12:00:00.000000 UTC,1
UEFA Champions League: Top Scorer (Club),Will Barcelona score the most goals in 2025-26 UEFA Champions League?,18000.204735,2026-02-19 23:14:12.000000 UTC,2026-05-31 00:00:00.000000 UTC,1
Champions League Top Scorer,Will Jonathan David be the top Champions League scorer?,17951.917175,2025-02-24 18:49:04.000000 UTC,2025-05-31 12:00:00.000000 UTC,1
Which teams will reach the Round of 16 of the UEFA Champions League?,Will Club Brugge advance to the Round of 16 in the 2024-25 UEFA Champions League?,17816.387952,2025-01-28 00:30:27.000000 UTC,2025-02-19 12:00:00.000000 UTC,1
Which teams will reach the Round of 16 of the UEFA Champions League?,Will Dinamo Zagreb advance to the Round of 16 in the 2024-25 UEFA Champions League?,17474.702586,2025-01-28 00:30:31.000000 UTC,2025-02-19 12:00:00.000000 UTC,1
Champions League Top Scorer,Will Evangelos Pavlidis be the top Champions League scorer?,17358.181428,2025-02-24 18:49:03.000000 UTC,2025-05-31 12:00:00.000000 UTC,1
Champions League Final: Man of the Match,Will Ousmane Dembélé be named the Champions League Final man of the match?,17217.386686,2025-05-07 19:09:51.000000 UTC,2025-05-31 12:00:00.000000 UTC,1
UEFA Champions League: Most Player of the Match Awards,Will Fermín López record the most Player of the Match awards during the 2025 UEFA Champions League?,17152.395407000007,2026-02-19 22:06:09.000000 UTC,2026-05-31 00:00:00.000000 UTC,1
Champions League: Which teams advance to round of 16?,Will Arsenal advance to the round of 16?,17002.2271,2025-09-17 20:26:26.000000 UTC,2025-12-31 00:00:00.000000 UTC,1
Which teams will reach the Round of 16 of the UEFA Champions League?,Will Borussia Dortmund advance to the Round of 16 in the 2024-25 UEFA Champions League?,16899.694999,2025-01-28 00:30:23.000000 UTC,2025-02-19 12:00:00.000000 UTC,1
Which teams will reach the Round of 16 of the UEFA Champions League?,Will Celtic advance to the Round of 16 in the 2024-25 UEFA Champions League?,16836.858264,2025-01-28 00:30:26.000000 UTC,2025-02-19 12:00:00.000000 UTC,1
Champions League Top Scorer,Will Kylian Mbappe be the top Champions League scorer?,16822.50971,2025-02-24 18:48:58.000000 UTC,2025-05-31 12:00:00.000000 UTC,1
UEFA Champions League: Most Player of the Match Awards,Will Alexis Mac Allister record the most Player of the Match awards during the 2025 UEFA Champions League?,15779.325145999996,2026-02-19 22:06:11.000000 UTC,2026-05-31 00:00:00.000000 UTC,1
Which teams will reach the Round of 16 of the UEFA Champions League?,Will PSV Eindhoven advance to the Round of 16 in the 2024-25 UEFA Champions League?,15747.768937,2025-01-28 00:30:27.000000 UTC,2025-02-19 12:00:00.000000 UTC,1
Which EPL team will qualify for the 2025-26 Champions League?,Will Arsenal qualify for the 2025–26 UEFA Champions League?,14871.145573,2025-05-05 23:18:00.000000 UTC,2025-05-25 12:00:00.000000 UTC,1
Will Atletico Madrid or Liverpool win their Champions League match on October 19th?,Will Atletico Madrid or Liverpool win their Champions League match on October 19th?,14681.721285,2021-10-19 16:55:03.000000 UTC,2021-10-18 00:00:00.000000 UTC,1
UEFA Champions League: Most Player of the Match Awards,Will Harry Kane record the most Player of the Match awards during the 2025 UEFA Champions League?,14654.403269999995,2026-02-19 22:06:00.000000 UTC,2026-05-31 00:00:00.000000 UTC,0
Who will win the ‘21-22 UEFA Champions League?,Will Real Madrid win the 2021-22 UEFA Champions League?,14389.203667,2022-04-14 22:41:20.000000 UTC,2022-05-28 00:00:00.000000 UTC,1
UEFA Champions League: Team to reach final,Will Barcelona reach the UEFA Champions League final?,14329.222779999998,2026-03-05 19:46:17.000000 UTC,2026-05-07 00:00:00.000000 UTC,1
Champions League Top Scorer,Will Antoine Griezmann be the top Champions League scorer?,14281.669025,2025-02-24 18:49:06.000000 UTC,2025-05-31 12:00:00.000000 UTC,1
Which teams will reach the Round of 16 of the UEFA Champions League?,Will Atalanta advance to the Round of 16 in the 2024-25 UEFA Champions League?,14255.863069,2025-01-28 00:30:18.000000 UTC,2025-02-19 12:00:00.000000 UTC,1
Which teams will reach the Round of 16 of the UEFA Champions League?,Will AC Milan advance to the Round of 16 in the 2024-25 UEFA Champions League?,14056.522185,2025-01-28 00:30:17.000000 UTC,2025-02-19 12:00:00.000000 UTC,1
UEFA Champions League: Home country of champion,Will a team from England be the 2026 Champions League winner?,13866.340863999996,2026-03-05 20:46:37.000000 UTC,2026-06-13 00:00:00.000000 UTC,0
Champions League Winner,Will PSV win the 2023-24 Champions League?,13843.834584,2024-01-30 18:52:12.000000 UTC,2024-05-30 00:00:00.000000 UTC,1
Champions League Top Scorer,Will Julian Alvarez be the top Champions League scorer?,12963.879119,2025-02-24 18:49:08.000000 UTC,2025-05-31 12:00:00.000000 UTC,1
Champions League Final: Total Goals Scored,Will one total goal be scored in regulation time?,12811.006937,2025-05-30 19:33:10.000000 UTC,2025-05-31 00:00:00.000000 UTC,1
Champions League: League Phase Winner,Will Atlético Madrid finish first in UCL league phase?,12629.194288,2025-09-17 20:22:12.000000 UTC,2025-12-31 00:00:00.000000 UTC,1
Champions League: 2023-03-07,Will Chelsea beat Dortmund? (03/07/2023),12392.905474,2023-03-06 21:18:22.000000 UTC,2023-03-06 00:00:00.000000 UTC,1
Which teams will reach the Round of 16 of the UEFA Champions League?,Will Shakhtar Donetsk advance to the Round of 16 in the 2024-25 UEFA Champions League?,12383.573329,2025-01-28 00:30:31.000000 UTC,2025-02-19 12:00:00.000000 UTC,1
EPL: Team to qualify for UEFA Champions League,Will Liverpool qualify for the League Phase of the 2026-27 UEFA Champions League?,12329.571524,2026-03-30 22:58:53.000000 UTC,2026-09-01 00:00:00.000000 UTC,0
Champions League Top Scorer,Will Mohamed Salah be the top Champions League scorer?,11922.519132,2025-02-24 18:49:07.000000 UTC,2025-05-31 12:00:00.000000 UTC,1
Champions League: League Phase Winner,Will Atalanta finish first in UCL league phase?,11845.838005,2025-09-17 20:22:12.000000 UTC,2025-12-31 00:00:00.000000 UTC,1
UEFA Champions League: Top Scorer,Will Evangelos Pavlidis be the 2025/2026 top UCL goal scorer?,11680.417433,2025-09-17 18:44:41.000000 UTC,2026-05-30 00:00:00.000000 UTC,1
Champions League Top Scorer,Will Cody Gakpo be the top Champions League scorer?,11524.1233,2025-02-24 18:49:09.000000 UTC,2025-05-31 12:00:00.000000 UTC,1
UEFA Champions League: Most Player of the Match Awards,Will Serhou Guirassy record the most Player of the Match awards during the 2025 UEFA Champions League?,11213.6,2026-02-19 22:06:04.000000 UTC,2026-05-31 00:00:00.000000 UTC,1
Which teams will reach the Round of 16 of the UEFA Champions League?,Will Juventus advance to the Round of 16 in the 2024-25 UEFA Champions League?,11105.819213,2025-01-28 00:30:26.000000 UTC,2025-02-19 12:00:00.000000 UTC,1
Which teams will reach the Round of 16 of the UEFA Champions League?,Will AS Monaco advance to the Round of 16 in the 2024-25 UEFA Champions League?,10747.137359,2025-01-28 00:30:20.000000 UTC,2025-02-19 12:00:00.000000 UTC,1
Champions League Top Scorer,Will Jose Vinicius Junior be the top Champions League scorer?,10724.828617,2025-02-24 18:49:01.000000 UTC,2025-05-31 12:00:00.000000 UTC,1
UEFA Champions League: Home country of champion,Will a team from Germany be the 2026 Champions League winner?,10539.30279,2026-03-05 20:46:39.000000 UTC,2026-06-13 00:00:00.000000 UTC,0
EPL: Team to qualify for UEFA Champions League,Will Chelsea qualify for the League Phase of the 2026-27 UEFA Champions League?,10439.205387000002,2026-03-30 22:58:51.000000 UTC,2026-09-01 00:00:00.000000 UTC,0
Champions League Final: Exact Score ,Will PSG win 3-0?,10355.292956,2025-05-30 21:53:50.000000 UTC,2025-05-31 00:00:00.000000 UTC,1
Champions League Final: Total Goals Scored,Will three total goals be scored in regulation time?,10158.503656,2025-05-30 19:33:11.000000 UTC,2025-05-31 00:00:00.000000 UTC,1
Champions League: League Phase Winner,Will Marseille finish first in UCL league phase?,9995.362554,2025-09-17 20:22:22.000000 UTC,2025-12-31 00:00:00.000000 UTC,1
UEFA Champions League: Team to reach final,Will Sporting CP reach the UEFA Champions League final?,9907.1153490000015,2026-03-05 19:46:18.000000 UTC,2026-05-07 00:00:00.000000 UTC,1
Champions League Winner,Will RB Leipzig win the 2023-24 Champions League?,9896.283809,2024-01-30 18:52:12.000000 UTC,2024-05-30 00:00:00.000000 UTC,1
Champions League: Man City vs Real Madrid,Champions League: Man City vs Real Madrid,9824.992802,2024-04-08 21:51:01.000000 UTC,2024-04-17 12:00:00.000000 UTC,1
Champions League: League Phase Winner,Will Napoli finish first in UCL league phase?,9535.022451,2025-09-17 20:22:19.000000 UTC,2025-12-31 00:00:00.000000 UTC,1
Champions League: Which teams advance to round of 16?,Will Marseille advance to the round of 16?,9220.634915,2025-09-17 20:26:43.000000 UTC,2025-12-31 00:00:00.000000 UTC,1
Will Juventus or Chelsea win their Champions League match on September 29?,Will Juventus or Chelsea win their Champions League match on September 29?,8873.444455,2021-09-21 16:22:52.000000 UTC,2021-09-29 00:00:00.000000 UTC,1
UEFA Champions League: Team to reach final,Will Real Madrid reach the UEFA Champions League final?,8824.7377850000012,2026-03-05 19:46:19.000000 UTC,2026-05-07 00:00:00.000000 UTC,1
Champions League Final: Goal Scorers,Will Désiré Doué score a goal in the 2025 Champions League Final?,8240.680582,2025-05-21 06:30:04.000000 UTC,2025-05-31 12:00:00.000000 UTC,1
Will Juventus or Zenit St. Petersburg win their Champions League match on October 20th?,Will Juventus or Zenit St. Petersburg win their Champions League match on October 20th?,8176.041199,2021-10-19 16:40:32.000000 UTC,2021-10-20 00:00:00.000000 UTC,1
Champions League Final: Total Goals Scored,Will six total goals be scored in regulation time?,8065.487803,2025-05-30 19:33:12.000000 UTC,2025-05-31 00:00:00.000000 UTC,1
UEFA Champions League: Will there be 3 or more goals in the Liverpool v. Atletico game on November 3?,UEFA Champions League: Will there be 3 or more goals in the Liverpool v. Atletico game on November 3?,7847.131865,2021-11-03 14:51:34.000000 UTC,2021-11-03 00:00:00.000000 UTC,1
Which EPL team will qualify for the 2025-26 Champions League?,Will Man City qualify for the 2025–26 UEFA Champions League?,7597.536081,2025-05-05 23:18:01.000000 UTC,2025-05-25 12:00:00.000000 UTC,1
UEFA Champions League: Home country of champion,Will a team from Norway be the 2026 Champions League winner?,7443.2742140000009,2026-03-05 20:46:42.000000 UTC,2026-06-13 00:00:00.000000 UTC,1
EPL: Team to qualify for UEFA Champions League,Will Crystal Palace qualify for the League Phase of the 2026-27 UEFA Champions League?,7426.21,2026-03-30 22:58:52.000000 UTC,2026-09-01 00:00:00.000000 UTC,1
Champions League: League Phase Winner,Will Benfica finish first in UCL league phase?,7383.452664,2025-09-17 20:22:21.000000 UTC,2025-12-31 00:00:00.000000 UTC,1
EPL: Team to qualify for UEFA Champions League,Will Everton qualify for the League Phase of the 2026-27 UEFA Champions League?,7315.092214,2026-03-30 22:58:52.000000 UTC,2026-09-01 00:00:00.000000 UTC,0
Will Real Madrid or Inter Milan win their Champions League match on September 15?,Will Real Madrid or Inter Milan win their Champions League match on September 15?,7232.437594,2021-09-13 17:30:01.000000 UTC,2021-09-15 00:00:00.000000 UTC,1
Champions League: Which teams advance to round of 16?,Will PSV Eindhoven advance to the round of 16?,7169.723286,2025-09-17 20:26:44.000000 UTC,2025-12-31 00:00:00.000000 UTC,1
UEFA Champions League: Top Scorer,Will Marcos Rashford be the 2025/2026 top UCL goal scorer?,7159.4021719999992,2025-09-17 18:44:44.000000 UTC,2026-05-30 00:00:00.000000 UTC,1
Champions League: League Phase Winner,Will Ajax finish first in UCL league phase?,7151.758832,2025-09-17 20:22:11.000000 UTC,2025-12-31 00:00:00.000000 UTC,1
Champions League: Which teams advance to round of 16?,Will Tottenham Hotspur advance to the round of 16?,7025.035231,2025-09-17 20:26:28.000000 UTC,2025-12-31 00:00:00.000000 UTC,1
UEFA Champions League: Top Scorer,Will Liam Delap be the 2025/2026 top UCL goal scorer?,6994.426,2025-09-17 18:44:43.000000 UTC,2026-05-30 00:00:00.000000 UTC,1
Champions League Final: Total Goals Scored,Will seven total goals be scored in regulation time?,6922.733375,2025-05-30 19:33:13.000000 UTC,2025-05-31 00:00:00.000000 UTC,1
UEFA Champions League: Most Assists,Will Hans Vanaken record the most assists in the 2025-26 UEFA Champions League?,6889.631577,2026-02-20 00:51:31.000000 UTC,2026-05-31 00:00:00.000000 UTC,1
UEFA Champions League: Most Player of the Match Awards,Will Gelson Martins record the most Player of the Match awards during the 2025 UEFA Champions League?,6716.9754,2026-02-19 22:06:10.000000 UTC,2026-05-31 00:00:00.000000 UTC,1
Which EPL team will qualify for the 2025-26 Champions League?,Will Nottingham Forest qualify for the 2025–26 UEFA Champions League?,6671.455237,2025-05-05 23:18:02.000000 UTC,2025-05-25 12:00:00.000000 UTC,1
Champions League Final: Total Goals Scored,Will four total goals be scored in regulation time?,6567.786192,2025-05-30 19:33:11.000000 UTC,2025-05-31 00:00:00.000000 UTC,1
Champions League Final: Total Goals Scored,Will two total goals be scored in regulation time?,6541.916146,2025-05-30 19:33:10.000000 UTC,2025-05-31 00:00:00.000000 UTC,1
Champions League: League Phase Winner,Will Sporting CP finish first in UCL league phase?,6491.88874,2025-09-17 20:22:21.000000 UTC,2025-12-31 00:00:00.000000 UTC,1
Champions League Final: Total Goals Scored,Will eight or more total goals be scored in regulation time?,6427.04623,2025-05-30 21:17:14.000000 UTC,2025-05-31 00:00:00.000000 UTC,1
UEFA Champions League: Will Manchester Utd or Atletico qualify to the quarterfinals?,UEFA Champions League: Will Manchester Utd or Atletico qualify to the quarterfinals?,6381.865092,2022-02-23 18:30:03.000000 UTC,2022-03-15 00:00:00.000000 UTC,1
Champions League: League Phase Winner,Will Eintracht Frankfurt finish first in UCL league phase?,6331.6745,2025-09-17 20:22:16.000000 UTC,2025-12-31 00:00:00.000000 UTC,1
UEFA Champions League: Home country of champion,Will a team from France be the 2026 Champions League winner?,6131.4644270000008,2026-03-05 20:46:40.000000 UTC,2026-06-13 00:00:00.000000 UTC,0
Champions League: League Phase Winner,Will Copenhagen finish first in UCL league phase?,6129.4485,2025-09-17 20:22:15.000000 UTC,2025-12-31 00:00:00.000000 UTC,1
Champions League: Dortmund vs Atletico Madrid,Will Atletico Madrid win?,6091.646579,2024-04-12 23:35:15.000000 UTC,2024-04-16 12:00:00.000000 UTC,1
Champions League: League Phase Winner,Will Union Saint-Gilloise finish first in UCL league phase?,6006.870388,2025-09-17 20:22:05.000000 UTC,2025-12-31 00:00:00.000000 UTC,1
UEFA Champions League: Who will win the Villareal CF v. Manchester United game on November 23?,UEFA Champions League: Who will win the Villareal CF v. Manchester United game on November 23?,5877.38603,2021-11-22 15:20:56.000000 UTC,2021-11-23 00:00:00.000000 UTC,1
UEFA Champions League: Top Scorer,Will Jonathan David be the 2025/2026 top UCL goal scorer?,5679.563,2025-09-17 18:44:37.000000 UTC,2026-05-30 00:00:00.000000 UTC,1
Champions League: Which teams advance to round of 16?,Will Union Saint-Gilloise advance to the round of 16?,5493.162073,2025-09-17 20:26:26.000000 UTC,2025-12-31 00:00:00.000000 UTC,1
Champions League: Which teams advance to round of 16?,Will Sporting CP advance to the round of 16?,5438.025844,2025-09-17 20:26:42.000000 UTC,2025-12-31 00:00:00.000000 UTC,1
Champions League Final: Total Goals Scored,Will five total goals be scored in regulation time?,5307.97089,2025-05-30 19:33:12.000000 UTC,2025-05-31 00:00:00.000000 UTC,1
Champions League Final: Goal Scorers,Will Khvicha Kvaratskhelia score a goal in the 2025 Champions League Final?,5259.898649,2025-05-21 06:30:05.000000 UTC,2025-05-31 12:00:00.000000 UTC,1
Champions League: League Phase Winner,Will Kairat finish first in UCL league phase?,5191.151666,2025-09-17 20:22:17.000000 UTC,2025-12-31 00:00:00.000000 UTC,1
UEFA Champions League: Top Scorer,Will Lautaro Martinez be the 2025/2026 top UCL goal scorer?,5136.194076,2025-09-17 18:44:37.000000 UTC,2026-05-30 00:00:00.000000 UTC,1
UEFA Champions League: Team to reach final,Will Liverpool reach the UEFA Champions League final?,4949.794036,2026-03-05 19:46:16.000000 UTC,2026-05-07 00:00:00.000000 UTC,1
Champions League: League Phase Winner,Will Monaco finish first in UCL league phase?,4908.7065,2025-09-17 20:22:19.000000 UTC,2025-12-31 00:00:00.000000 UTC,1
Champions League: Which teams advance to round of 16?,Will Barcelona advance to the round of 16?,4882.129968,2025-09-17 20:26:34.000000 UTC,2025-12-31 00:00:00.000000 UTC,1
Champions League Final: Man of the Match,Will Alessandro Bastoni be named the Champions League Final man of the match?,4874.096143,2025-05-07 19:09:49.000000 UTC,2025-05-31 12:00:00.000000 UTC,1
Champions League: League Phase Winner,Will Pafos finish first in UCL league phase?,4839.034,2025-09-17 20:22:11.000000 UTC,2025-12-31 00:00:00.000000 UTC,1
Which teams will reach the Round of 16 of the UEFA Champions League?,Will Benfica advance to the Round of 16 in the 2024-25 UEFA Champions League?,4808.244024,2025-01-28 00:30:28.000000 UTC,2025-02-19 12:00:00.000000 UTC,1
Which teams will reach the Round of 16 of the UEFA Champions League?,Will Aston Villa advance to the Round of 16 in the 2024-25 UEFA Champions League?,4786.793332,2025-01-28 00:30:19.000000 UTC,2025-02-19 12:00:00.000000 UTC,1
Champions League: League Phase Winner,Will Athletic Bilbao finish first in UCL league phase?,4737.199666,2025-09-17 20:22:23.000000 UTC,2025-12-31 00:00:00.000000 UTC,1
UEFA Champions League: Most Player of the Match Awards,Will Marcus Thuram record the most Player of the Match awards during the 2025 UEFA Champions League?,4586.60785,2026-02-19 22:06:02.000000 UTC,2026-05-31 00:00:00.000000 UTC,1
UEFA Champions League: Unbeaten Champion,UEFA Champions League: Unbeaten Champion,4585.8913280000015,2026-02-19 21:40:31.000000 UTC,2026-05-31 00:00:00.000000 UTC,0
Champions League: League Phase Winner,Will Bayer Leverkusen finish first in UCL league phase?,4327.7167,2025-09-17 20:22:13.000000 UTC,2025-12-31 00:00:00.000000 UTC,1
Which EPL team will qualify for the 2025-26 Champions League?,Will Chelsea qualify for the 2025–26 UEFA Champions League?,4308.160757,2025-05-05 23:18:01.000000 UTC,2025-05-25 12:00:00.000000 UTC,1
Champions League: League Phase Winner,Will PSV Eindhoven finish first in UCL league phase?,4190.043342,2025-09-17 20:22:22.000000 UTC,2025-12-31 00:00:00.000000 UTC,1
Champions League Final: Goal Scorers,Will Achraf Hakimi score a goal in the 2025 Champions League Final?,4175.061612,2025-05-21 06:30:09.000000 UTC,2025-05-31 12:00:00.000000 UTC,1
Champions League: League Phase Winner,Will Club Brugge finish first in UCL league phase?,4128.9405,2025-09-17 20:22:15.000000 UTC,2025-12-31 00:00:00.000000 UTC,1
Champions League: Which teams advance to round of 16?,Will Copenhagen advance to the round of 16?,3977.553194,2025-09-17 20:26:37.000000 UTC,2025-12-31 00:00:00.000000 UTC,1
Which EPL team will qualify for the 2025-26 Champions League?,Will Newcastle qualify for the 2025–26 UEFA Champions League?,3852.45953,2025-05-05 23:18:01.000000 UTC,2025-05-25 12:00:00.000000 UTC,1
Champions League: 2023-03-08,Will Bayern beat PSG? (03/08/2023),3814.548761,2023-03-06 21:25:45.000000 UTC,2023-03-07 00:00:00.000000 UTC,1
Champions League Final: Man of the Match,Will Federico Dimarco be named the Champions League Final man of the match?,3767.490174,2025-05-07 19:09:47.000000 UTC,2025-05-31 12:00:00.000000 UTC,1
Champions League: Dortmund vs Atletico Madrid,Will Borussia Dortmund vs Atlético Madrid be a draw?,3764.571427,2024-04-12 23:37:55.000000 UTC,2024-04-16 12:00:00.000000 UTC,1
UEFA Champions League: Most Goal Contributions,Will Vitinha have the most goal contributions in the 2025-26 Champions League?,3746.18,2026-02-20 01:07:48.000000 UTC,2026-05-31 00:00:00.000000 UTC,0
Champions League: League Phase Winner,Will Bodø/Glimt finish first in UCL league phase?,3706.9025,2025-09-17 20:22:09.000000 UTC,2025-12-31 00:00:00.000000 UTC,1
Champions League Final: Exact Score ,Will PSG win 2-1?,3686.495117,2025-05-30 21:53:49.000000 UTC,2025-05-31 00:00:00.000000 UTC,1
Will Barcelona or Bayern Munich win their Champions League match on September 14?,Will Barcelona or Bayern Munich win their Champions League match on September 14?,3568.846855,2021-09-13 17:16:01.000000 UTC,2021-09-14 00:00:00.000000 UTC,1
Who will win the ‘21-22 UEFA Champions League?,Will Manchester City win the 2021-22 UEFA Champions League?,3563.255863,2022-01-11 01:11:40.000000 UTC,2022-05-28 00:00:00.000000 UTC,1
UEFA Champions League: Most Red Cards,Will Konrad Laimer record the most red cards in 2025-26 UEFA Champions League?,3514.8098399999994,2026-02-20 00:32:04.000000 UTC,2026-05-31 00:00:00.000000 UTC,0
UEFA Champions League: Top Scorer,Will Serhou Guirassy be the 2025/2026 top UCL goal scorer?,3401.676085,2025-09-17 18:44:34.000000 UTC,2026-05-30 00:00:00.000000 UTC,1
Champions League: Which teams advance to round of 16?,Will Ajax advance to the round of 16?,3351.059304,2025-09-17 20:26:32.000000 UTC,2025-12-31 00:00:00.000000 UTC,1
Champions League Final: Exact Score ,Will Inter Milan win 3-1?,3324.085452,2025-05-30 21:53:51.000000 UTC,2025-05-31 00:00:00.000000 UTC,1
Which teams will reach the Round of 16 of the UEFA Champions League?,Will Inter Milan advance to the Round of 16 in the 2024-25 UEFA Champions League?,3309.957634,2025-01-28 00:30:15.000000 UTC,2025-02-19 12:00:00.000000 UTC,1
Which teams will reach the Round of 16 of the UEFA Champions League?,Will Atletico Madrid advance to the Round of 16 in the 2024-25 UEFA Champions League?,3305.26,2025-01-28 00:30:16.000000 UTC,2025-02-19 12:00:00.000000 UTC,1
Which EPL team will qualify for the 2025-26 Champions League?,Will Liverpool qualify for the 2025–26 UEFA Champions League?,3281.799337,2025-05-05 23:18:00.000000 UTC,2025-05-25 12:00:00.000000 UTC,1
Champions League: League Phase Winner,Will Villarreal finish first in UCL league phase?,3262.4295,2025-09-17 20:22:22.000000 UTC,2025-12-31 00:00:00.000000 UTC,1
UEFA Champions League: Most Cards,Will Konrad Laimer record the most cards in 2025-26 UEFA Champions League?,3208.9500000000003,2026-02-20 00:11:22.000000 UTC,2026-05-31 00:00:00.000000 UTC,0
Champions League Winner,Will Real Madrid win the 2023 Champions League?,3172.551767,2023-02-24 08:52:44.000000 UTC,2023-06-08 00:00:00.000000 UTC,1
Champions League: League Phase Winner,Will Slavia Prague finish first in UCL league phase?,3156.8325,2025-09-17 20:22:10.000000 UTC,2025-12-31 00:00:00.000000 UTC,1
Champions League: Barcelona vs PSG,Will Barcelona win? ,3086.307813,2024-04-13 00:02:51.000000 UTC,2024-04-16 12:00:00.000000 UTC,1
Champions League Final: Goal Scorers,Will Lautaro Martínez score a goal in the 2025 Champions League Final?,3065.9584,2025-05-21 06:30:10.000000 UTC,2025-05-31 12:00:00.000000 UTC,1
Champions League: Which teams advance to round of 16?,Will Villarreal advance to the round of 16?,2965.560659,2025-09-17 20:26:44.000000 UTC,2025-12-31 00:00:00.000000 UTC,1
UEFA Champions League: Most Player of the Match Awards,Will Charles De Ketelaere record the most Player of the Match awards during the 2025 UEFA Champions League?,2950.7,2026-02-19 22:06:07.000000 UTC,2026-05-31 00:00:00.000000 UTC,1
Champions League Final: Exact Score ,Will Inter Milan win 2-1?,2908.746634,2025-05-30 21:53:49.000000 UTC,2025-05-31 00:00:00.000000 UTC,1
Champions League Final: Exact Score ,Will Inter Milan win 1-0?,2889.687237,2025-05-30 21:53:47.000000 UTC,2025-05-31 00:00:00.000000 UTC,1
UEFA Champions League: Top Scorer,Will Duscan Vlahovic be the 2025/2026 top UCL goal scorer?,2870.2683,2025-09-17 18:44:36.000000 UTC,2026-05-30 00:00:00.000000 UTC,1
Champions League: League Phase Winner,Will Olympiacos finish first in UCL league phase?,2808.916,2025-09-17 20:22:10.000000 UTC,2025-12-31 00:00:00.000000 UTC,1
Champions League: Which teams advance to round of 16?,Will Manchester City advance to the round of 16?,2802.324773,2025-09-17 20:26:40.000000 UTC,2025-12-31 00:00:00.000000 UTC,1
Champions League Final: Goal Scorers,Will Bradley Barcola score a goal in the 2025 Champions League Final?,2766.822565,2025-05-21 06:30:06.000000 UTC,2025-05-31 12:00:00.000000 UTC,1
Champions League Final: Man of the Match,Will Vitinha be named the Champions League Final man of the match?,2766.552055,2025-05-07 19:09:53.000000 UTC,2025-05-31 12:00:00.000000 UTC,1
Champions League Final: Exact Score ,Will PSG win 6-5?,2673.85,2025-05-30 21:54:06.000000 UTC,2025-05-31 00:00:00.000000 UTC,1
Champions League Final: Man of the Match,Will Marcus Thuram be named the Champions League Final man of the match?,2651.617072,2025-05-07 19:09:46.000000 UTC,2025-05-31 12:00:00.000000 UTC,1
Champions League Final: Man of the Match,Will Denzel Dumfries be named the Champions League Final man of the match?,2628.420124,2025-05-07 19:09:48.000000 UTC,2025-05-31 12:00:00.000000 UTC,1
Champions League (02/21/2023),Will Napoli beat Frankfurt? (02/21/2023),2616.048098,2023-02-14 21:38:39.000000 UTC,2023-02-20 00:00:00.000000 UTC,1
Champions League Final: Man of the Match,Will Hakan Çalhanoğlu be named the Champions League Final man of the match?,2575.30098,2025-05-07 19:09:48.000000 UTC,2025-05-31 12:00:00.000000 UTC,1
Champions League Final: Man of the Match,Will Gianluigi Donnarumma be named the Champions League Final man of the match?,2535.378109,2025-05-07 19:09:52.000000 UTC,2025-05-31 12:00:00.000000 UTC,1
Will PSG or Bayern win the second leg of their Champions League quarter-final draw?,Will PSG or Bayern win the second leg of their Champions League quarter-final draw?,2453.091509,2021-04-12 19:55:01.000000 UTC,2021-04-13 00:00:00.000000 UTC,1
UEFA Champions League: Most Goal Contributions,Will Serhou Guirassy have the most goal contributions in the 2025-26 Champions League?,2395.93,2026-02-20 01:07:47.000000 UTC,2026-05-31 00:00:00.000000 UTC,1
Champions League Final: Man of the Match,Will Nuno Mendes be named the Champions League Final man of the match?,2392.130948,2025-05-07 19:09:54.000000 UTC,2025-05-31 12:00:00.000000 UTC,1
Champions League Final: Man of the Match,Will Davide Frattesi be named the Champions League Final man of the match?,2381.615632,2025-05-07 19:09:49.000000 UTC,2025-05-31 12:00:00.000000 UTC,1
Champions League Final: Man of the Match,Will Yann Sommer be named the Champions League Final man of the match?,2380.531444,2025-05-07 19:09:50.000000 UTC,2025-05-31 12:00:00.000000 UTC,1
LaLiga: Team to qualify for UEFA Champions League,Will Villarreal qualify for the League Phase of the 2026-27 UEFA Champions League?,2333.933403,2026-04-02 20:30:15.000000 UTC,2026-09-01 00:00:00.000000 UTC,1
Champions League Final: Man of the Match,Will Lautaro Martínez be named the Champions League Final Man of the Match?,2230.726493,2025-05-07 19:09:46.000000 UTC,2025-05-31 12:00:00.000000 UTC,1
Champions League: Barcelona vs PSG,Will Barcelona vs PSG be a draw?,2226.368532,2024-04-13 00:04:25.000000 UTC,2024-04-16 12:00:00.000000 UTC,1
UEFA Champions League: Most Yellow Cards,Will Declan Rice record the most yellow cards in 2025-26 UEFA Champions League?,2186.2468229999995,2026-02-20 00:41:09.000000 UTC,2026-05-31 00:00:00.000000 UTC,0
Champions League Final: Exact Score ,Will PSG win 1-0?,2079.802385,2025-05-30 21:53:47.000000 UTC,2025-05-31 00:00:00.000000 UTC,1
Champions League Final: Red card issued?,Champions League Final: Red card issued?,2055.006584,2025-05-30 19:56:36.000000 UTC,2025-05-31 00:00:00.000000 UTC,1
Which teams will reach the Round of 16 of the UEFA Champions League?,Will Bayer Leverkusen advance to the Round of 16 in the 2024-25 UEFA Champions League?,2042.459016,2025-01-28 00:30:19.000000 UTC,2025-02-19 12:00:00.000000 UTC,1
Champions League: Which teams advance to round of 16?,Will Bayern Munich advance to the round of 16?,2021.249214,2025-09-17 20:26:36.000000 UTC,2025-12-31 00:00:00.000000 UTC,1
Will Dortmund or Man City win the second leg of their Champions League quarter-final draw?,Will Dortmund or Man City win the second leg of their Champions League quarter-final draw?,2007.673653,2021-04-12 19:55:02.000000 UTC,2021-04-14 00:00:00.000000 UTC,1
Champions League Final: Man of the Match,Will Francesco Acerbi be named the Champions League Final man of the match?,2004.646559,2025-05-07 19:09:51.000000 UTC,2025-05-31 12:00:00.000000 UTC,1
Champions League Final: Exact Score ,Will Inter Milan win 2-0?,1997.546665,2025-05-30 21:53:48.000000 UTC,2025-05-31 00:00:00.000000 UTC,1
Champions League Final: Goal Scorers,Will Marcus Thuram score a goal in the 2025 Champions League Final?,1965.954206,2025-05-21 06:30:10.000000 UTC,2025-05-31 12:00:00.000000 UTC,1
Champions League Final: Exact Score ,Will Inter Milan win 5-0?,1927.84357,2025-05-30 21:53:57.000000 UTC,2025-05-31 00:00:00.000000 UTC,1
UEFA Champions League: Most Assists,Will Arda Güler record the most assists in the 2025-26 UEFA Champions League?,1873.145446,2026-02-20 00:51:20.000000 UTC,2026-05-31 00:00:00.000000 UTC,1
Primeira Liga: Team to qualify for UEFA Champions League,Will Porto qualify for the League Phase of the 2026-27 UEFA Champions League?,1860.627,2026-04-02 22:35:56.000000 UTC,2026-06-01 00:00:00.000000 UTC,1
UEFA Champions League: Most Red Cards,Will Lamine Yamal record the most red cards in 2025-26 UEFA Champions League?,1797.1451,2026-02-20 00:32:00.000000 UTC,2026-05-31 00:00:00.000000 UTC,1
EPL: Team to qualify for UEFA Champions League,Will Aston Villa qualify for the League Phase of the 2026-27 UEFA Champions League?,1795.0505409999998,2026-03-30 22:58:50.000000 UTC,2026-09-01 00:00:00.000000 UTC,0
Will Chelsea or Porto win the second leg of their Champions League quarter-final draw?,Will Chelsea or Porto win the second leg of their Champions League quarter-final draw?,1778.038545,2021-04-12 19:50:01.000000 UTC,2021-04-13 00:00:00.000000 UTC,1
Will Liverpool or Real Madrid advance to the semi-final of the Champions League?,Will Liverpool or Real Madrid advance to the semi-final of the Champions League?,1770.654827,2021-04-12 20:30:02.000000 UTC,2021-04-14 00:00:00.000000 UTC,1
UEFA Champions League: Top Scorer (Club),Will Sporting CP score the most goals in 2025-26 UEFA Champions League?,1755.743,2026-02-19 23:14:13.000000 UTC,2026-05-31 00:00:00.000000 UTC,1
UEFA Champions League: Which group E team will qualify to the knockout phase?,UEFA Champions League: Which group E team will qualify to the knockout phase?,1749.516096,2021-12-07 11:34:18.000000 UTC,2021-12-08 00:00:00.000000 UTC,1
Champions League: Which teams advance to round of 16?,Will Pafos advance to the round of 16?,1731.520435,2025-09-17 20:26:31.000000 UTC,2025-12-31 00:00:00.000000 UTC,1
Who will win the ‘21-22 UEFA Champions League?,Will Bayern Munich win the 2021-22 UEFA Champions League?,1714.386166,2022-01-11 01:12:32.000000 UTC,2022-05-28 00:00:00.000000 UTC,1
Champions League Final: Man of the Match,Will Lee Kang-in be named the Champions League Final man of the match?,1668.637782,2025-05-07 19:09:55.000000 UTC,2025-05-31 12:00:00.000000 UTC,1
Champions League Final: Man of the Match,Will Achraf Hakimi be named the Champions League Final man of the match?,1652.607859,2025-05-07 19:09:52.000000 UTC,2025-05-31 12:00:00.000000 UTC,1
Champions League Final: Goal Scorers,Will Federico Dimarco score a goal in the 2025 Champions League Final?,1643.747494,2025-05-21 06:30:14.000000 UTC,2025-05-31 12:00:00.000000 UTC,1
Champions League Final: Exact Score ,Will Inter Milan win 5-3?,1635.0,2025-05-30 21:53:59.000000 UTC,2025-05-31 00:00:00.000000 UTC,1
Champions League Final: Exact Score ,Will Inter Milan win 5-4?,1635.0,2025-05-30 21:54:00.000000 UTC,2025-05-31 00:00:00.000000 UTC,1
Champions League: Which teams advance to round of 16?,Will Slavia Prague advance to the round of 16?,1596.185603,2025-09-17 20:26:29.000000 UTC,2025-12-31 00:00:00.000000 UTC,1
UEFA Champions League: Most Player of the Match Awards,Will Marc Cucurella record the most Player of the Match awards during the 2025 UEFA Champions League?,1590.8529,2026-02-19 22:06:05.000000 UTC,2026-05-31 00:00:00.000000 UTC,1
Champions League Final: Goal Scorers,Will Denzel Dumfries score a goal in the 2025 Champions League Final?,1590.447158,2025-05-21 06:30:12.000000 UTC,2025-05-31 12:00:00.000000 UTC,1
Champions League: 2023-03-08,Will Tottenham beat Milan? (03/08/2023),1538.518435,2023-03-06 21:25:45.000000 UTC,2023-03-07 00:00:00.000000 UTC,1
Champions League Final: Man of the Match,Will Gonçalo Ramos be named the Champions League Final man of the match?,1531.983807,2025-05-07 19:09:54.000000 UTC,2025-05-31 12:00:00.000000 UTC,1
Champions League Final: Exact Score ,Will Inter Milan win 4-1?,1522.857141,2025-05-30 21:53:54.000000 UTC,2025-05-31 00:00:00.000000 UTC,1
Champions League Final: Exact Score ,Will Inter Milan win 4-0?,1507.85,2025-05-30 21:53:53.000000 UTC,2025-05-31 00:00:00.000000 UTC,1
UEFA Champions League: Most Goal Contributions,Will Dominik Szoboszlai have the most goal contributions in the 2025-26 Champions League?,1481.950255,2026-02-20 01:07:44.000000 UTC,2026-05-31 00:00:00.000000 UTC,1
Champions League: Which teams advance to round of 16?,Will Athletic Bilbao advance to the round of 16?,1479.719578,2025-09-17 20:26:45.000000 UTC,2025-12-31 00:00:00.000000 UTC,1
Champions League Final: Man of the Match,Will Marquinhos be named the Champions League Final man of the match?,1472.921972,2025-05-07 19:09:53.000000 UTC,2025-05-31 12:00:00.000000 UTC,1
UEFA Champions League: Which group B team will qualify to the knockout phase?,UEFA Champions League: Which group B team will qualify to the knockout phase?,1427.760486,2021-12-07 11:30:30.000000 UTC,2021-12-07 00:00:00.000000 UTC,1
Champions League (02/21/2023),Will Liverpool beat Real Madrid? (02/21/2023),1424.049388,2023-02-14 21:38:39.000000 UTC,2023-02-20 00:00:00.000000 UTC,1
UEFA Champions League: Most Goal Contributions,Will Fermin López have the most goal contributions in the 2025-26 Champions League?,1405.656142,2026-02-20 01:07:45.000000 UTC,2026-05-31 00:00:00.000000 UTC,1
Champions League: Which teams advance to round of 16?,Will Eintracht Frankfurt advance to the round of 16?,1394.230835,2025-09-17 20:26:37.000000 UTC,2025-12-31 00:00:00.000000 UTC,1
Champions League Final: Man of the Match,Will Nicolò Barella be named the Champions League Final man of the match?,1393.677423,2025-05-07 19:09:47.000000 UTC,2025-05-31 12:00:00.000000 UTC,1
Will Liverpool or Real Madrid win the second leg of their Champions League quarter-final draw?,Will Liverpool or Real Madrid win the second leg of their Champions League quarter-final draw?,1392.705805,2021-04-12 19:55:01.000000 UTC,2021-04-14 00:00:00.000000 UTC,1
Champions League Final: Exact Score ,Will PSG win 2-0?,1387.155855,2025-05-30 21:53:48.000000 UTC,2025-05-31 00:00:00.000000 UTC,1
UEFA Champions League: Most Assists,Will Lamine Yamal record the most assists in the 2025-26 UEFA Champions League?,1377.0283059999997,2026-02-20 00:51:27.000000 UTC,2026-05-31 00:00:00.000000 UTC,1
Champions League Final: Goal Scorers,Will Marko Arnautović score a goal in the 2025 Champions League Final?,1366.460975,2025-05-21 06:30:15.000000 UTC,2025-05-31 12:00:00.000000 UTC,1
T20 Brisbane Champions League: Melbourne Tuskers vs Genid Royals,T20 Brisbane Champions League: Melbourne Tuskers vs Genid Royals - Who wins the toss?,1350.7340000000002,2026-04-15 16:02:12.000000 UTC,2026-04-22 23:00:00.000000 UTC,1
Champions League Final: Exact Score ,Will PSG win 6-1?,1336.001,2025-05-30 21:54:02.000000 UTC,2025-05-31 00:00:00.000000 UTC,1
Champions League Final: Man of the Match,Will Bradley Barcola be named the Champions League Final man of the match?,1320.820145,2025-05-07 19:09:51.000000 UTC,2025-05-31 12:00:00.000000 UTC,1
EPL: Team to qualify for UEFA Champions League,Will Arsenal qualify for the League Phase of the 2026-27 UEFA Champions League?,1271.4006999999997,2026-03-30 22:58:50.000000 UTC,2026-09-01 00:00:00.000000 UTC,1
Bundesliga: Team to qualify for UEFA Champions League,Will Union Berlin qualify for the League Phase of the 2026-27 UEFA Champions League?,1259.776,2026-04-02 21:25:56.000000 UTC,2026-09-01 00:00:00.000000 UTC,1
UEFA Champions League: Most Goal Contributions,Will Marcus Rashford have the most goal contributions in the 2025-26 Champions League?,1255.2637659999998,2026-02-20 01:07:43.000000 UTC,2026-05-31 00:00:00.000000 UTC,1
Serie A: Team to qualify for UEFA Champions League,Will Udinese qualify for the League Phase of the 2026-27 UEFA Champions League?,1242.22646,2026-04-02 21:59:02.000000 UTC,2026-09-01 00:00:00.000000 UTC,1
UEFA Champions League: Most Goal Contributions,Will Harry Kane have the most goal contributions in the 2025-26 Champions League?,1184.6091170000004,2026-02-20 01:07:43.000000 UTC,2026-05-31 00:00:00.000000 UTC,0
UEFA Champions League: Most Goal Contributions,Will Michael Olise have the most goal contributions in the 2025-26 Champions League?,1179.6444070000002,2026-02-20 01:07:49.000000 UTC,2026-05-31 00:00:00.000000 UTC,0
Champions League Final: Exact Score ,Will PSG win 6-2?,1160.0,2025-05-30 21:54:02.000000 UTC,2025-05-31 00:00:00.000000 UTC,1
EPL: Team to qualify for UEFA Champions League,Will Sunderland qualify for the League Phase of the 2026-27 UEFA Champions League?,1152.201165,2026-03-30 22:58:53.000000 UTC,2026-09-01 00:00:00.000000 UTC,1
Champions League Final: Exact Score ,Will Inter Milan win 6-4?,1146.0,2025-05-30 21:54:05.000000 UTC,2025-05-31 00:00:00.000000 UTC,1
Will PSG or Manchester City win their Champions League match on September 28?,Will PSG or Manchester City win their Champions League match on September 28?,1127.103509,2021-09-21 16:24:43.000000 UTC,2021-09-28 00:00:00.000000 UTC,1
Champions League Final: Exact Score ,Will Inter Milan win 5-2?,1120.0,2025-05-30 21:53:58.000000 UTC,2025-05-31 00:00:00.000000 UTC,1
Who will win the ‘21-22 UEFA Champions League?,Will Chelsea win the 2021-22 UEFA Champions League?,1110.77001,2022-01-11 01:14:40.000000 UTC,2022-05-28 00:00:00.000000 UTC,1
T20 Brisbane Champions League: Brisbane Napoleons vs Iconic Super Knights,T20 Brisbane Champions League: Brisbane Napoleons vs Iconic Super Knights,1107.67,2026-04-02 16:02:08.000000 UTC,2026-04-10 23:00:00.000000 UTC,1
Champions League Final: Exact Score ,Will PSG win 3-2?,1062.1924,2025-05-30 21:53:52.000000 UTC,2025-05-31 00:00:00.000000 UTC,1
Champions League Final: Man of the Match,Will João Neves be named the Champions League Final man of the match?,1053.575214,2025-05-07 19:09:54.000000 UTC,2025-05-31 12:00:00.000000 UTC,1
T20 Brisbane Champions League: Genid Royals vs Perth United Warriors - Toss Match Double,T20 Brisbane Champions League: Genid Royals vs Perth United Warriors - Toss Match Double Perth United Warriors Winner,1047.621121,2026-04-09 16:01:35.000000 UTC,2026-04-16 23:00:00.000000 UTC,1
EPL: Team to qualify for UEFA Champions League,Will Leeds United qualify for the League Phase of the 2026-27 UEFA Champions League?,1040.700199,2026-03-30 22:58:53.000000 UTC,2026-09-01 00:00:00.000000 UTC,1
Champions League Final: Goal Scorers,Will Goncalo Ramos score a goal in the 2025 Champions League Final?,1026.040783,2025-05-21 06:30:04.000000 UTC,2025-05-31 12:00:00.000000 UTC,1
UEFA Champions League: Most Red Cards,Will Álvaro Fernández Carreras record the most red cards in 2025-26 UEFA Champions League?,1017.65496,2026-02-20 00:31:59.000000 UTC,2026-05-31 00:00:00.000000 UTC,1
EPL: Team to qualify for UEFA Champions League,Will Bournemouth qualify for the League Phase of the 2026-27 UEFA Champions League?,1001.663156,2026-03-30 22:58:50.000000 UTC,2026-09-01 00:00:00.000000 UTC,0
Champions League Final: Exact Score ,Will Inter Milan win 6-0?,1000.0,2025-05-30 21:54:01.000000 UTC,2025-05-31 00:00:00.000000 UTC,1
Champions League Final: Exact Score ,Will Inter Milan win 5-1?,1000.0,2025-05-30 21:53:58.000000 UTC,2025-05-31 00:00:00.000000 UTC,1
UEFA Champions League: Most Assists,Will Carlos Forbs record the most assists in the 2025-26 UEFA Champions League?,998.0,2026-02-20 00:51:30.000000 UTC,2026-05-31 00:00:00.000000 UTC,1
EPL: Team to qualify for UEFA Champions League,Will Newcastle United qualify for the League Phase of the 2026-27 UEFA Champions League?,930.76,2026-03-30 22:58:54.000000 UTC,2026-09-01 00:00:00.000000 UTC,1
UEFA Champions League: Team to advance to semis,Will Manchester City reach the UEFA Champions League semifinal?,925.165992,2026-03-09 18:03:47.000000 UTC,2026-05-07 00:00:00.000000 UTC,1
LaLiga: Team to qualify for UEFA Champions League,Will Celta Vigo qualify for the League Phase of the 2026-27 UEFA Champions League?,919.456466,2026-04-02 20:30:16.000000 UTC,2026-09-01 00:00:00.000000 UTC,0
Serie A: Team to qualify for UEFA Champions League,Will Atalanta qualify for the League Phase of the 2026-27 UEFA Champions League?,906.54,2026-04-02 21:58:56.000000 UTC,2026-09-01 00:00:00.000000 UTC,1
UEFA Champions League: September 7,Champions League: Who will win the Inter vs. Bayern game on September 7?,894.395334,2022-09-07 15:51:47.000000 UTC,2022-09-07 00:00:00.000000 UTC,1
UEFA Champions League: Most Goal Contributions,Will Julian Álvarez have the most goal contributions in the 2025-26 Champions League?,877.03638200000012,2026-02-20 01:07:46.000000 UTC,2026-05-31 00:00:00.000000 UTC,0
UEFA Champions League: Most Goal Contributions,Will Khvicha Kvaratskhelia have the most goal contributions in the 2025-26 Champions League?,874.75132600000006,2026-02-20 01:07:49.000000 UTC,2026-05-31 00:00:00.000000 UTC,0
Serie A: Team to qualify for UEFA Champions League,Will Inter Milan qualify for the League Phase of the 2026-27 UEFA Champions League?,871.3,2026-04-02 21:58:59.000000 UTC,2026-09-01 00:00:00.000000 UTC,1
UEFA Champions League: Will the sum of goals in Villareal CF v. Manchester United be 3 or more?,UEFA Champions League: Will the sum of goals in Villareal CF v. Manchester United be 3 or more?,862.697578,2021-11-22 15:30:45.000000 UTC,2021-11-23 00:00:00.000000 UTC,1
EPL: Team to qualify for UEFA Champions League,Will Manchester City qualify for the League Phase of the 2026-27 UEFA Champions League?,858.39937,2026-03-30 22:58:53.000000 UTC,2026-09-01 00:00:00.000000 UTC,1
UEFA Champions League: Most Goal Contributions,Will Kylian Mbappé have the most goal contributions in the 2025-26 Champions League?,840.69541000000027,2026-02-20 01:07:41.000000 UTC,2026-05-31 00:00:00.000000 UTC,0
Champions League Final: Exact Score ,Will PSG win 5-3?,820.0,2025-05-30 21:53:59.000000 UTC,2025-05-31 00:00:00.000000 UTC,1
Bundesliga: Team to qualify for UEFA Champions League,Will Bayern Munich qualify for the League Phase of the 2026-27 UEFA Champions League?,796.343149,2026-04-02 21:25:53.000000 UTC,2026-09-01 00:00:00.000000 UTC,1
Champions League: Which teams advance to round of 16?,Will Chelsea advance to the round of 16?,791.809312,2025-09-17 20:26:36.000000 UTC,2025-12-31 00:00:00.000000 UTC,1
Champions League Winner,Will Bayern Munich win the 2023 Champions League?,762.335192,2023-02-24 08:44:36.000000 UTC,2023-06-09 00:00:00.000000 UTC,1
UEFA Champions League: Most Goal Contributions,Will Gabriel Martinelli have the most goal contributions in the 2025-26 Champions League?,746.43000000000029,2026-02-20 01:07:45.000000 UTC,2026-05-31 00:00:00.000000 UTC,0
UEFA Champions League: Top Scorer (Club),Will Borussia Dortmund score the most goals in 2025-26 UEFA Champions League?,742.68,2026-02-19 23:14:16.000000 UTC,2026-05-31 00:00:00.000000 UTC,1
Champions League Final: Exact Score ,Will PSG win 6-3?,720.0,2025-05-30 21:54:04.000000 UTC,2025-05-31 00:00:00.000000 UTC,1
Bundesliga: Team to qualify for UEFA Champions League,Will Eintracht Frankfurt qualify for the League Phase of the 2026-27 UEFA Champions League?,716.81819999999993,2026-04-02 21:25:54.000000 UTC,2026-09-01 00:00:00.000000 UTC,1
2025-26 Basketball Champions League: Winner,Will ERA Nymburk win the 2025-26 Basketball Champions League?,711.56,2026-04-02 19:24:19.000000 UTC,2026-05-24 00:00:00.000000 UTC,1
Champions League Final: Exact Score ,Will Inter Milan win 3-2?,704.706287,2025-05-30 21:53:52.000000 UTC,2025-05-31 00:00:00.000000 UTC,1
UEFA Champions League: September 7,Champions League: Who will win the Napoli vs. Liverpool game on September 7?,700.86079,2022-09-07 15:55:05.000000 UTC,2022-09-07 00:00:00.000000 UTC,1
T20 Brisbane Champions League: Everest Falcons vs New York Liberty Xi - Most Sixes,T20 Brisbane Champions League: Everest Falcons vs New York Liberty Xi - Most Sixes Draw,697.24,2026-04-04 16:02:19.000000 UTC,2026-04-12 04:00:00.000000 UTC,1
UEFA Champions League: Top Scorer (Club),Will Paris Saint-Germain (PSG) score the most goals in 2025-26 UEFA Champions League?,673.63207000000011,2026-02-19 23:14:22.000000 UTC,2026-05-31 00:00:00.000000 UTC,0
T20 Brisbane Champions League: Everest Falcons vs New York Liberty Xi - Toss Match Double,T20 Brisbane Champions League: Everest Falcons vs New York Liberty Xi - Toss Match Double Everest Falcons Winner,672.24,2026-04-04 16:02:18.000000 UTC,2026-04-12 04:00:00.000000 UTC,1
Champions League Final: Goal Scorers,Will Nuno Mendes score a goal in the 2025 Champions League Final?,671.62074,2025-05-21 06:30:08.000000 UTC,2025-05-31 12:00:00.000000 UTC,1
UEFA Champions League: Most Red Cards,Will Santiago Hezze record the most red cards in 2025-26 UEFA Champions League?,668.259216,2026-02-20 00:32:00.000000 UTC,2026-05-31 00:00:00.000000 UTC,0
UEFA Champions League: Most Player of the Match Awards,Will Francisco Trincão record the most Player of the Match awards during the 2025 UEFA Champions League?,667.10808400000008,2026-02-19 22:06:10.000000 UTC,2026-05-31 00:00:00.000000 UTC,0
Champions League Final: Exact Score ,Will Inter Milan win 4-3?,666.666665,2025-05-30 21:53:56.000000 UTC,2025-05-31 00:00:00.000000 UTC,1
UEFA Champions League: Top Scorer (Club),Will Atlético Madrid score the most goals in 2025-26 UEFA Champions League?,663.53811,2026-02-19 23:14:15.000000 UTC,2026-05-31 00:00:00.000000 UTC,0
Champions League Final: Exact Score ,Will PSG win 6-4?,646.0,2025-05-30 21:54:05.000000 UTC,2025-05-31 00:00:00.000000 UTC,1
Champions League Final: Exact Score ,Will Inter Milan win 6-5?,640.0,2025-05-30 21:54:06.000000 UTC,2025-05-31 00:00:00.000000 UTC,1
UEFA Champions League: Most Assists,Will Vinícius Júnior record the most assists in the 2025-26 UEFA Champions League?,639.46103900000014,2026-02-20 00:51:19.000000 UTC,2026-05-31 00:00:00.000000 UTC,0
Bundesliga: Team to qualify for UEFA Champions League,Will Borussia Dortmund qualify for the League Phase of the 2026-27 UEFA Champions League?,621.2581,2026-04-02 21:25:53.000000 UTC,2026-09-01 00:00:00.000000 UTC,1
Champions League Final: Exact Score ,Will Inter Milan win 6-2?,620.0,2025-05-30 21:54:03.000000 UTC,2025-05-31 00:00:00.000000 UTC,1
Champions League Final: Exact Score ,Will PSG win 5-4?,620.0,2025-05-30 21:54:00.000000 UTC,2025-05-31 00:00:00.000000 UTC,1
T20 Brisbane Champions League: Brisbane Napoleons vs Iconic Super Knights - Team Top Batter,T20 Brisbane Champions League: Brisbane Napoleons vs Iconic Super Knights - Team Top Batter Iconic Super Knights Winner,618.36200000000008,2026-04-02 16:02:11.000000 UTC,2026-04-10 23:00:00.000000 UTC,1
LaLiga: Team to qualify for UEFA Champions League,Will Mallorca qualify for the League Phase of the 2026-27 UEFA Champions League?,614.31999999999994,2026-04-02 20:30:16.000000 UTC,2026-09-01 00:00:00.000000 UTC,1
Champions League Final: Exact Score ,Will PSG win 4-0?,612.160094,2025-05-30 21:53:53.000000 UTC,2025-05-31 00:00:00.000000 UTC,1
Serie A: Team to qualify for UEFA Champions League,Will Lazio qualify for the League Phase of the 2026-27 UEFA Champions League?,604.779,2026-04-02 21:58:59.000000 UTC,2026-09-01 00:00:00.000000 UTC,1
Which teams will reach the Round of 16 of the UEFA Champions League?,Will VfB Stuttgart advance to the Round of 16 in the 2024-25 UEFA Champions League?,598.47817,2025-01-28 00:30:30.000000 UTC,2025-02-19 12:00:00.000000 UTC,1
T20 Brisbane Champions League: Everest Falcons vs New York Liberty Xi - Toss Match Double,T20 Brisbane Champions League: Everest Falcons vs New York Liberty Xi - Toss Match Double New York Liberty Xi Winner,575.41,2026-04-03 16:01:26.000000 UTC,2026-04-11 23:00:00.000000 UTC,1
UEFA Champions League: Top Scorer (Club),Will Liverpool score the most goals in 2025-26 UEFA Champions League?,570.310789,2026-02-19 23:14:11.000000 UTC,2026-05-31 00:00:00.000000 UTC,1
EPL: Team to qualify for UEFA Champions League,Will West Ham United qualify for the League Phase of the 2026-27 UEFA Champions League?,569.72,2026-03-30 22:58:55.000000 UTC,2026-09-01 00:00:00.000000 UTC,1
EPL: Team to qualify for UEFA Champions League,Will Tottenham Hotspur qualify for the League Phase of the 2026-27 UEFA Champions League?,558.654,2026-03-30 22:58:55.000000 UTC,2026-09-01 00:00:00.000000 UTC,1
Bundesliga: Team to qualify for UEFA Champions League,Will FSV Mainz 05 qualify for the League Phase of the 2026-27 UEFA Champions League?,539.066,2026-04-02 21:25:56.000000 UTC,2026-09-01 00:00:00.000000 UTC,1
Champions League (02/22/2023),Will Manchester City beat Leipzig? (02/22/2023),535.768855,2023-02-14 21:54:55.000000 UTC,2023-02-21 00:00:00.000000 UTC,1
T20 Brisbane Champions League: Brisbane Napoleons vs Iconic Super Knights - Team Top Batter,T20 Brisbane Champions League: Brisbane Napoleons vs Iconic Super Knights - Team Top Batter Draw,531.46399999999994,2026-04-02 16:02:11.000000 UTC,2026-04-10 23:00:00.000000 UTC,1
UEFA Champions League: Most Player of the Match Awards,Will Virgil van Dijk record the most Player of the Match awards during the 2025 UEFA Champions League?,521.115713,2026-02-19 22:06:03.000000 UTC,2026-05-31 00:00:00.000000 UTC,1
LaLiga: Team to qualify for UEFA Champions League,Will Real Sociedad qualify for the League Phase of the 2026-27 UEFA Champions League?,520.33067,2026-04-02 20:30:15.000000 UTC,2026-09-01 00:00:00.000000 UTC,0
Who will win the ‘21-22 UEFA Champions League?,Will PSG win the 2021-22 UEFA Champions League?,519.861442,2022-01-11 01:15:56.000000 UTC,2022-05-28 00:00:00.000000 UTC,1
Champions League (02/22/2023),Will Inter beat Porto? (02/22/2023),508.700637,2023-02-14 21:54:55.000000 UTC,2023-02-21 00:00:00.000000 UTC,1
UEFA Champions League: Most Red Cards,Will Martín Zubimendi record the most red cards in 2025-26 UEFA Champions League?,504.65984,2026-02-20 00:32:02.000000 UTC,2026-05-31 00:00:00.000000 UTC,0
EPL: Team to qualify for UEFA Champions League,Will Manchester United qualify for the League Phase of the 2026-27 UEFA Champions League?,496.518548,2026-03-30 22:58:54.000000 UTC,2026-09-01 00:00:00.000000 UTC,1
T20 Brisbane Champions League: Brisbane Napoleons vs Iconic Super Knights - Team Top Batter,T20 Brisbane Champions League: Brisbane Napoleons vs Iconic Super Knights - Team Top Batter Draw,486.343,2026-04-03 16:01:24.000000 UTC,2026-04-11 04:00:00.000000 UTC,1
UEFA Champions League: Top Scorer (Club),Will Arsenal score the most goals in 2025-26 UEFA Champions League?,482.717594,2026-02-19 23:14:10.000000 UTC,2026-05-31 00:00:00.000000 UTC,0
T20 Brisbane Champions League: New York Liberty Xi vs Melbourne Pirates,T20 Brisbane Champions League: New York Liberty Xi vs Melbourne Pirates,474.327352,2026-04-12 16:01:50.000000 UTC,2026-04-19 23:00:00.000000 UTC,1
UEFA Champions League: Most Cards,Will Álvaro Fernández Carreras record the most cards in 2025-26 UEFA Champions League?,473.01,2026-02-20 00:11:16.000000 UTC,2026-05-31 00:00:00.000000 UTC,1
Champions League Final: Goal Scorers,Will Vitinha score a goal in the 2025 Champions League Final?,467.829187,2025-05-21 06:30:07.000000 UTC,2025-05-31 12:00:00.000000 UTC,1
LaLiga: Team to qualify for UEFA Champions League,Will Levante qualify for the League Phase of the 2026-27 UEFA Champions League?,459.894,2026-04-02 20:30:18.000000 UTC,2026-09-01 00:00:00.000000 UTC,1
UEFA Champions League: Most Player of the Match Awards,Will Nuno Mendes record the most Player of the Match awards during the 2025 UEFA Champions League?,457.43727100000007,2026-02-19 22:06:03.000000 UTC,2026-05-31 00:00:00.000000 UTC,0
UEFA Champions League: Most Red Cards,Will Mikel Merino record the most red cards in 2025-26 UEFA Champions League?,442.954228,2026-02-20 00:32:02.000000 UTC,2026-05-31 00:00:00.000000 UTC,0
T20 Brisbane Champions League: Everest Falcons vs New York Liberty Xi - Most Sixes,T20 Brisbane Champions League: Everest Falcons vs New York Liberty Xi - Most Sixes Draw,441.357,2026-04-03 16:01:27.000000 UTC,2026-04-11 23:00:00.000000 UTC,1
T20 Brisbane Champions League: Sydney Kangaroos vs Brisbane Stars - Toss Match Double,T20 Brisbane Champions League: Sydney Kangaroos vs Brisbane Stars - Toss Match Double Brisbane Stars Winner,429.805998,2026-04-08 16:02:04.000000 UTC,2026-04-16 04:00:00.000000 UTC,1
T20 Brisbane Champions League: Genid Royals vs Perth United Warriors - Team Top Batter,T20 Brisbane Champions League: Genid Royals vs Perth United Warriors - Team Top Batter Perth United Warriors Winner,415.1819,2026-04-09 16:01:37.000000 UTC,2026-04-16 23:00:00.000000 UTC,1
UEFA Champions League: Will the sum of goals in Chelsea v. Juventus be 3 or more?,UEFA Champions League: Will the sum of goals in Chelsea v. Juventus be 3 or more?,414.300151,2021-11-22 15:55:54.000000 UTC,2021-11-23 00:00:00.000000 UTC,1
UEFA Champions League: Top Scorer (Club),Will Bayern München score the most goals in 2025-26 UEFA Champions League?,414.260001,2026-02-19 23:14:11.000000 UTC,2026-05-31 00:00:00.000000 UTC,0
UEFA Champions League: Most Assists,Will Marcus Rashford record the most assists in the 2025-26 UEFA Champions League?,410.52,2026-02-20 00:51:26.000000 UTC,2026-05-31 00:00:00.000000 UTC,1
UEFA Champions League: Most Assists,Will Kenan Yildiz record the most assists in the 2025-26 UEFA Champions League?,409.15305,2026-02-20 00:51:26.000000 UTC,2026-05-31 00:00:00.000000 UTC,1
Bundesliga: Team to qualify for UEFA Champions League,Will FC Augsburg qualify for the League Phase of the 2026-27 UEFA Champions League?,409.11,2026-04-02 21:25:55.000000 UTC,2026-09-01 00:00:00.000000 UTC,1
T20 Brisbane Champions League: Everest Falcons vs New York Liberty Xi - Most Sixes,T20 Brisbane Champions League: Everest Falcons vs New York Liberty Xi - Most Sixes New York Liberty Xi Winner,399.98,2026-04-03 16:01:27.000000 UTC,2026-04-11 23:00:00.000000 UTC,1
Ligue 1: Team to qualify for UEFA Champions League,Will Nantes qualify for the League Phase of the 2026-27 UEFA Champions League?,396.51,2026-04-02 22:18:36.000000 UTC,2026-09-01 00:00:00.000000 UTC,1
T20 Brisbane Champions League: Perth United Warriors vs Melbourne Pirates - Most Sixes,T20 Brisbane Champions League: Perth United Warriors vs Melbourne Pirates - Most Sixes Melbourne Pirates Winner,396.16,2026-04-10 16:01:36.000000 UTC,2026-04-17 23:00:00.000000 UTC,1
T20 Brisbane Champions League: Melbourne Pirates vs Genid Royals,T20 Brisbane Champions League: Melbourne Pirates vs Genid Royals - Completed match?,389.44,2026-04-12 16:01:58.000000 UTC,2026-04-21 00:00:00.000000 UTC,1
Will PSG or Bayern advance to the semi-final of the Champions League?,Will PSG or Bayern advance to the semi-final of the Champions League?,386.909256,2021-04-12 20:30:01.000000 UTC,2021-04-13 00:00:00.000000 UTC,1
EPL: Team to qualify for UEFA Champions League,Will Burnley qualify for the League Phase of the 2026-27 UEFA Champions League?,379.81,2026-03-30 22:58:55.000000 UTC,2026-09-01 00:00:00.000000 UTC,1
LaLiga: Team to qualify for UEFA Champions League,Will Real Betis qualify for the League Phase of the 2026-27 UEFA Champions League?,378.7709,2026-04-02 20:30:14.000000 UTC,2026-09-01 00:00:00.000000 UTC,0
Champions League Final: Goal Scorers,Will Davide Frattesi score a goal in the 2025 Champions League Final?,376.134704,2025-05-21 06:30:13.000000 UTC,2025-05-31 12:00:00.000000 UTC,1
Serie A: Team to qualify for UEFA Champions League,Will Sassuolo qualify for the League Phase of the 2026-27 UEFA Champions League?,372.6797,2026-04-02 21:59:01.000000 UTC,2026-09-01 00:00:00.000000 UTC,1
Ligue 1: Team to qualify for UEFA Champions League,Will Brest qualify for the League Phase of the 2026-27 UEFA Champions League?,360.36,2026-04-02 22:18:33.000000 UTC,2026-09-01 00:00:00.000000 UTC,1
T20 Brisbane Champions League: Sydney Kangaroos vs Brisbane Stars - Team Top Batter,T20 Brisbane Champions League: Sydney Kangaroos vs Brisbane Stars - Team Top Batter Draw,357.01,2026-04-08 16:02:07.000000 UTC,2026-04-16 04:00:00.000000 UTC,1
T20 Brisbane Champions League: Melbourne Tuskers vs Brisbane Stars,T20 Brisbane Champions League: Melbourne Tuskers vs Brisbane Stars - Who wins the toss?,347.11,2026-04-12 16:01:54.000000 UTC,2026-04-20 04:00:00.000000 UTC,1
UEFA Champions League: Most Red Cards,Will Declan Rice record the most red cards in 2025-26 UEFA Champions League?,343.041474,2026-02-20 00:32:01.000000 UTC,2026-05-31 00:00:00.000000 UTC,0
EPL: Team to qualify for UEFA Champions League,Will Wolverhampton Wanderers qualify for the League Phase of the 2026-27 UEFA Champions League?,341.94,2026-03-30 22:58:55.000000 UTC,2026-09-01 00:00:00.000000 UTC,1
T20 Brisbane Champions League: Melbourne Tuskers vs Brisbane Stars,T20 Brisbane Champions League: Melbourne Tuskers vs Brisbane Stars,341.357108,2026-04-12 16:01:53.000000 UTC,2026-04-20 04:00:00.000000 UTC,1
T20 Brisbane Champions League: Perth United Warriors vs Melbourne Pirates - Toss Match Double,T20 Brisbane Champions League: Perth United Warriors vs Melbourne Pirates - Toss Match Double Melbourne Pirates Winner,334.98999999999995,2026-04-10 16:01:35.000000 UTC,2026-04-17 23:00:00.000000 UTC,1
Serie A: Team to qualify for UEFA Champions League,Will AC Milan qualify for the League Phase of the 2026-27 UEFA Champions League?,334.924067,2026-04-02 21:58:56.000000 UTC,2026-09-01 00:00:00.000000 UTC,0
LaLiga: Team to qualify for UEFA Champions League,Will Atlético de Madrid qualify for the League Phase of the 2026-27 UEFA Champions League?,334.61153299999995,2026-04-02 20:30:13.000000 UTC,2026-09-01 00:00:00.000000 UTC,0
T20 Brisbane Champions League: Everest Falcons vs New York Liberty Xi - Toss Match Double,T20 Brisbane Champions League: Everest Falcons vs New York Liberty Xi - Toss Match Double Draw,329.11,2026-04-03 16:01:26.000000 UTC,2026-04-11 23:00:00.000000 UTC,1
T20 Brisbane Champions League: Melbourne Tuskers vs Everest Falcons - Team Top Batter,T20 Brisbane Champions League: Melbourne Tuskers vs Everest Falcons - Team Top Batter Melbourne Tuskers Winner,328.9,2026-04-17 16:02:18.000000 UTC,2026-04-25 04:00:00.000000 UTC,1
T20 Brisbane Champions League: Brisbane Napoleons vs Melbourne Tuskers - Team Top Batter,T20 Brisbane Champions League: Brisbane Napoleons vs Melbourne Tuskers - Team Top Batter Melbourne Tuskers Winner,328.69,2026-04-11 16:01:31.000000 UTC,2026-04-18 23:00:00.000000 UTC,1
T20 Brisbane Champions League: Melbourne Tuskers vs Brisbane Stars - Most Sixes,T20 Brisbane Champions League: Melbourne Tuskers vs Brisbane Stars - Most Sixes Melbourne Tuskers Winner,327.9,2026-04-12 16:01:56.000000 UTC,2026-04-20 04:00:00.000000 UTC,1
Champions League Final: Exact Score ,Will PSG win 5-1?,322.22111,2025-05-30 21:53:57.000000 UTC,2025-05-31 00:00:00.000000 UTC,1
LaLiga: Team to qualify for UEFA Champions League,Will Real Madrid qualify for the League Phase of the 2026-27 UEFA Champions League?,319.96,2026-04-02 20:30:14.000000 UTC,2026-09-01 00:00:00.000000 UTC,1
Will Dortmund or Man City advance to the semi-final of the Champions League?,Will Dortmund or Man City advance to the semi-final of the Champions League?,315.084677,2021-04-12 20:30:01.000000 UTC,2021-04-14 00:00:00.000000 UTC,1
T20 Brisbane Champions League: Melbourne Tuskers vs Brisbane Stars - Toss Match Double,T20 Brisbane Champions League: Melbourne Tuskers vs Brisbane Stars - Toss Match Double Melbourne Tuskers Winner,313.8,2026-04-12 16:01:55.000000 UTC,2026-04-20 04:00:00.000000 UTC,1
T20 Brisbane Champions League: Melbourne Tuskers vs Brisbane Stars - Team Top Batter,T20 Brisbane Champions League: Melbourne Tuskers vs Brisbane Stars - Team Top Batter Draw,313.59000000000003,2026-04-12 16:01:57.000000 UTC,2026-04-20 04:00:00.000000 UTC,1
Ligue 1: Team to qualify for UEFA Champions League,Will Paris Saint-Germain qualify for the League Phase of the 2026-27 UEFA Champions League?,313.47,2026-04-02 22:18:37.000000 UTC,2026-09-01 00:00:00.000000 UTC,1
Ligue 1: Team to qualify for UEFA Champions League,Will Toulouse qualify for the League Phase of the 2026-27 UEFA Champions League?,312.19,2026-04-02 22:18:38.000000 UTC,2026-09-01 00:00:00.000000 UTC,1
T20 Brisbane Champions League: Perth United Warriors vs Melbourne Pirates - Team Top Batter,T20 Brisbane Champions League: Perth United Warriors vs Melbourne Pirates - Team Top Batter Melbourne Pirates Winner,312.09,2026-04-10 16:01:37.000000 UTC,2026-04-17 23:00:00.000000 UTC,1
LaLiga: Team to qualify for UEFA Champions League,Will Alavés qualify for the League Phase of the 2026-27 UEFA Champions League?,308.37,2026-04-02 20:30:18.000000 UTC,2026-09-01 00:00:00.000000 UTC,1
T20 Brisbane Champions League: Perth United Warriors vs Melbourne Pirates,T20 Brisbane Champions League: Perth United Warriors vs Melbourne Pirates - Who wins the toss?,306.97400000000005,2026-04-10 16:01:34.000000 UTC,2026-04-17 23:00:00.000000 UTC,1
T20 Brisbane Champions League: Iconic Super Knights vs Sydney Kangaroos - Team Top Batter,T20 Brisbane Champions League: Iconic Super Knights vs Sydney Kangaroos - Team Top Batter Iconic Super Knights Winner,305.88,2026-04-04 16:02:23.000000 UTC,2026-04-12 23:00:00.000000 UTC,1
T20 Brisbane Champions League: Melbourne Tuskers vs Genid Royals - Toss Match Double,T20 Brisbane Champions League: Melbourne Tuskers vs Genid Royals - Toss Match Double Genid Royals Winner,303.55,2026-04-15 16:02:13.000000 UTC,2026-04-22 23:00:00.000000 UTC,1
LaLiga: Team to qualify for UEFA Champions League,Will Sevilla qualify for the League Phase of the 2026-27 UEFA Champions League?,300.964,2026-04-02 20:30:15.000000 UTC,2026-09-01 00:00:00.000000 UTC,1
UEFA Champions League: Top Scorer (Club),Will Olympiacos score the most goals in 2025-26 UEFA Champions League?,300.0,2026-02-19 23:14:22.000000 UTC,2026-05-31 00:00:00.000000 UTC,1
T20 Brisbane Champions League: Melbourne Tuskers vs Brisbane Stars - Team Top Batter,T20 Brisbane Champions League: Melbourne Tuskers vs Brisbane Stars - Team Top Batter Melbourne Tuskers Winner,298.59,2026-04-12 16:01:57.000000 UTC,2026-04-20 04:00:00.000000 UTC,1
Serie A: Team to qualify for UEFA Champions League,Will Napoli qualify for the League Phase of the 2026-27 UEFA Champions League?,296.118,2026-04-02 21:59:00.000000 UTC,2026-09-01 00:00:00.000000 UTC,0
T20 Brisbane Champions League: Genid Royals vs Perth United Warriors - Most Sixes,T20 Brisbane Champions League: Genid Royals vs Perth United Warriors - Most Sixes Perth United Warriors Winner,294.41,2026-04-09 16:01:36.000000 UTC,2026-04-16 23:00:00.000000 UTC,1
T20 Brisbane Champions League: Perth United Warriors vs Melbourne Pirates,T20 Brisbane Champions League: Perth United Warriors vs Melbourne Pirates,292.6,2026-04-10 16:01:34.000000 UTC,2026-04-17 23:00:00.000000 UTC,1
T20 Brisbane Champions League: New York Liberty Xi vs Perth United Warriors - Most Sixes,T20 Brisbane Champions League: New York Liberty Xi vs Perth United Warriors - Most Sixes New York Liberty Xi Winner,292.329,2026-04-08 16:01:59.000000 UTC,2026-04-15 23:00:00.000000 UTC,1
T20 Brisbane Champions League: Genid Royals vs Perth United Warriors,T20 Brisbane Champions League: Genid Royals vs Perth United Warriors - Who wins the toss?,291.384,2026-04-09 16:01:35.000000 UTC,2026-04-16 23:00:00.000000 UTC,1
T20 Brisbane Champions League: Genid Royals vs Perth United Warriors - Most Sixes,T20 Brisbane Champions League: Genid Royals vs Perth United Warriors - Most Sixes Genid Royals Winner,288.61566200000004,2026-04-09 16:01:36.000000 UTC,2026-04-16 23:00:00.000000 UTC,1
T20 Brisbane Champions League: Brisbane Napoleons vs Melbourne Tuskers,T20 Brisbane Champions League: Brisbane Napoleons vs Melbourne Tuskers - Who wins the toss?,288.45000000000005,2026-04-11 16:01:29.000000 UTC,2026-04-18 23:00:00.000000 UTC,1
T20 Brisbane Champions League: Brisbane Napoleons vs Melbourne Tuskers - Toss Match Double,T20 Brisbane Champions League: Brisbane Napoleons vs Melbourne Tuskers - Toss Match Double Melbourne Tuskers Winner,287.99,2026-04-11 16:01:29.000000 UTC,2026-04-18 23:00:00.000000 UTC,1
T20 Brisbane Champions League: Brisbane Napoleons vs Melbourne Tuskers - Most Sixes,T20 Brisbane Champions League: Brisbane Napoleons vs Melbourne Tuskers - Most Sixes Draw,287.47,2026-04-11 16:01:30.000000 UTC,2026-04-18 23:00:00.000000 UTC,1
T20 Brisbane Champions League: Melbourne Tuskers vs Genid Royals - Team Top Batter,T20 Brisbane Champions League: Melbourne Tuskers vs Genid Royals - Team Top Batter Melbourne Tuskers Winner,286.35,2026-04-15 16:02:14.000000 UTC,2026-04-22 23:00:00.000000 UTC,1
T20 Brisbane Champions League: Melbourne Tuskers vs Genid Royals,T20 Brisbane Champions League: Melbourne Tuskers vs Genid Royals - Completed match?,285.66,2026-04-15 16:02:12.000000 UTC,2026-04-22 23:00:00.000000 UTC,1
T20 Brisbane Champions League: Melbourne Tuskers vs Genid Royals - Toss Match Double,T20 Brisbane Champions League: Melbourne Tuskers vs Genid Royals - Toss Match Double Draw,285.62,2026-04-15 16:02:13.000000 UTC,2026-04-22 23:00:00.000000 UTC,1
Serie A: Team to qualify for UEFA Champions League,Will Bologna qualify for the League Phase of the 2026-27 UEFA Champions League?,285.0505,2026-04-02 21:58:57.000000 UTC,2026-09-01 00:00:00.000000 UTC,1
Champions League Final: Goal Scorers,Will Hakan Çalhanoğlu score a goal in the 2025 Champions League Final?,279.694656,2025-05-21 06:30:11.000000 UTC,2025-05-31 12:00:00.000000 UTC,1
T20 Brisbane Champions League: Melbourne Tuskers vs Genid Royals,T20 Brisbane Champions League: Melbourne Tuskers vs Genid Royals,277.3995,2026-04-15 16:02:11.000000 UTC,2026-04-22 23:00:00.000000 UTC,1
T20 Brisbane Champions League: Genid Royals vs Perth United Warriors - Toss Match Double,T20 Brisbane Champions League: Genid Royals vs Perth United Warriors - Toss Match Double Draw,277.35190000000006,2026-04-09 16:01:35.000000 UTC,2026-04-16 23:00:00.000000 UTC,1
Ligue 1: Team to qualify for UEFA Champions League,Will Lorient qualify for the League Phase of the 2026-27 UEFA Champions League?,276.29375,2026-04-02 22:18:34.000000 UTC,2026-09-01 00:00:00.000000 UTC,1
UEFA Champions League: Top Scorer (Club),Will Manchester City score the most goals in 2025-26 UEFA Champions League?,275.604197,2026-02-19 23:14:14.000000 UTC,2026-05-31 00:00:00.000000 UTC,1
T20 Brisbane Champions League: Brisbane Napoleons vs Melbourne Tuskers,T20 Brisbane Champions League: Brisbane Napoleons vs Melbourne Tuskers,275.34000000000003,2026-04-11 16:01:28.000000 UTC,2026-04-18 23:00:00.000000 UTC,1
T20 Brisbane Champions League: Iconic Super Knights vs Melbourne Tuskers - Team Top Batter,T20 Brisbane Champions League: Iconic Super Knights vs Melbourne Tuskers - Team Top Batter Iconic Super Knights Winner,273.33000000000004,2026-04-10 16:01:40.000000 UTC,2026-04-18 04:00:00.000000 UTC,1
T20 Brisbane Champions League: Sydney Kangaroos vs Brisbane Stars - Most Sixes,T20 Brisbane Champions League: Sydney Kangaroos vs Brisbane Stars - Most Sixes Draw,272.1851,2026-04-08 16:02:05.000000 UTC,2026-04-16 04:00:00.000000 UTC,1
T20 Brisbane Champions League: Melbourne Tuskers vs Genid Royals - Most Sixes,T20 Brisbane Champions League: Melbourne Tuskers vs Genid Royals - Most Sixes Melbourne Tuskers Winner,271.68,2026-04-15 16:02:13.000000 UTC,2026-04-22 23:00:00.000000 UTC,1
T20 Brisbane Champions League: New York Liberty Xi vs Perth United Warriors - Toss Match Double,T20 Brisbane Champions League: New York Liberty Xi vs Perth United Warriors - Toss Match Double New York Liberty Xi Winner,268.87000000000006,2026-04-08 16:01:59.000000 UTC,2026-04-15 23:00:00.000000 UTC,1
LaLiga: Team to qualify for UEFA Champions League,Will FC Barcelona qualify for the League Phase of the 2026-27 UEFA Champions League?,266.61,2026-04-02 20:30:13.000000 UTC,2026-09-01 00:00:00.000000 UTC,1
T20 Brisbane Champions League: Melbourne Pirates vs Everest Falcons,T20 Brisbane Champions League: Melbourne Pirates vs Everest Falcons - Who wins the toss?,265.82000000000005,2026-04-11 16:01:32.000000 UTC,2026-04-19 04:00:00.000000 UTC,1
UEFA Champions League: Most Clean Sheets (GK),Will Unai Simón record the most clean sheets in the 2025-26 UEFA Champions League?,264.0,2026-02-19 23:48:57.000000 UTC,2026-05-31 00:00:00.000000 UTC,1
T20 Brisbane Champions League: Iconic Super Knights vs Melbourne Tuskers - Toss Match Double,T20 Brisbane Champions League: Iconic Super Knights vs Melbourne Tuskers - Toss Match Double Draw,263.32,2026-04-10 16:01:39.000000 UTC,2026-04-18 04:00:00.000000 UTC,1
UEFA Champions League: Most Player of the Match Awards,Will Victor Osimhen record the most Player of the Match awards during the 2025 UEFA Champions League?,262.80999999999995,2026-02-19 22:06:06.000000 UTC,2026-05-31 00:00:00.000000 UTC,0
T20 Brisbane Champions League: Brisbane Napoleons vs Melbourne Tuskers - Most Sixes,T20 Brisbane Champions League: Brisbane Napoleons vs Melbourne Tuskers - Most Sixes Brisbane Napoleons Winner,262.76,2026-04-11 16:01:30.000000 UTC,2026-04-18 23:00:00.000000 UTC,1
LaLiga: Team to qualify for UEFA Champions League,Will Getafe qualify for the League Phase of the 2026-27 UEFA Champions League?,262.707383,2026-04-02 20:30:17.000000 UTC,2026-09-01 00:00:00.000000 UTC,0
T20 Brisbane Champions League: Sydney Kangaroos vs Brisbane Stars - Most Sixes,T20 Brisbane Champions League: Sydney Kangaroos vs Brisbane Stars - Most Sixes Sydney Kangaroos Winner,259.33000000000004,2026-04-08 16:02:05.000000 UTC,2026-04-16 04:00:00.000000 UTC,1
T20 Brisbane Champions League: New York Liberty Xi vs Melbourne Pirates - Most Sixes,T20 Brisbane Champions League: New York Liberty Xi vs Melbourne Pirates - Most Sixes Draw,257.57,2026-04-12 16:01:52.000000 UTC,2026-04-19 23:00:00.000000 UTC,1
UEFA Champions League: Most Player of the Match Awards,Will Julian Alvarez record the most Player of the Match awards during the 2025 UEFA Champions League?,256.44441,2026-02-19 22:06:11.000000 UTC,2026-05-31 00:00:00.000000 UTC,0
T20 Brisbane Champions League: Perth United Warriors vs Melbourne Pirates - Toss Match Double,T20 Brisbane Champions League: Perth United Warriors vs Melbourne Pirates - Toss Match Double Perth United Warriors Winner,254.534,2026-04-10 16:01:35.000000 UTC,2026-04-17 23:00:00.000000 UTC,1
T20 Brisbane Champions League: New York Liberty Xi vs Melbourne Pirates - Most Sixes,T20 Brisbane Champions League: New York Liberty Xi vs Melbourne Pirates - Most Sixes Melbourne Pirates Winner,254.32,2026-04-12 16:01:52.000000 UTC,2026-04-19 23:00:00.000000 UTC,1
T20 Brisbane Champions League: Iconic Super Knights vs Melbourne Tuskers - Toss Match Double,T20 Brisbane Champions League: Iconic Super Knights vs Melbourne Tuskers - Toss Match Double Melbourne Tuskers Winner,254.0,2026-04-10 16:01:39.000000 UTC,2026-04-18 04:00:00.000000 UTC,1
T20 Brisbane Champions League: New York Liberty Xi vs Melbourne Pirates - Toss Match Double,T20 Brisbane Champions League: New York Liberty Xi vs Melbourne Pirates - Toss Match Double Melbourne Pirates Winner,253.77,2026-04-12 16:01:52.000000 UTC,2026-04-19 23:00:00.000000 UTC,1
T20 Brisbane Champions League: Iconic Super Knights vs Brisbane Stars - Most Sixes,T20 Brisbane Champions League: Iconic Super Knights vs Brisbane Stars - Most Sixes Brisbane Stars Winner,247.79,2026-04-09 16:01:39.000000 UTC,2026-04-17 04:00:00.000000 UTC,1
T20 Brisbane Champions League: Perth United Warriors vs Melbourne Pirates - Team Top Batter,T20 Brisbane Champions League: Perth United Warriors vs Melbourne Pirates - Team Top Batter Draw,247.68400000000003,2026-04-10 16:01:37.000000 UTC,2026-04-17 23:00:00.000000 UTC,1
T20 Brisbane Champions League: Melbourne Tuskers vs Everest Falcons - Most Sixes,T20 Brisbane Champions League: Melbourne Tuskers vs Everest Falcons - Most Sixes Melbourne Tuskers Winner,247.0,2026-04-17 16:02:17.000000 UTC,2026-04-25 04:00:00.000000 UTC,1
T20 Brisbane Champions League: Melbourne Tuskers vs Everest Falcons - Toss Match Double,T20 Brisbane Champions League: Melbourne Tuskers vs Everest Falcons - Toss Match Double Melbourne Tuskers Winner,244.4,2026-04-17 16:02:16.000000 UTC,2026-04-25 04:00:00.000000 UTC,1
T20 Brisbane Champions League: New York Liberty Xi vs Melbourne Pirates - Most Sixes,T20 Brisbane Champions League: New York Liberty Xi vs Melbourne Pirates - Most Sixes New York Liberty Xi Winner,243.58,2026-04-12 16:01:52.000000 UTC,2026-04-19 23:00:00.000000 UTC,1
T20 Brisbane Champions League: Brisbane Napoleons vs Iconic Super Knights - Team Top Batter,T20 Brisbane Champions League: Brisbane Napoleons vs Iconic Super Knights - Team Top Batter Iconic Super Knights Winner,242.89,2026-04-03 16:01:24.000000 UTC,2026-04-11 04:00:00.000000 UTC,1
T20 Brisbane Champions League: Melbourne Pirates vs Everest Falcons,T20 Brisbane Champions League: Melbourne Pirates vs Everest Falcons,241.56,2026-04-11 16:01:31.000000 UTC,2026-04-19 04:00:00.000000 UTC,1
T20 Brisbane Champions League: Melbourne Pirates vs Everest Falcons - Team Top Batter,T20 Brisbane Champions League: Melbourne Pirates vs Everest Falcons - Team Top Batter Everest Falcons Winner,241.34,2026-04-11 16:01:36.000000 UTC,2026-04-19 04:00:00.000000 UTC,1
T20 Brisbane Champions League: Iconic Super Knights vs Brisbane Stars - Team Top Batter,T20 Brisbane Champions League: Iconic Super Knights vs Brisbane Stars - Team Top Batter Iconic Super Knights Winner,241.06,2026-04-09 16:01:40.000000 UTC,2026-04-17 04:00:00.000000 UTC,1
T20 Brisbane Champions League: Melbourne Tuskers vs Everest Falcons - Team Top Batter,T20 Brisbane Champions League: Melbourne Tuskers vs Everest Falcons - Team Top Batter Everest Falcons Winner,241.01,2026-04-17 16:02:18.000000 UTC,2026-04-25 04:00:00.000000 UTC,1
T20 Brisbane Champions League: Iconic Super Knights vs Brisbane Stars - Toss Match Double,T20 Brisbane Champions League: Iconic Super Knights vs Brisbane Stars - Toss Match Double Iconic Super Knights Winner,240.72,2026-04-09 16:01:39.000000 UTC,2026-04-17 04:00:00.000000 UTC,1
Champions League Final: Exact Score ,Will PSG win 5-2?,240.0,2025-05-30 21:53:58.000000 UTC,2025-05-31 00:00:00.000000 UTC,1
T20 Brisbane Champions League: Melbourne Pirates vs Genid Royals - Most Sixes,T20 Brisbane Champions League: Melbourne Pirates vs Genid Royals - Most Sixes Genid Royals Winner,239.93,2026-04-12 16:01:59.000000 UTC,2026-04-21 00:00:00.000000 UTC,1
T20 Brisbane Champions League: Melbourne Pirates vs Everest Falcons - Most Sixes,T20 Brisbane Champions League: Melbourne Pirates vs Everest Falcons - Most Sixes Everest Falcons Winner,239.47,2026-04-11 16:01:34.000000 UTC,2026-04-19 04:00:00.000000 UTC,1
T20 Brisbane Champions League: Melbourne Tuskers vs Genid Royals - Team Top Batter,T20 Brisbane Champions League: Melbourne Tuskers vs Genid Royals - Team Top Batter Genid Royals Winner,238.651,2026-04-15 16:02:14.000000 UTC,2026-04-22 23:00:00.000000 UTC,1
T20 Brisbane Champions League: Perth United Warriors vs Melbourne Pirates - Most Sixes,T20 Brisbane Champions League: Perth United Warriors vs Melbourne Pirates - Most Sixes Draw,237.73400000000004,2026-04-10 16:01:36.000000 UTC,2026-04-17 23:00:00.000000 UTC,1
Will Chelsea or Porto advance to the semi-final of the Champions League?,Will Chelsea or Porto advance to the semi-final of the Champions League?,235.164488,2021-04-12 20:45:02.000000 UTC,2021-04-13 00:00:00.000000 UTC,1
T20 Brisbane Champions League: Genid Royals vs Perth United Warriors - Team Top Batter,T20 Brisbane Champions League: Genid Royals vs Perth United Warriors - Team Top Batter Genid Royals Winner,235.1,2026-04-09 16:01:37.000000 UTC,2026-04-16 23:00:00.000000 UTC,1
Which teams will reach the Round of 16 of the UEFA Champions League?,Will Lille advance to the Round of 16 in the 2024-25 UEFA Champions League?,234.31838,2025-01-28 00:30:21.000000 UTC,2025-02-19 12:00:00.000000 UTC,1
T20 Brisbane Champions League: Perth United Warriors vs Melbourne Pirates - Toss Match Double,T20 Brisbane Champions League: Perth United Warriors vs Melbourne Pirates - Toss Match Double Draw,233.57318,2026-04-10 16:01:35.000000 UTC,2026-04-17 23:00:00.000000 UTC,1
T20 Brisbane Champions League: Iconic Super Knights vs Sydney Kangaroos,T20 Brisbane Champions League: Iconic Super Knights vs Sydney Kangaroos - Who wins the toss?,231.74,2026-04-04 16:02:20.000000 UTC,2026-04-12 23:00:00.000000 UTC,1
T20 Brisbane Champions League: Melbourne Pirates vs Genid Royals - Team Top Batter,T20 Brisbane Champions League: Melbourne Pirates vs Genid Royals - Team Top Batter Genid Royals Winner,230.54,2026-04-12 16:02:00.000000 UTC,2026-04-21 00:00:00.000000 UTC,1
T20 Brisbane Champions League: Perth United Warriors vs Melbourne Pirates - Most Sixes,T20 Brisbane Champions League: Perth United Warriors vs Melbourne Pirates - Most Sixes Perth United Warriors Winner,229.95,2026-04-10 16:01:36.000000 UTC,2026-04-17 23:00:00.000000 UTC,1
T20 Brisbane Champions League: Brisbane Napoleons vs Melbourne Tuskers - Team Top Batter,T20 Brisbane Champions League: Brisbane Napoleons vs Melbourne Tuskers - Team Top Batter Draw,228.325,2026-04-11 16:01:31.000000 UTC,2026-04-18 23:00:00.000000 UTC,1
T20 Brisbane Champions League: Brisbane Napoleons vs Melbourne Tuskers - Toss Match Double,T20 Brisbane Champions League: Brisbane Napoleons vs Melbourne Tuskers - Toss Match Double Brisbane Napoleons Winner,228.17,2026-04-11 16:01:29.000000 UTC,2026-04-18 23:00:00.000000 UTC,1
T20 Brisbane Champions League: New York Liberty Xi vs Melbourne Pirates,T20 Brisbane Champions League: New York Liberty Xi vs Melbourne Pirates - Who wins the toss?,224.64,2026-04-12 16:01:51.000000 UTC,2026-04-19 23:00:00.000000 UTC,1
T20 Brisbane Champions League: Melbourne Tuskers vs Brisbane Stars,T20 Brisbane Champions League: Melbourne Tuskers vs Brisbane Stars - Completed match?,224.51,2026-04-12 16:01:54.000000 UTC,2026-04-20 04:00:00.000000 UTC,1
T20 Brisbane Champions League: Perth United Warriors vs Melbourne Pirates - Team Top Batter,T20 Brisbane Champions League: Perth United Warriors vs Melbourne Pirates - Team Top Batter Perth United Warriors Winner,222.45,2026-04-10 16:01:37.000000 UTC,2026-04-17 23:00:00.000000 UTC,1
T20 Brisbane Champions League: Everest Falcons vs New York Liberty Xi,T20 Brisbane Champions League: Everest Falcons vs New York Liberty Xi,221.73,2026-04-03 16:01:24.000000 UTC,2026-04-11 23:00:00.000000 UTC,1
T20 Brisbane Champions League: Brisbane Napoleons vs Melbourne Tuskers - Most Sixes,T20 Brisbane Champions League: Brisbane Napoleons vs Melbourne Tuskers - Most Sixes Melbourne Tuskers Winner,220.57,2026-04-11 16:01:30.000000 UTC,2026-04-18 23:00:00.000000 UTC,1
Champions League Final: Exact Score ,Will Inter Milan win 6-3?,220.0,2025-05-30 21:54:04.000000 UTC,2025-05-31 00:00:00.000000 UTC,1
T20 Brisbane Champions League: Melbourne Pirates vs Genid Royals - Toss Match Double,T20 Brisbane Champions League: Melbourne Pirates vs Genid Royals - Toss Match Double Melbourne Pirates Winner,219.96,2026-04-12 16:01:59.000000 UTC,2026-04-21 00:00:00.000000 UTC,1
T20 Brisbane Champions League: Sydney Kangaroos vs Brisbane Stars - Team Top Batter,T20 Brisbane Champions League: Sydney Kangaroos vs Brisbane Stars - Team Top Batter Brisbane Stars Winner,218.53,2026-04-08 16:02:07.000000 UTC,2026-04-16 04:00:00.000000 UTC,1
Bundesliga: Team to qualify for UEFA Champions League,Will SC Freiburg qualify for the League Phase of the 2026-27 UEFA Champions League?,218.09424500000003,2026-04-02 21:25:55.000000 UTC,2026-09-01 00:00:00.000000 UTC,0
T20 Brisbane Champions League: Brisbane Napoleons vs Melbourne Tuskers - Team Top Batter,T20 Brisbane Champions League: Brisbane Napoleons vs Melbourne Tuskers - Team Top Batter Brisbane Napoleons Winner,217.16,2026-04-11 16:01:31.000000 UTC,2026-04-18 23:00:00.000000 UTC,1
T20 Brisbane Champions League: New York Liberty Xi vs Melbourne Pirates - Toss Match Double,T20 Brisbane Champions League: New York Liberty Xi vs Melbourne Pirates - Toss Match Double Draw,217.02,2026-04-12 16:01:52.000000 UTC,2026-04-19 23:00:00.000000 UTC,1
T20 Brisbane Champions League: Melbourne Pirates vs Genid Royals,T20 Brisbane Champions League: Melbourne Pirates vs Genid Royals,213.525379,2026-04-12 16:01:57.000000 UTC,2026-04-21 00:00:00.000000 UTC,1
T20 Brisbane Champions League: Melbourne Pirates vs Everest Falcons - Toss Match Double,T20 Brisbane Champions League: Melbourne Pirates vs Everest Falcons - Toss Match Double Everest Falcons Winner,212.39000000000004,2026-04-11 16:01:34.000000 UTC,2026-04-19 04:00:00.000000 UTC,1
T20 Brisbane Champions League: Everest Falcons vs New York Liberty Xi,T20 Brisbane Champions League: Everest Falcons vs New York Liberty Xi - Who wins the toss?,211.15,2026-04-03 16:01:25.000000 UTC,2026-04-11 23:00:00.000000 UTC,1
T20 Brisbane Champions League: Brisbane Napoleons vs Iconic Super Knights - Toss Match Double,T20 Brisbane Champions League: Brisbane Napoleons vs Iconic Super Knights - Toss Match Double Draw,209.99,2026-04-03 16:01:21.000000 UTC,2026-04-11 04:00:00.000000 UTC,1
T20 Brisbane Champions League: Melbourne Tuskers vs Genid Royals - Toss Match Double,T20 Brisbane Champions League: Melbourne Tuskers vs Genid Royals - Toss Match Double Melbourne Tuskers Winner,208.47,2026-04-15 16:02:13.000000 UTC,2026-04-22 23:00:00.000000 UTC,1
T20 Brisbane Champions League: Everest Falcons vs New York Liberty Xi - Toss Match Double,T20 Brisbane Champions League: Everest Falcons vs New York Liberty Xi - Toss Match Double Everest Falcons Winner,207.82,2026-04-03 16:01:26.000000 UTC,2026-04-11 23:00:00.000000 UTC,1
T20 Brisbane Champions League: Brisbane Napoleons vs Iconic Super Knights - Team Top Batter,T20 Brisbane Champions League: Brisbane Napoleons vs Iconic Super Knights - Team Top Batter Brisbane Napoleons Winner,207.82,2026-04-02 16:02:11.000000 UTC,2026-04-10 23:00:00.000000 UTC,1
T20 Brisbane Champions League: Brisbane Napoleons vs Iconic Super Knights - Most Sixes,T20 Brisbane Champions League: Brisbane Napoleons vs Iconic Super Knights - Most Sixes Iconic Super Knights Winner,207.55,2026-04-02 16:02:10.000000 UTC,2026-04-10 23:00:00.000000 UTC,1
T20 Brisbane Champions League: Melbourne Tuskers vs Genid Royals - Team Top Batter,T20 Brisbane Champions League: Melbourne Tuskers vs Genid Royals - Team Top Batter Draw,206.671,2026-04-15 16:02:14.000000 UTC,2026-04-22 23:00:00.000000 UTC,1
T20 Brisbane Champions League: Melbourne Pirates vs Genid Royals,T20 Brisbane Champions League: Melbourne Pirates vs Genid Royals - Who wins the toss?,205.52,2026-04-12 16:01:58.000000 UTC,2026-04-21 00:00:00.000000 UTC,1
T20 Brisbane Champions League: Sydney Kangaroos vs Brisbane Stars - Toss Match Double,T20 Brisbane Champions League: Sydney Kangaroos vs Brisbane Stars - Toss Match Double Draw,204.99,2026-04-08 16:02:04.000000 UTC,2026-04-16 04:00:00.000000 UTC,1
T20 Brisbane Champions League: Iconic Super Knights vs Brisbane Stars - Most Sixes,T20 Brisbane Champions League: Iconic Super Knights vs Brisbane Stars - Most Sixes Iconic Super Knights Winner,203.66,2026-04-09 16:01:39.000000 UTC,2026-04-17 04:00:00.000000 UTC,1
T20 Brisbane Champions League: Brisbane Napoleons vs Melbourne Tuskers - Toss Match Double,T20 Brisbane Champions League: Brisbane Napoleons vs Melbourne Tuskers - Toss Match Double Draw,203.03,2026-04-11 16:01:29.000000 UTC,2026-04-18 23:00:00.000000 UTC,1
T20 Brisbane Champions League: Melbourne Tuskers vs Everest Falcons - Most Sixes,T20 Brisbane Champions League: Melbourne Tuskers vs Everest Falcons - Most Sixes Everest Falcons Winner,202.44,2026-04-17 16:02:17.000000 UTC,2026-04-25 04:00:00.000000 UTC,1
UEFA Champions League: Will the goal difference in Chelsea v. Juventus be greater than 1?,UEFA Champions League: Will the goal difference in Chelsea v. Juventus be greater than 1?,201.42649,2021-11-22 16:09:07.000000 UTC,2021-11-23 00:00:00.000000 UTC,1
T20 Brisbane Champions League: Brisbane Napoleons vs Iconic Super Knights - Most Sixes,T20 Brisbane Champions League: Brisbane Napoleons vs Iconic Super Knights - Most Sixes Brisbane Napoleons Winner,200.95800000000003,2026-04-02 16:02:10.000000 UTC,2026-04-10 23:00:00.000000 UTC,1
T20 Brisbane Champions League: Everest Falcons vs New York Liberty Xi - Team Top Batter,T20 Brisbane Champions League: Everest Falcons vs New York Liberty Xi - Team Top Batter New York Liberty Xi Winner,200.0,2026-04-04 16:02:20.000000 UTC,2026-04-12 04:00:00.000000 UTC,1
T20 Brisbane Champions League: Iconic Super Knights vs Sydney Kangaroos - Toss Match Double,T20 Brisbane Champions League: Iconic Super Knights vs Sydney Kangaroos - Toss Match Double Draw,200.0,2026-04-04 16:02:21.000000 UTC,2026-04-12 23:00:00.000000 UTC,1
T20 Brisbane Champions League: Everest Falcons vs New York Liberty Xi - Team Top Batter,T20 Brisbane Champions League: Everest Falcons vs New York Liberty Xi - Team Top Batter New York Liberty Xi Winner,199.99,2026-04-03 16:01:29.000000 UTC,2026-04-11 23:00:00.000000 UTC,1
T20 Brisbane Champions League: Everest Falcons vs New York Liberty Xi - Most Sixes,T20 Brisbane Champions League: Everest Falcons vs New York Liberty Xi - Most Sixes New York Liberty Xi Winner,199.99,2026-04-04 16:02:19.000000 UTC,2026-04-12 04:00:00.000000 UTC,1
LaLiga: Team to qualify for UEFA Champions League,Will Valencia qualify for the League Phase of the 2026-27 UEFA Champions League?,199.46,2026-04-02 20:30:19.000000 UTC,2026-09-01 00:00:00.000000 UTC,1
T20 Brisbane Champions League: Iconic Super Knights vs Melbourne Tuskers - Toss Match Double,T20 Brisbane Champions League: Iconic Super Knights vs Melbourne Tuskers - Toss Match Double Iconic Super Knights Winner,199.01,2026-04-10 16:01:39.000000 UTC,2026-04-18 04:00:00.000000 UTC,1
T20 Brisbane Champions League: Melbourne Tuskers vs Everest Falcons,T20 Brisbane Champions League: Melbourne Tuskers vs Everest Falcons,198.738287,2026-04-17 16:02:14.000000 UTC,2026-04-25 04:00:00.000000 UTC,1
T20 Brisbane Champions League: Iconic Super Knights vs Brisbane Stars - Most Sixes,T20 Brisbane Champions League: Iconic Super Knights vs Brisbane Stars - Most Sixes Draw,198.3,2026-04-09 16:01:39.000000 UTC,2026-04-17 04:00:00.000000 UTC,1
T20 Brisbane Champions League: Everest Falcons vs New York Liberty Xi - Toss Match Double,T20 Brisbane Champions League: Everest Falcons vs New York Liberty Xi - Toss Match Double New York Liberty Xi Winner,194.0,2026-04-04 16:02:18.000000 UTC,2026-04-12 04:00:00.000000 UTC,1
T20 Brisbane Champions League: Melbourne Tuskers vs Brisbane Stars - Most Sixes,T20 Brisbane Champions League: Melbourne Tuskers vs Brisbane Stars - Most Sixes Brisbane Stars Winner,188.93,2026-04-12 16:01:56.000000 UTC,2026-04-20 04:00:00.000000 UTC,1
T20 Brisbane Champions League: Melbourne Tuskers vs Brisbane Stars - Team Top Batter,T20 Brisbane Champions League: Melbourne Tuskers vs Brisbane Stars - Team Top Batter Brisbane Stars Winner,188.63,2026-04-12 16:01:57.000000 UTC,2026-04-20 04:00:00.000000 UTC,1
T20 Brisbane Champions League: Iconic Super Knights vs Melbourne Tuskers - Team Top Batter,T20 Brisbane Champions League: Iconic Super Knights vs Melbourne Tuskers - Team Top Batter Melbourne Tuskers Winner,188.224,2026-04-10 16:01:40.000000 UTC,2026-04-18 04:00:00.000000 UTC,1
T20 Brisbane Champions League: Iconic Super Knights vs Melbourne Tuskers - Team Top Batter,T20 Brisbane Champions League: Iconic Super Knights vs Melbourne Tuskers - Team Top Batter Draw,187.27,2026-04-10 16:01:40.000000 UTC,2026-04-18 04:00:00.000000 UTC,1
T20 Brisbane Champions League: New York Liberty Xi vs Perth United Warriors,T20 Brisbane Champions League: New York Liberty Xi vs Perth United Warriors,186.8015,2026-04-08 16:01:57.000000 UTC,2026-04-15 23:00:00.000000 UTC,1
T20 Brisbane Champions League: Sydney Kangaroos vs Brisbane Stars,T20 Brisbane Champions League: Sydney Kangaroos vs Brisbane Stars - Who wins the toss?,186.19,2026-04-08 16:02:04.000000 UTC,2026-04-16 04:00:00.000000 UTC,1
T20 Brisbane Champions League: Iconic Super Knights vs Melbourne Tuskers - Most Sixes,T20 Brisbane Champions League: Iconic Super Knights vs Melbourne Tuskers - Most Sixes Melbourne Tuskers Winner,185.59,2026-04-10 16:01:39.000000 UTC,2026-04-18 04:00:00.000000 UTC,1
UEFA Champions League: Most Assists,Will Dominik Szoboszlai record the most assists in the 2025-26 UEFA Champions League?,181.677055,2026-02-20 00:51:22.000000 UTC,2026-05-31 00:00:00.000000 UTC,1
T20 Brisbane Champions League: Everest Falcons vs New York Liberty Xi,T20 Brisbane Champions League: Everest Falcons vs New York Liberty Xi - Who wins the toss?,181.39,2026-04-04 16:02:17.000000 UTC,2026-04-12 04:00:00.000000 UTC,1
T20 Brisbane Champions League: Melbourne Tuskers vs Brisbane Stars - Most Sixes,T20 Brisbane Champions League: Melbourne Tuskers vs Brisbane Stars - Most Sixes Draw,181.11,2026-04-12 16:01:56.000000 UTC,2026-04-20 04:00:00.000000 UTC,1
EPL: Team to qualify for UEFA Champions League,Will Fulham qualify for the League Phase of the 2026-27 UEFA Champions League?,178.259133,2026-03-30 22:58:52.000000 UTC,2026-09-01 00:00:00.000000 UTC,1
T20 Brisbane Champions League: Brisbane Napoleons vs Iconic Super Knights - Toss Match Double,T20 Brisbane Champions League: Brisbane Napoleons vs Iconic Super Knights - Toss Match Double Iconic Super Knights Winner,178.25,2026-04-02 16:02:10.000000 UTC,2026-04-10 23:00:00.000000 UTC,1
T20 Brisbane Champions League: Iconic Super Knights vs Melbourne Tuskers - Most Sixes,T20 Brisbane Champions League: Iconic Super Knights vs Melbourne Tuskers - Most Sixes Iconic Super Knights Winner,178.06,2026-04-10 16:01:39.000000 UTC,2026-04-18 04:00:00.000000 UTC,1
T20 Brisbane Champions League: New York Liberty Xi vs Melbourne Pirates,T20 Brisbane Champions League: New York Liberty Xi vs Melbourne Pirates - Completed match?,176.32000000000002,2026-04-12 16:01:51.000000 UTC,2026-04-19 23:00:00.000000 UTC,1
LaLiga: Team to qualify for UEFA Champions League,Will Girona qualify for the League Phase of the 2026-27 UEFA Champions League?,171.20999999999998,2026-04-02 20:30:16.000000 UTC,2026-09-01 00:00:00.000000 UTC,1
T20 Brisbane Champions League: Melbourne Tuskers vs Brisbane Stars - Toss Match Double,T20 Brisbane Champions League: Melbourne Tuskers vs Brisbane Stars - Toss Match Double Brisbane Stars Winner,170.53,2026-04-12 16:01:55.000000 UTC,2026-04-20 04:00:00.000000 UTC,1
UEFA Champions League: Top Scorer (Club),Will Qarabağ score the most goals in 2025-26 UEFA Champions League?,169.14,2026-02-19 23:14:23.000000 UTC,2026-05-31 00:00:00.000000 UTC,1
Champions League Winner,Will Napoli win the 2023 Champions League?,168.910539,2023-02-24 08:52:44.000000 UTC,2023-06-10 00:00:00.000000 UTC,1
T20 Brisbane Champions League: Iconic Super Knights vs Melbourne Tuskers,T20 Brisbane Champions League: Iconic Super Knights vs Melbourne Tuskers - Who wins the toss?,166.33,2026-04-10 16:01:38.000000 UTC,2026-04-18 04:00:00.000000 UTC,1
Ligue 1: Team to qualify for UEFA Champions League,Will Strasbourg qualify for the League Phase of the 2026-27 UEFA Champions League?,166.2314,2026-04-02 22:18:37.000000 UTC,2026-09-01 00:00:00.000000 UTC,1
T20 Brisbane Champions League: New York Liberty Xi vs Perth United Warriors - Most Sixes,T20 Brisbane Champions League: New York Liberty Xi vs Perth United Warriors - Most Sixes Perth United Warriors Winner,160.89,2026-04-08 16:02:00.000000 UTC,2026-04-15 23:00:00.000000 UTC,1
T20 Brisbane Champions League: Everest Falcons vs New York Liberty Xi,T20 Brisbane Champions League: Everest Falcons vs New York Liberty Xi,159.26,2026-04-04 16:02:16.000000 UTC,2026-04-12 04:00:00.000000 UTC,1
T20 Brisbane Champions League: Melbourne Tuskers vs Brisbane Stars - Toss Match Double,T20 Brisbane Champions League: Melbourne Tuskers vs Brisbane Stars - Toss Match Double Draw,158.51999999999998,2026-04-12 16:01:55.000000 UTC,2026-04-20 04:00:00.000000 UTC,1
T20 Brisbane Champions League: Genid Royals vs Perth United Warriors,T20 Brisbane Champions League: Genid Royals vs Perth United Warriors,158.19000000000003,2026-04-09 16:01:34.000000 UTC,2026-04-16 23:00:00.000000 UTC,1
T20 Brisbane Champions League: Melbourne Tuskers vs Everest Falcons - Team Top Batter,T20 Brisbane Champions League: Melbourne Tuskers vs Everest Falcons - Team Top Batter Draw,153.204,2026-04-17 16:02:18.000000 UTC,2026-04-25 04:00:00.000000 UTC,1
UEFA Champions League: Top Scorer (Club),Will Club Brugge score the most goals in 2025-26 UEFA Champions League?,151.6701,2026-02-19 23:14:18.000000 UTC,2026-05-31 00:00:00.000000 UTC,1
T20 Brisbane Champions League: Melbourne Tuskers vs Everest Falcons,T20 Brisbane Champions League: Melbourne Tuskers vs Everest Falcons - Who wins the toss?,150.72,2026-04-17 16:02:14.000000 UTC,2026-04-25 04:00:00.000000 UTC,1
2025-26 Basketball Champions League: Winner,Will ALBA BERLIN win the 2025-26 Basketball Champions League?,149.99,2026-04-02 19:24:20.000000 UTC,2026-05-24 00:00:00.000000 UTC,1
T20 Brisbane Champions League: Genid Royals vs Perth United Warriors,T20 Brisbane Champions League: Genid Royals vs Perth United Warriors - Completed match?,149.97,2026-04-09 16:01:35.000000 UTC,2026-04-16 23:00:00.000000 UTC,1
T20 Brisbane Champions League: Iconic Super Knights vs Sydney Kangaroos - Team Top Batter,T20 Brisbane Champions League: Iconic Super Knights vs Sydney Kangaroos - Team Top Batter Sydney Kangaroos Winner,149.37720000000002,2026-04-04 16:02:23.000000 UTC,2026-04-12 23:00:00.000000 UTC,1
UEFA Champions League: Most Assists,Will Leandro Trossard record the most assists in the 2025-26 UEFA Champions League?,148.18009999999998,2026-02-20 00:51:31.000000 UTC,2026-05-31 00:00:00.000000 UTC,0
T20 Brisbane Champions League: Brisbane Napoleons vs Melbourne Tuskers,T20 Brisbane Champions League: Brisbane Napoleons vs Melbourne Tuskers - Completed match?,147.39,2026-04-11 16:01:29.000000 UTC,2026-04-18 23:00:00.000000 UTC,1
UEFA Champions League: Most Assists,Will Khvicha Kvaratskhelia record the most assists in the 2025-26 UEFA Champions League?,146.094546,2026-02-20 00:51:23.000000 UTC,2026-05-31 00:00:00.000000 UTC,0
T20 Brisbane Champions League: New York Liberty Xi vs Perth United Warriors - Toss Match Double,T20 Brisbane Champions League: New York Liberty Xi vs Perth United Warriors - Toss Match Double Perth United Warriors Winner,144.82,2026-04-08 16:01:59.000000 UTC,2026-04-15 23:00:00.000000 UTC,1
UEFA Champions League: Sep 13-19,Champions League: Who will win the Real Madrid vs. RB Leipzig game on September 14?,140.491761,2022-09-12 21:14:48.000000 UTC,2022-09-14 00:00:00.000000 UTC,1
EPL: Team to qualify for UEFA Champions League,Will Brighton & Hove Albion qualify for the League Phase of the 2026-27 UEFA Champions League?,140.31,2026-03-30 22:58:51.000000 UTC,2026-09-01 00:00:00.000000 UTC,0
T20 Brisbane Champions League: Sydney Kangaroos vs Brisbane Stars,T20 Brisbane Champions League: Sydney Kangaroos vs Brisbane Stars - Completed match?,140.19,2026-04-08 16:02:04.000000 UTC,2026-04-16 04:00:00.000000 UTC,1
T20 Brisbane Champions League: Iconic Super Knights vs Sydney Kangaroos,T20 Brisbane Champions League: Iconic Super Knights vs Sydney Kangaroos - Completed match?,139.99,2026-04-04 16:02:21.000000 UTC,2026-04-12 23:00:00.000000 UTC,1
Champions League Final: Exact Score ,Will PSG win 3-1?,139.205187,2025-05-30 21:53:51.000000 UTC,2025-05-31 00:00:00.000000 UTC,1
T20 Brisbane Champions League: Everest Falcons vs New York Liberty Xi,T20 Brisbane Champions League: Everest Falcons vs New York Liberty Xi - Completed match?,139.06,2026-04-04 16:02:17.000000 UTC,2026-04-12 04:00:00.000000 UTC,1
T20 Brisbane Champions League: Iconic Super Knights vs Melbourne Tuskers,T20 Brisbane Champions League: Iconic Super Knights vs Melbourne Tuskers - Completed match?,135.74,2026-04-10 16:01:38.000000 UTC,2026-04-18 04:00:00.000000 UTC,1
UEFA Champions League: Most Player of the Match Awards,Will Khvicha Kvaratskhelia record the most Player of the Match awards during the 2025 UEFA Champions League?,135.535525,2026-02-19 22:06:12.000000 UTC,2026-05-31 00:00:00.000000 UTC,0
Champions League Final: Exact Score ,Will PSG win 4-2?,135.0,2025-05-30 21:53:55.000000 UTC,2025-05-31 00:00:00.000000 UTC,1
T20 Brisbane Champions League: Iconic Super Knights vs Sydney Kangaroos,T20 Brisbane Champions League: Iconic Super Knights vs Sydney Kangaroos,135.0,2026-04-04 16:02:20.000000 UTC,2026-04-12 23:00:00.000000 UTC,1
T20 Brisbane Champions League: Iconic Super Knights vs Brisbane Stars,T20 Brisbane Champions League: Iconic Super Knights vs Brisbane Stars - Who wins the toss?,134.78,2026-04-09 16:01:38.000000 UTC,2026-04-17 04:00:00.000000 UTC,1
T20 Brisbane Champions League: Melbourne Tuskers vs Everest Falcons - Most Sixes,T20 Brisbane Champions League: Melbourne Tuskers vs Everest Falcons - Most Sixes Draw,134.514,2026-04-17 16:02:17.000000 UTC,2026-04-25 04:00:00.000000 UTC,1
UEFA Champions League: Top Scorer (Club),Will AS Monaco score the most goals in 2025-26 UEFA Champions League?,134.3559,2026-02-19 23:14:21.000000 UTC,2026-05-31 00:00:00.000000 UTC,1
T20 Brisbane Champions League: Perth United Warriors vs Melbourne Pirates,T20 Brisbane Champions League: Perth United Warriors vs Melbourne Pirates - Completed match?,133.46609999999998,2026-04-10 16:01:34.000000 UTC,2026-04-17 23:00:00.000000 UTC,1
UEFA Champions League: Top Scorer (Club),Will Juventus score the most goals in 2025-26 UEFA Champions League?,133.34,2026-02-19 23:14:19.000000 UTC,2026-05-31 00:00:00.000000 UTC,1
UEFA Champions League: Top Scorer (Club),Will Benfica score the most goals in 2025-26 UEFA Champions League?,133.3355,2026-02-19 23:14:16.000000 UTC,2026-05-31 00:00:00.000000 UTC,1
UEFA Champions League: Top Scorer (Club),Will Inter Milan (Inter) score the most goals in 2025-26 UEFA Champions League?,133.3256,2026-02-19 23:14:19.000000 UTC,2026-05-31 00:00:00.000000 UTC,1
T20 Brisbane Champions League: New York Liberty Xi vs Perth United Warriors - Toss Match Double,T20 Brisbane Champions League: New York Liberty Xi vs Perth United Warriors - Toss Match Double Draw,131.17999999999998,2026-04-08 16:01:59.000000 UTC,2026-04-15 23:00:00.000000 UTC,1
T20 Brisbane Champions League: Brisbane Napoleons vs Iconic Super Knights,T20 Brisbane Champions League: Brisbane Napoleons vs Iconic Super Knights - Completed match?,129.99,2026-04-02 16:02:09.000000 UTC,2026-04-10 23:00:00.000000 UTC,1
T20 Brisbane Champions League: Everest Falcons vs New York Liberty Xi,T20 Brisbane Champions League: Everest Falcons vs New York Liberty Xi - Completed match?,129.99,2026-04-03 16:01:25.000000 UTC,2026-04-11 23:00:00.000000 UTC,1
LaLiga: Team to qualify for UEFA Champions League,Will Rayo Vallecano qualify for the League Phase of the 2026-27 UEFA Champions League?,129.0,2026-04-02 20:30:17.000000 UTC,2026-09-01 00:00:00.000000 UTC,0
T20 Brisbane Champions League: Melbourne Tuskers vs Everest Falcons,T20 Brisbane Champions League: Melbourne Tuskers vs Everest Falcons - Completed match?,127.76,2026-04-17 16:02:15.000000 UTC,2026-04-25 04:00:00.000000 UTC,1
T20 Brisbane Champions League: Melbourne Pirates vs Everest Falcons,T20 Brisbane Champions League: Melbourne Pirates vs Everest Falcons - Completed match?,127.73,2026-04-11 16:01:32.000000 UTC,2026-04-19 04:00:00.000000 UTC,1
LaLiga: Team to qualify for UEFA Champions League,Will Elche qualify for the League Phase of the 2026-27 UEFA Champions League?,126.71,2026-04-02 20:30:19.000000 UTC,2026-09-01 00:00:00.000000 UTC,1
T20 Brisbane Champions League: Iconic Super Knights vs Brisbane Stars,T20 Brisbane Champions League: Iconic Super Knights vs Brisbane Stars - Completed match?,125.76,2026-04-09 16:01:38.000000 UTC,2026-04-17 04:00:00.000000 UTC,1
T20 Brisbane Champions League: Iconic Super Knights vs Brisbane Stars,T20 Brisbane Champions League: Iconic Super Knights vs Brisbane Stars,125.330768,2026-04-09 16:01:37.000000 UTC,2026-04-17 04:00:00.000000 UTC,1
T20 Brisbane Champions League: Brisbane Napoleons vs Iconic Super Knights,T20 Brisbane Champions League: Brisbane Napoleons vs Iconic Super Knights - Who wins the toss?,124.99,2026-04-02 16:02:09.000000 UTC,2026-04-10 23:00:00.000000 UTC,1
T20 Brisbane Champions League: Iconic Super Knights vs Melbourne Tuskers - Most Sixes,T20 Brisbane Champions League: Iconic Super Knights vs Melbourne Tuskers - Most Sixes Draw,124.44,2026-04-10 16:01:39.000000 UTC,2026-04-18 04:00:00.000000 UTC,1
T20 Brisbane Champions League: Iconic Super Knights vs Sydney Kangaroos - Toss Match Double,T20 Brisbane Champions League: Iconic Super Knights vs Sydney Kangaroos - Toss Match Double Iconic Super Knights Winner,121.14,2026-04-04 16:02:21.000000 UTC,2026-04-12 23:00:00.000000 UTC,1
Bundesliga: Team to qualify for UEFA Champions League,Will 1. FC Heidenheim qualify for the League Phase of the 2026-27 UEFA Champions League?,120.52,2026-04-02 21:25:57.000000 UTC,2026-09-01 00:00:00.000000 UTC,1
Bundesliga: Team to qualify for UEFA Champions League,Will 1. FC Köln qualify for the League Phase of the 2026-27 UEFA Champions League?,120.52,2026-04-02 21:25:58.000000 UTC,2026-09-01 00:00:00.000000 UTC,1
Bundesliga: Team to qualify for UEFA Champions League,Will Borussia Mönchengladbach qualify for the League Phase of the 2026-27 UEFA Champions League?,120.52,2026-04-02 21:25:57.000000 UTC,2026-09-01 00:00:00.000000 UTC,1
Bundesliga: Team to qualify for UEFA Champions League,Will Werder Bremen qualify for the League Phase of the 2026-27 UEFA Champions League?,120.51,2026-04-02 21:25:55.000000 UTC,2026-09-01 00:00:00.000000 UTC,1
Bundesliga: Team to qualify for UEFA Champions League,Will VfL Wolfsburg qualify for the League Phase of the 2026-27 UEFA Champions League?,120.51,2026-04-02 21:25:54.000000 UTC,2026-09-01 00:00:00.000000 UTC,1
Bundesliga: Team to qualify for UEFA Champions League,Will FC St. Pauli qualify for the League Phase of the 2026-27 UEFA Champions League?,120.51,2026-04-02 21:25:57.000000 UTC,2026-09-01 00:00:00.000000 UTC,1
T20 Brisbane Champions League: Iconic Super Knights vs Melbourne Tuskers,T20 Brisbane Champions League: Iconic Super Knights vs Melbourne Tuskers,118.476,2026-04-10 16:01:37.000000 UTC,2026-04-18 04:00:00.000000 UTC,1
T20 Brisbane Champions League: Melbourne Tuskers vs Everest Falcons - Toss Match Double,T20 Brisbane Champions League: Melbourne Tuskers vs Everest Falcons - Toss Match Double Draw,118.22,2026-04-17 16:02:16.000000 UTC,2026-04-25 04:00:00.000000 UTC,1
T20 Brisbane Champions League: Melbourne Tuskers vs Everest Falcons - Toss Match Double,T20 Brisbane Champions League: Melbourne Tuskers vs Everest Falcons - Toss Match Double Everest Falcons Winner,117.97,2026-04-17 16:02:16.000000 UTC,2026-04-25 04:00:00.000000 UTC,1
T20 Brisbane Champions League: Melbourne Pirates vs Genid Royals - Most Sixes,T20 Brisbane Champions League: Melbourne Pirates vs Genid Royals - Most Sixes Draw,117.76,2026-04-12 16:01:59.000000 UTC,2026-04-21 00:00:00.000000 UTC,1
T20 Brisbane Champions League: Melbourne Pirates vs Genid Royals - Most Sixes,T20 Brisbane Champions League: Melbourne Pirates vs Genid Royals - Most Sixes Melbourne Pirates Winner,117.76,2026-04-12 16:01:59.000000 UTC,2026-04-21 00:00:00.000000 UTC,1
UEFA Champions League: Most Yellow Cards,Will Álvaro Fernández Carreras record the most yellow cards in 2025-26 UEFA Champions League?,117.297051,2026-02-20 00:41:08.000000 UTC,2026-05-31 00:00:00.000000 UTC,1
LaLiga: Team to qualify for UEFA Champions League,Will Real Oviedo qualify for the League Phase of the 2026-27 UEFA Champions League?,116.64,2026-04-02 20:30:19.000000 UTC,2026-09-01 00:00:00.000000 UTC,1
T20 Brisbane Champions League: Brisbane Napoleons vs Iconic Super Knights - Team Top Batter,T20 Brisbane Champions League: Brisbane Napoleons vs Iconic Super Knights - Team Top Batter Brisbane Napoleons Winner,116.52,2026-04-03 16:01:24.000000 UTC,2026-04-11 04:00:00.000000 UTC,1
Champions League (2/15/2023),Will Chelsea beat Dortmund? (2/15/2023),115.179135,2023-02-14 20:15:56.000000 UTC,2023-02-14 00:00:00.000000 UTC,1
T20 Brisbane Champions League: New York Liberty Xi vs Perth United Warriors,T20 Brisbane Champions League: New York Liberty Xi vs Perth United Warriors - Completed match?,115.0,2026-04-08 16:01:58.000000 UTC,2026-04-15 23:00:00.000000 UTC,1
T20 Brisbane Champions League: Sydney Kangaroos vs Brisbane Stars,T20 Brisbane Champions League: Sydney Kangaroos vs Brisbane Stars,115.0,2026-04-08 16:02:03.000000 UTC,2026-04-16 04:00:00.000000 UTC,1
T20 Brisbane Champions League: Iconic Super Knights vs Sydney Kangaroos - Most Sixes,T20 Brisbane Champions League: Iconic Super Knights vs Sydney Kangaroos - Most Sixes Draw,114.7062,2026-04-04 16:02:22.000000 UTC,2026-04-12 23:00:00.000000 UTC,1
T20 Brisbane Champions League: Genid Royals vs Perth United Warriors - Most Sixes,T20 Brisbane Champions League: Genid Royals vs Perth United Warriors - Most Sixes Draw,114.4737,2026-04-09 16:01:36.000000 UTC,2026-04-16 23:00:00.000000 UTC,1
T20 Brisbane Champions League: Genid Royals vs Perth United Warriors - Toss Match Double,T20 Brisbane Champions League: Genid Royals vs Perth United Warriors - Toss Match Double Genid Royals Winner,114.2482,2026-04-09 16:01:35.000000 UTC,2026-04-16 23:00:00.000000 UTC,1
T20 Brisbane Champions League: Everest Falcons vs New York Liberty Xi - Most Sixes,T20 Brisbane Champions League: Everest Falcons vs New York Liberty Xi - Most Sixes Everest Falcons Winner,113.49,2026-04-04 16:02:19.000000 UTC,2026-04-12 04:00:00.000000 UTC,1
T20 Brisbane Champions League: Melbourne Pirates vs Genid Royals - Team Top Batter,T20 Brisbane Champions League: Melbourne Pirates vs Genid Royals - Team Top Batter Melbourne Pirates Winner,112.18,2026-04-12 16:02:00.000000 UTC,2026-04-21 00:00:00.000000 UTC,1
T20 Brisbane Champions League: New York Liberty Xi vs Perth United Warriors,T20 Brisbane Champions League: New York Liberty Xi vs Perth United Warriors - Who wins the toss?,110.0,2026-04-08 16:01:58.000000 UTC,2026-04-15 23:00:00.000000 UTC,1
Serie A: Team to qualify for UEFA Champions League,Will Torino qualify for the League Phase of the 2026-27 UEFA Champions League?,109.99,2026-04-02 21:59:02.000000 UTC,2026-09-01 00:00:00.000000 UTC,1
T20 Brisbane Champions League: Everest Falcons vs New York Liberty Xi - Toss Match Double,T20 Brisbane Champions League: Everest Falcons vs New York Liberty Xi - Toss Match Double Draw,109.74,2026-04-04 16:02:18.000000 UTC,2026-04-12 04:00:00.000000 UTC,1
T20 Brisbane Champions League: Genid Royals vs Perth United Warriors - Team Top Batter,T20 Brisbane Champions League: Genid Royals vs Perth United Warriors - Team Top Batter Draw,109.33,2026-04-09 16:01:37.000000 UTC,2026-04-16 23:00:00.000000 UTC,1
T20 Brisbane Champions League: Melbourne Tuskers vs Genid Royals - Most Sixes,T20 Brisbane Champions League: Melbourne Tuskers vs Genid Royals - Most Sixes Genid Royals Winner,108.34,2026-04-15 16:02:13.000000 UTC,2026-04-22 23:00:00.000000 UTC,1
T20 Brisbane Champions League: Everest Falcons vs New York Liberty Xi - Team Top Batter,T20 Brisbane Champions League: Everest Falcons vs New York Liberty Xi - Team Top Batter Draw,107.82,2026-04-03 16:01:29.000000 UTC,2026-04-11 23:00:00.000000 UTC,1
T20 Brisbane Champions League: Everest Falcons vs New York Liberty Xi - Most Sixes,T20 Brisbane Champions League: Everest Falcons vs New York Liberty Xi - Most Sixes Everest Falcons Winner,107.82,2026-04-03 16:01:27.000000 UTC,2026-04-11 23:00:00.000000 UTC,1
T20 Brisbane Champions League: Iconic Super Knights vs Sydney Kangaroos - Toss Match Double,T20 Brisbane Champions League: Iconic Super Knights vs Sydney Kangaroos - Toss Match Double Sydney Kangaroos Winner,107.62,2026-04-04 16:02:21.000000 UTC,2026-04-12 23:00:00.000000 UTC,1
T20 Brisbane Champions League: Brisbane Napoleons vs Iconic Super Knights - Toss Match Double,T20 Brisbane Champions League: Brisbane Napoleons vs Iconic Super Knights - Toss Match Double Iconic Super Knights Winner,107.18,2026-04-03 16:01:21.000000 UTC,2026-04-11 04:00:00.000000 UTC,1
Primeira Liga: Team to qualify for UEFA Champions League,Will Estoril Praia qualify for the League Phase of the 2026-27 UEFA Champions League?,107.08,2026-04-02 22:35:55.000000 UTC,2026-06-01 00:00:00.000000 UTC,1
Ligue 1: Team to qualify for UEFA Champions League,Will Paris FC qualify for the League Phase of the 2026-27 UEFA Champions League?,106.483505,2026-04-02 22:18:36.000000 UTC,2026-09-01 00:00:00.000000 UTC,1
2025-26 Basketball Champions League: Winner,Will Asisa Joventut win the 2025-26 Basketball Champions League?,105.82,2026-04-02 19:24:20.000000 UTC,2026-05-24 00:00:00.000000 UTC,1
Primeira Liga: Team to qualify for UEFA Champions League,Will AVS qualify for the League Phase of the 2026-27 UEFA Champions League?,105.0,2026-04-02 22:35:53.000000 UTC,2026-06-01 00:00:00.000000 UTC,1
LaLiga: Team to qualify for UEFA Champions League,Will Athletic Club qualify for the League Phase of the 2026-27 UEFA Champions League?,104.99,2026-04-02 20:30:14.000000 UTC,2026-09-01 00:00:00.000000 UTC,0
Primeira Liga: Team to qualify for UEFA Champions League,Will Tondela qualify for the League Phase of the 2026-27 UEFA Champions League?,104.99,2026-04-02 22:35:58.000000 UTC,2026-06-01 00:00:00.000000 UTC,1
T20 Brisbane Champions League: Everest Falcons vs New York Liberty Xi - Team Top Batter,T20 Brisbane Champions League: Everest Falcons vs New York Liberty Xi - Team Top Batter Everest Falcons Winner,103.82,2026-04-03 16:01:29.000000 UTC,2026-04-11 23:00:00.000000 UTC,1
T20 Brisbane Champions League: Iconic Super Knights vs Brisbane Stars - Team Top Batter,T20 Brisbane Champions League: Iconic Super Knights vs Brisbane Stars - Team Top Batter Draw,103.8,2026-04-09 16:01:40.000000 UTC,2026-04-17 04:00:00.000000 UTC,1
T20 Brisbane Champions League: New York Liberty Xi vs Perth United Warriors - Most Sixes,T20 Brisbane Champions League: New York Liberty Xi vs Perth United Warriors - Most Sixes Draw,103.7753,2026-04-08 16:02:00.000000 UTC,2026-04-15 23:00:00.000000 UTC,1
T20 Brisbane Champions League: Melbourne Tuskers vs Genid Royals - Most Sixes,T20 Brisbane Champions League: Melbourne Tuskers vs Genid Royals - Most Sixes Draw,103.04,2026-04-15 16:02:13.000000 UTC,2026-04-22 23:00:00.000000 UTC,1
T20 Brisbane Champions League: Brisbane Napoleons vs Iconic Super Knights - Toss Match Double,T20 Brisbane Champions League: Brisbane Napoleons vs Iconic Super Knights - Toss Match Double Brisbane Napoleons Winner,102.83,2026-04-02 16:02:09.000000 UTC,2026-04-10 23:00:00.000000 UTC,1
Ligue 1: Team to qualify for UEFA Champions League,Will Le Havre qualify for the League Phase of the 2026-27 UEFA Champions League?,102.621577,2026-04-02 22:18:33.000000 UTC,2026-09-01 00:00:00.000000 UTC,1
T20 Brisbane Champions League: Iconic Super Knights vs Brisbane Stars - Toss Match Double,T20 Brisbane Champions League: Iconic Super Knights vs Brisbane Stars - Toss Match Double Brisbane Stars Winner,102.6,2026-04-09 16:01:39.000000 UTC,2026-04-17 04:00:00.000000 UTC,1
T20 Brisbane Champions League: Iconic Super Knights vs Brisbane Stars - Toss Match Double,T20 Brisbane Champions League: Iconic Super Knights vs Brisbane Stars - Toss Match Double Draw,102.55,2026-04-09 16:01:39.000000 UTC,2026-04-17 04:00:00.000000 UTC,1
T20 Brisbane Champions League: Iconic Super Knights vs Brisbane Stars - Team Top Batter,T20 Brisbane Champions League: Iconic Super Knights vs Brisbane Stars - Team Top Batter Brisbane Stars Winner,102.52,2026-04-09 16:01:40.000000 UTC,2026-04-17 04:00:00.000000 UTC,1
T20 Brisbane Champions League: Everest Falcons vs New York Liberty Xi - Team Top Batter,T20 Brisbane Champions League: Everest Falcons vs New York Liberty Xi - Team Top Batter Everest Falcons Winner,102.24,2026-04-04 16:02:20.000000 UTC,2026-04-12 04:00:00.000000 UTC,1
T20 Brisbane Champions League: Everest Falcons vs New York Liberty Xi - Team Top Batter,T20 Brisbane Champions League: Everest Falcons vs New York Liberty Xi - Team Top Batter Draw,102.24,2026-04-04 16:02:20.000000 UTC,2026-04-12 04:00:00.000000 UTC,1
T20 Brisbane Champions League: Melbourne Pirates vs Genid Royals - Toss Match Double,T20 Brisbane Champions League: Melbourne Pirates vs Genid Royals - Toss Match Double Genid Royals Winner,101.82,2026-04-12 16:01:59.000000 UTC,2026-04-21 00:00:00.000000 UTC,1
UEFA Champions League: Sep 13-19,Champions League: Who will win the Bayern vs. Barcelona game on September 13?,101.235842,2022-09-12 20:57:16.000000 UTC,2022-09-13 00:00:00.000000 UTC,1
Serie A: Team to qualify for UEFA Champions League,Will Lecce qualify for the League Phase of the 2026-27 UEFA Champions League?,100.0,2026-04-02 21:59:00.000000 UTC,2026-09-01 00:00:00.000000 UTC,1
Serie A: Team to qualify for UEFA Champions League,Will Cremonese qualify for the League Phase of the 2026-27 UEFA Champions League?,99.99,2026-04-02 21:58:58.000000 UTC,2026-09-01 00:00:00.000000 UTC,1
Primeira Liga: Team to qualify for UEFA Champions League,Will Vitória de Guimarães qualify for the League Phase of the 2026-27 UEFA Champions League?,99.99,2026-04-02 22:35:58.000000 UTC,2026-06-01 00:00:00.000000 UTC,1
Primeira Liga: Team to qualify for UEFA Champions League,Will Nacional qualify for the League Phase of the 2026-27 UEFA Champions League?,99.99,2026-04-02 22:35:56.000000 UTC,2026-06-01 00:00:00.000000 UTC,1
Primeira Liga: Team to qualify for UEFA Champions League,Will Gil Vicente qualify for the League Phase of the 2026-27 UEFA Champions League?,99.99,2026-04-02 22:35:56.000000 UTC,2026-06-01 00:00:00.000000 UTC,1
Primeira Liga: Team to qualify for UEFA Champions League,Will Moreirense qualify for the League Phase of the 2026-27 UEFA Champions League?,99.99,2026-04-02 22:35:56.000000 UTC,2026-06-01 00:00:00.000000 UTC,1
Primeira Liga: Team to qualify for UEFA Champions League,Will Famalicão qualify for the League Phase of the 2026-27 UEFA Champions League?,99.99,2026-04-02 22:35:55.000000 UTC,2026-06-01 00:00:00.000000 UTC,1
Primeira Liga: Team to qualify for UEFA Champions League,Will Rio Ave qualify for the League Phase of the 2026-27 UEFA Champions League?,99.99,2026-04-02 22:35:57.000000 UTC,2026-06-01 00:00:00.000000 UTC,1
Ligue 1: Team to qualify for UEFA Champions League,Will Nice qualify for the League Phase of the 2026-27 UEFA Champions League?,99.99,2026-04-02 22:18:36.000000 UTC,2026-09-01 00:00:00.000000 UTC,1
Serie A: Team to qualify for UEFA Champions League,Will Pisa qualify for the League Phase of the 2026-27 UEFA Champions League?,99.99,2026-04-02 21:59:01.000000 UTC,2026-09-01 00:00:00.000000 UTC,1
Serie A: Team to qualify for UEFA Champions League,Will Verona qualify for the League Phase of the 2026-27 UEFA Champions League?,99.99,2026-04-02 21:59:02.000000 UTC,2026-09-01 00:00:00.000000 UTC,1
Serie A: Team to qualify for UEFA Champions League,Will Fiorentina qualify for the League Phase of the 2026-27 UEFA Champions League?,99.99,2026-04-02 21:58:58.000000 UTC,2026-09-01 00:00:00.000000 UTC,1
T20 Brisbane Champions League: Melbourne Pirates vs Everest Falcons - Team Top Batter,T20 Brisbane Champions League: Melbourne Pirates vs Everest Falcons - Team Top Batter Melbourne Pirates Winner,97.04,2026-04-11 16:01:36.000000 UTC,2026-04-19 04:00:00.000000 UTC,1
T20 Brisbane Champions League: Melbourne Pirates vs Everest Falcons - Team Top Batter,T20 Brisbane Champions League: Melbourne Pirates vs Everest Falcons - Team Top Batter Draw,97.04,2026-04-11 16:01:36.000000 UTC,2026-04-19 04:00:00.000000 UTC,1
T20 Brisbane Champions League: Melbourne Pirates vs Genid Royals - Toss Match Double,T20 Brisbane Champions League: Melbourne Pirates vs Genid Royals - Toss Match Double Draw,96.24,2026-04-12 16:01:59.000000 UTC,2026-04-21 00:00:00.000000 UTC,1
T20 Brisbane Champions League: Melbourne Pirates vs Everest Falcons - Most Sixes,T20 Brisbane Champions League: Melbourne Pirates vs Everest Falcons - Most Sixes Melbourne Pirates Winner,95.4,2026-04-11 16:01:34.000000 UTC,2026-04-19 04:00:00.000000 UTC,1
T20 Brisbane Champions League: Melbourne Pirates vs Everest Falcons - Most Sixes,T20 Brisbane Champions League: Melbourne Pirates vs Everest Falcons - Most Sixes Draw,95.27,2026-04-11 16:01:34.000000 UTC,2026-04-19 04:00:00.000000 UTC,1
T20 Brisbane Champions League: Iconic Super Knights vs Sydney Kangaroos - Team Top Batter,T20 Brisbane Champions League: Iconic Super Knights vs Sydney Kangaroos - Team Top Batter Draw,92.47,2026-04-04 16:02:23.000000 UTC,2026-04-12 23:00:00.000000 UTC,1
T20 Brisbane Champions League: Melbourne Pirates vs Genid Royals - Team Top Batter,T20 Brisbane Champions League: Melbourne Pirates vs Genid Royals - Team Top Batter Draw,92.21,2026-04-12 16:02:00.000000 UTC,2026-04-21 00:00:00.000000 UTC,1
UEFA Champions League: Most Cards,Will Lamine Yamal record the most cards in 2025-26 UEFA Champions League,92.0909,2026-02-20 00:11:18.000000 UTC,2026-05-31 00:00:00.000000 UTC,1
T20 Brisbane Champions League: Melbourne Pirates vs Everest Falcons - Toss Match Double,T20 Brisbane Champions League: Melbourne Pirates vs Everest Falcons - Toss Match Double Melbourne Pirates Winner,91.06,2026-04-11 16:01:33.000000 UTC,2026-04-19 04:00:00.000000 UTC,1
T20 Brisbane Champions League: Melbourne Pirates vs Everest Falcons - Toss Match Double,T20 Brisbane Champions League: Melbourne Pirates vs Everest Falcons - Toss Match Double Draw,91.06,2026-04-11 16:01:34.000000 UTC,2026-04-19 04:00:00.000000 UTC,1
Ligue 1: Team to qualify for UEFA Champions League,Will Auxerre qualify for the League Phase of the 2026-27 UEFA Champions League?,90.81365,2026-04-02 22:18:32.000000 UTC,2026-09-01 00:00:00.000000 UTC,1
T20 Brisbane Champions League: Sydney Kangaroos vs Brisbane Stars - Toss Match Double,T20 Brisbane Champions League: Sydney Kangaroos vs Brisbane Stars - Toss Match Double Sydney Kangaroos Winner,87.82,2026-04-08 16:02:04.000000 UTC,2026-04-16 04:00:00.000000 UTC,1
T20 Brisbane Champions League: Sydney Kangaroos vs Brisbane Stars - Team Top Batter,T20 Brisbane Champions League: Sydney Kangaroos vs Brisbane Stars - Team Top Batter Sydney Kangaroos Winner,87.82,2026-04-08 16:02:07.000000 UTC,2026-04-16 04:00:00.000000 UTC,1
Ligue 1: Team to qualify for UEFA Champions League,Will Angers qualify for the League Phase of the 2026-27 UEFA Champions League?,86.86,2026-04-02 22:18:32.000000 UTC,2026-09-01 00:00:00.000000 UTC,1
UEFA Champions League: Sep 13-19,Champions League: Who will win the Juventus vs. Benfica game on September 14?,86.065065,2022-09-12 21:04:03.000000 UTC,2022-09-14 00:00:00.000000 UTC,1
T20 Brisbane Champions League: New York Liberty Xi vs Melbourne Pirates - Toss Match Double,T20 Brisbane Champions League: New York Liberty Xi vs Melbourne Pirates - Toss Match Double New York Liberty Xi Winner,84.57,2026-04-12 16:01:52.000000 UTC,2026-04-19 23:00:00.000000 UTC,1
T20 Brisbane Champions League: Brisbane Napoleons vs Iconic Super Knights - Toss Match Double,T20 Brisbane Champions League: Brisbane Napoleons vs Iconic Super Knights - Toss Match Double Brisbane Napoleons Winner,82.82,2026-04-03 16:01:21.000000 UTC,2026-04-11 04:00:00.000000 UTC,1
Primeira Liga: Team to qualify for UEFA Champions League,Will Santa Clara qualify for the League Phase of the 2026-27 UEFA Champions League?,82.31,2026-04-02 22:35:57.000000 UTC,2026-06-01 00:00:00.000000 UTC,1
Primeira Liga: Team to qualify for UEFA Champions League,Will Arouca qualify for the League Phase of the 2026-27 UEFA Champions League?,82.31,2026-04-02 22:35:53.000000 UTC,2026-06-01 00:00:00.000000 UTC,1
Primeira Liga: Team to qualify for UEFA Champions League,Will Casa Pia qualify for the League Phase of the 2026-27 UEFA Champions League?,82.31,2026-04-02 22:35:54.000000 UTC,2026-06-01 00:00:00.000000 UTC,1
Ligue 1: Team to qualify for UEFA Champions League,Will Lens qualify for the League Phase of the 2026-27 UEFA Champions League?,81.89,2026-04-02 22:18:33.000000 UTC,2026-09-01 00:00:00.000000 UTC,0
Bundesliga: Team to qualify for UEFA Champions League,Will Bayer Leverkusen qualify for the League Phase of the 2026-27 UEFA Champions League?,81.88,2026-04-02 21:25:53.000000 UTC,2026-09-01 00:00:00.000000 UTC,0
Ligue 1: Team to qualify for UEFA Champions League,Will Metz qualify for the League Phase of the 2026-27 UEFA Champions League?,79.509999999999991,2026-04-02 22:18:35.000000 UTC,2026-09-01 00:00:00.000000 UTC,1
Champions League Final: Exact Score ,Will Inter Milan win 4-2?,78.787876,2025-05-30 21:53:55.000000 UTC,2025-05-31 00:00:00.000000 UTC,1
T20 Brisbane Champions League: Iconic Super Knights vs Sydney Kangaroos - Most Sixes,T20 Brisbane Champions League: Iconic Super Knights vs Sydney Kangaroos - Most Sixes Iconic Super Knights Winner,76.759999999999991,2026-04-04 16:02:22.000000 UTC,2026-04-12 23:00:00.000000 UTC,1
Primeira Liga: Team to qualify for UEFA Champions League,Will Alverca qualify for the League Phase of the 2026-27 UEFA Champions League?,75.61,2026-04-02 22:35:52.000000 UTC,2026-06-01 00:00:00.000000 UTC,1
LaLiga: Team to qualify for UEFA Champions League,Will Espanyol qualify for the League Phase of the 2026-27 UEFA Champions League?,74.0,2026-04-02 20:30:18.000000 UTC,2026-09-01 00:00:00.000000 UTC,1
EPL: Team to qualify for UEFA Champions League,Will Brentford qualify for the League Phase of the 2026-27 UEFA Champions League?,73.756650000000008,2026-03-30 22:58:51.000000 UTC,2026-09-01 00:00:00.000000 UTC,0
Primeira Liga: Team to qualify for UEFA Champions League,Will Estrela da Amadora qualify for the League Phase of the 2026-27 UEFA Champions League?,62.92,2026-04-02 22:35:55.000000 UTC,2026-06-01 00:00:00.000000 UTC,1
LaLiga: Team to qualify for UEFA Champions League,Will Osasuna qualify for the League Phase of the 2026-27 UEFA Champions League?,55.59,2026-04-02 20:30:17.000000 UTC,2026-09-01 00:00:00.000000 UTC,0
T20 Brisbane Champions League: Sydney Kangaroos vs Brisbane Stars - Most Sixes,T20 Brisbane Champions League: Sydney Kangaroos vs Brisbane Stars - Most Sixes Brisbane Stars Winner,53.45,2026-04-08 16:02:05.000000 UTC,2026-04-16 04:00:00.000000 UTC,1
Serie A: Team to qualify for UEFA Champions League,Will Roma qualify for the League Phase of the 2026-27 UEFA Champions League?,49.4,2026-04-02 21:59:01.000000 UTC,2026-09-01 00:00:00.000000 UTC,0
UEFA Champions League: Most Assists,Will Antoine Griezmann record the most assists in the 2025-26 UEFA Champions League?,46.16,2026-02-20 00:51:29.000000 UTC,2026-05-31 00:00:00.000000 UTC,0
T20 Brisbane Champions League: Brisbane Napoleons vs Iconic Super Knights - Most Sixes,T20 Brisbane Champions League: Brisbane Napoleons vs Iconic Super Knights - Most Sixes Draw,45.82,2026-04-02 16:02:10.000000 UTC,2026-04-10 23:00:00.000000 UTC,1
Bundesliga: Team to qualify for UEFA Champions League,Will RB Leipzig qualify for the League Phase of the 2026-27 UEFA Champions League?,41.76,2026-04-02 21:25:54.000000 UTC,2026-09-01 00:00:00.000000 UTC,0
T20 Brisbane Champions League: New York Liberty Xi vs Perth United Warriors - Team Top Batter,T20 Brisbane Champions League: New York Liberty Xi vs Perth United Warriors - Team Top Batter Draw,39.58,2026-04-08 16:02:02.000000 UTC,2026-04-15 23:00:00.000000 UTC,1
Champions League (2/15/2023),Will Benfica beat Club Brugge? (2/15/2023),38.02407,2023-02-14 19:28:04.000000 UTC,2023-02-14 00:00:00.000000 UTC,1
Serie A: Team to qualify for UEFA Champions League,Will Cagliari qualify for the League Phase of the 2026-27 UEFA Champions League?,36.2,2026-04-02 21:58:57.000000 UTC,2026-09-01 00:00:00.000000 UTC,1
Serie A: Team to qualify for UEFA Champions League,Will Como qualify for the League Phase of the 2026-27 UEFA Champions League?,35.3097,2026-04-02 21:58:57.000000 UTC,2026-09-01 00:00:00.000000 UTC,0
UEFA Champions League: Sep 13-19,Champions League: Who will win the Liverpool vs. Ajax game on September 13?,34.826427,2022-09-12 20:59:49.000000 UTC,2022-09-13 00:00:00.000000 UTC,1
2025-26 Basketball Champions League: Winner,Will Galatasaray MCT Technic win the 2025-26 Basketball Champions League?,33.33,2026-04-02 19:24:21.000000 UTC,2026-05-24 00:00:00.000000 UTC,1
UEFA Champions League: Most Assists,Will Achraf Hakimi record the most assists in the 2025-26 UEFA Champions League?,30.5,2026-02-20 00:51:32.000000 UTC,2026-05-31 00:00:00.000000 UTC,0
Primeira Liga: Team to qualify for UEFA Champions League,Will Braga qualify for the League Phase of the 2026-27 UEFA Champions League?,28.41,2026-04-02 22:35:54.000000 UTC,2026-06-01 00:00:00.000000 UTC,0
UEFA Champions League: Most Red Cards,Will Luis Diaz record the most red cards in 2025-26 UEFA Champions League?,26.7,2026-02-20 00:32:06.000000 UTC,2026-05-31 00:00:00.000000 UTC,0
UEFA Champions League: Most Red Cards,Will Robert Andrich record the most red cards in 2025-26 UEFA Champions League?,26.7,2026-02-20 00:32:04.000000 UTC,2026-05-31 00:00:00.000000 UTC,0
UEFA Champions League: Most Red Cards,Will Thiago Almada record the most red cards in 2025-26 UEFA Champions League?,26.7,2026-02-20 00:32:07.000000 UTC,2026-05-31 00:00:00.000000 UTC,0
UEFA Champions League: Most Red Cards,Will Ilya Zabarnyi record the most red cards in 2025-26 UEFA Champions League?,26.7,2026-02-20 00:32:05.000000 UTC,2026-05-31 00:00:00.000000 UTC,0
UEFA Champions League: Most Red Cards,Will Julian Alvarez record the most red cards in 2025-26 UEFA Champions League?,26.7,2026-02-20 00:32:07.000000 UTC,2026-05-31 00:00:00.000000 UTC,0
UEFA Champions League: Most Red Cards,Will Lucas Hernández record the most red cards in 2025-26 UEFA Champions League?,26.7,2026-02-20 00:32:05.000000 UTC,2026-05-31 00:00:00.000000 UTC,0
Champions League: 2023-04-19,Will Man City beat Bayern? 2023-04-19,20.267461,2023-04-13 17:20:28.000000 UTC,2023-04-18 00:00:00.000000 UTC,1
T20 Brisbane Champions League: Brisbane Napoleons vs Iconic Super Knights - Toss Match Double,T20 Brisbane Champions League: Brisbane Napoleons vs Iconic Super Knights - Toss Match Double Draw,18.98,2026-04-02 16:02:09.000000 UTC,2026-04-10 23:00:00.000000 UTC,1
T20 Brisbane Champions League: Iconic Super Knights vs Sydney Kangaroos - Most Sixes,T20 Brisbane Champions League: Iconic Super Knights vs Sydney Kangaroos - Most Sixes Sydney Kangaroos Winner,12.55,2026-04-04 16:02:22.000000 UTC,2026-04-12 23:00:00.000000 UTC,1
T20 Brisbane Champions League: New York Liberty Xi vs Perth United Warriors - Team Top Batter,T20 Brisbane Champions League: New York Liberty Xi vs Perth United Warriors - Team Top Batter Perth United Warriors Winner,10.58,2026-04-08 16:02:02.000000 UTC,2026-04-15 23:00:00.000000 UTC,1
T20 Brisbane Champions League: New York Liberty Xi vs Perth United Warriors - Team Top Batter,T20 Brisbane Champions League: New York Liberty Xi vs Perth United Warriors - Team Top Batter New York Liberty Xi Winner,10.0,2026-04-08 16:02:02.000000 UTC,2026-04-15 23:00:00.000000 UTC,1
Ligue 1: Team to qualify for UEFA Champions League,Will Lyon qualify for the League Phase of the 2026-27 UEFA Champions League?,7.98946,2026-04-02 22:18:35.000000 UTC,2026-09-01 00:00:00.000000 UTC,0
Champions League Final: Exact Score ,Will Inter Milan win 6-1?,0.0,2025-05-30 21:54:02.000000 UTC,2025-05-31 00:00:00.000000 UTC,1
UEFA Champions League: Team to reach quarter-finals,Will Galatasaray reach the UEFA Champions League quarter-finals?,0.0,2026-03-10 17:07:25.000000 UTC,2026-04-16 00:00:00.000000 UTC,1
UEFA Champions League: Team to reach quarter-finals,Will Atlético Madrid reach the UEFA Champions League quarter-finals?,0.0,2026-03-10 17:07:23.000000 UTC,2026-04-16 00:00:00.000000 UTC,1
UEFA Champions League: Most Cards,Will Santiago Hezze record the most cards in 2025-26 UEFA Champions League?,0.0,2026-02-20 00:11:17.000000 UTC,2026-05-31 00:00:00.000000 UTC,1
UEFA Champions League: Most Clean Sheets (GK),Will Nick Pope record the most clean sheets in the 2025-26 UEFA Champions League?,0.0,2026-02-19 23:48:55.000000 UTC,2026-05-31 00:00:00.000000 UTC,1
Bundesliga: Team to qualify for UEFA Champions League,Will TSG Hoffenheim qualify for the League Phase of the 2026-27 UEFA Champions League?,0.0,2026-04-02 21:25:56.000000 UTC,2026-09-01 00:00:00.000000 UTC,0
UEFA Champions League: Team to reach quarter-finals,Will Atalanta reach the UEFA Champions League quarter-finals?,0.0,2026-03-10 17:07:24.000000 UTC,2026-04-16 00:00:00.000000 UTC,1
UEFA Champions League: Most Clean Sheets (GK),Will Marco Carnesecchi record the most clean sheets in the 2025-26 UEFA Champions League?,0.0,2026-02-19 23:48:56.000000 UTC,2026-05-31 00:00:00.000000 UTC,1
UEFA Champions League: Most Clean Sheets (GK),Will David Raya record the most clean sheets in the 2025-26 UEFA Champions League?,0.0,2026-02-19 23:48:57.000000 UTC,2026-05-31 00:00:00.000000 UTC,1
UEFA Champions League: Team to reach quarter-finals,Will Bayern München reach the UEFA Champions League quarter-finals?,0.0,2026-03-10 17:07:17.000000 UTC,2026-04-16 00:00:00.000000 UTC,1
Bundesliga: Team to qualify for UEFA Champions League,Will Hamburger SV qualify for the League Phase of the 2026-27 UEFA Champions League?,0.0,2026-04-02 21:25:57.000000 UTC,2026-09-01 00:00:00.000000 UTC,1
UEFA Champions League: Most Cards,Will Morten Hjulmand record the most cards in 2025-26 UEFA Champions League?,0.0,2026-02-20 00:11:23.000000 UTC,2026-05-31 00:00:00.000000 UTC,0
Bundesliga: Team to qualify for UEFA Champions League,Will VfB Stuttgart qualify for the League Phase of the 2026-27 UEFA Champions League?,0.0,2026-04-02 21:25:54.000000 UTC,2026-09-01 00:00:00.000000 UTC,0
UEFA Champions League: Top Scorer (Club),Will Chelsea score the most goals in 2025-26 UEFA Champions League?,0.0,2026-02-19 23:14:13.000000 UTC,2026-05-31 00:00:00.000000 UTC,1
UEFA Champions League: Team to reach quarter-finals,Will Newcastle reach the UEFA Champions League quarter-finals?,0.0,2026-03-10 17:07:23.000000 UTC,2026-04-16 00:00:00.000000 UTC,1
UEFA Champions League: Most Goal Contributions,Will Harvey Barnes have the most goal contributions in the 2025-26 Champions League?,0.0,2026-02-20 01:07:46.000000 UTC,2026-05-31 00:00:00.000000 UTC,1
Which teams will reach the Round of 16 of the UEFA Champions League?,Will Liverpool advance to the Round of 16 in the 2024-25 UEFA Champions League?,0.0,2025-01-28 00:30:14.000000 UTC,2025-02-19 12:00:00.000000 UTC,1
UEFA Champions League: Team to reach quarter-finals,Will Arsenal reach the UEFA Champions League quarter-finals?,0.0,2026-03-10 17:07:16.000000 UTC,2026-04-16 00:00:00.000000 UTC,1
Which teams will reach the Round of 16 of the UEFA Champions League?,Will Barcelona advance to the Round of 16 in the 2024-25 UEFA Champions League?,0.0,2025-01-28 00:30:14.000000 UTC,2025-02-19 12:00:00.000000 UTC,1
Serie A: Team to qualify for UEFA Champions League,Will Parma qualify for the League Phase of the 2026-27 UEFA Champions League?,0.0,2026-04-02 21:59:00.000000 UTC,2026-09-01 00:00:00.000000 UTC,1
UEFA Champions League: Top Scorer (Club),Will Galatasaray score the most goals in 2025-26 UEFA Champions League?,0.0,2026-02-19 23:14:18.000000 UTC,2026-05-31 00:00:00.000000 UTC,1
UEFA Champions League: Most Goal Contributions,Will Victor Osimhen have the most goal contributions in the 2025-26 Champions League?,0.0,2026-02-20 01:07:48.000000 UTC,2026-05-31 00:00:00.000000 UTC,1
UEFA Champions League: Team to advance to semis,Will Atalanta reach the UEFA Champions League semifinal?,0.0,2026-03-09 18:03:51.000000 UTC,2026-05-07 00:00:00.000000 UTC,1
UEFA Champions League: Team to advance to semis,Will Newcastle reach the UEFA Champions League semifinal?,0.0,2026-03-09 18:03:50.000000 UTC,2026-05-07 00:00:00.000000 UTC,1
UEFA Champions League: Team to advance to semis,Will Tottenham Hotspur reach the UEFA Champions League semifinal?,0.0,2026-03-09 18:03:45.000000 UTC,2026-05-07 00:00:00.000000 UTC,1
UEFA Champions League: Most Cards,Will Declan Rice record the most cards in 2025-26 UEFA Champions League?,0.0,2026-02-20 00:11:18.000000 UTC,2026-05-31 00:00:00.000000 UTC,0
UEFA Champions League: Team to advance to semis,Will Chelsea reach the UEFA Champions League semifinal?,0.0,2026-03-09 18:03:46.000000 UTC,2026-05-07 00:00:00.000000 UTC,1
UEFA Champions League: Team to advance to semis,Will Galatasaray reach the UEFA Champions League semifinal?,0.0,2026-03-09 18:03:53.000000 UTC,2026-05-07 00:00:00.000000 UTC,1
UEFA Champions League: Team to advance to semis,Will Leverkusen reach the UEFA Champions League semifinal?,0.0,2026-03-09 18:03:52.000000 UTC,2026-05-07 00:00:00.000000 UTC,1
Champions League Final: Exact Score ,Will Inter Milan win 3-0?,0.0,2025-05-30 21:53:50.000000 UTC,2025-05-31 00:00:00.000000 UTC,1
Champions League Final: Exact Score ,Will PSG win 6-0?,0.0,2025-05-30 21:54:01.000000 UTC,2025-05-31 00:00:00.000000 UTC,1
Serie A: Team to qualify for UEFA Champions League,Will Genoa qualify for the League Phase of the 2026-27 UEFA Champions League?,0.0,2026-04-02 21:58:58.000000 UTC,2026-09-01 00:00:00.000000 UTC,1
UEFA Champions League: Top Scorer (Club),Will Tottenham Hotspur score the most goals in 2025-26 UEFA Champions League?,0.0,2026-02-19 23:14:12.000000 UTC,2026-05-31 00:00:00.000000 UTC,1
UEFA Champions League: Team to reach quarter-finals,Will Sporting CP reach the UEFA Champions League quarter-finals?,0.0,2026-03-10 17:07:20.000000 UTC,2026-04-16 00:00:00.000000 UTC,1
UEFA Champions League: Most Yellow Cards,Will Aitor Paredes record the most yellow cards in 2025-26 UEFA Champions League?,0.0,2026-02-20 00:41:07.000000 UTC,2026-05-31 00:00:00.000000 UTC,1
Serie A: Team to qualify for UEFA Champions League,Will Juventus qualify for the League Phase of the 2026-27 UEFA Champions League?,0.0,2026-04-02 21:58:59.000000 UTC,2026-09-01 00:00:00.000000 UTC,0
UEFA Champions League: Top Scorer (Club),Will Newcastle United score the most goals in 2025-26 UEFA Champions League?,0.0,2026-02-19 23:14:21.000000 UTC,2026-05-31 00:00:00.000000 UTC,1
UEFA Champions League: Top Scorer (Club),Will Bodø/Glimt score the most goals in 2025-26 UEFA Champions League?,0.0,2026-02-19 23:14:17.000000 UTC,2026-05-31 00:00:00.000000 UTC,1
Ligue 1: Team to qualify for UEFA Champions League,Will Rennes qualify for the League Phase of the 2026-27 UEFA Champions League?,0.0,2026-04-02 22:18:37.000000 UTC,2026-09-01 00:00:00.000000 UTC,0
UEFA Champions League: Top Scorer (Club),Will Bayer Leverkusen score the most goals in 2025-26 UEFA Champions League?,0.0,2026-02-19 23:14:20.000000 UTC,2026-05-31 00:00:00.000000 UTC,1
Ligue 1: Team to qualify for UEFA Champions League,Will Lille qualify for the League Phase of the 2026-27 UEFA Champions League?,0.0,2026-04-02 22:18:34.000000 UTC,2026-09-01 00:00:00.000000 UTC,0
UEFA Champions League: Team to advance to semis,Will Bodø/Glimt reach the UEFA Champions League semifinal?,0.0,2026-03-09 18:03:53.000000 UTC,2026-05-07 00:00:00.000000 UTC,1
UEFA Champions League: Most Cards,Will Martín Zubimendi record the most cards in 2025-26 UEFA Champions League?,0.0,2026-02-20 00:11:19.000000 UTC,2026-05-31 00:00:00.000000 UTC,0
UEFA Champions League: Most Cards,Will Kim Min-Jae record the most cards in 2025-26 UEFA Champions League?,0.0,2026-02-20 00:11:22.000000 UTC,2026-05-31 00:00:00.000000 UTC,0
Ligue 1: Team to qualify for UEFA Champions League,Will Monaco qualify for the League Phase of the 2026-27 UEFA Champions League?,0.0,2026-04-02 22:18:36.000000 UTC,2026-09-01 00:00:00.000000 UTC,0
UEFA Champions League: Home country of champion,Will a team from Turkey be the 2026 Champions League winner?,0.0,2026-03-05 20:46:41.000000 UTC,2026-06-13 00:00:00.000000 UTC,1
UEFA Champions League: Team to reach quarter-finals,Will Liverpool reach the UEFA Champions League quarter-finals?,0.0,2026-03-10 17:07:17.000000 UTC,2026-04-16 00:00:00.000000 UTC,1
UEFA Champions League: Team to reach quarter-finals,Will Leverkusen reach the UEFA Champions League quarter-finals?,0.0,2026-03-10 17:07:25.000000 UTC,2026-04-16 00:00:00.000000 UTC,1
Champions League Final: Exact Score ,Will PSG win 4-3?,0.0,2025-05-30 21:53:55.000000 UTC,2025-05-31 00:00:00.000000 UTC,1
UEFA Champions League: Most Cards,Will Mikel Merino record the most cards in 2025-26 UEFA Champions League?,0.0,2026-02-20 00:11:21.000000 UTC,2026-05-31 00:00:00.000000 UTC,0
UEFA Champions League Winner ,Will Atalanta win the 2025–26 Champions League?,0.0,2025-07-21 20:58:48.000000 UTC,2026-05-31 00:00:00.000000 UTC,1
UEFA Champions League: Top Scorer (Club),Will Atalanta score the most goals in 2025-26 UEFA Champions League?,0.0,2026-02-19 23:14:15.000000 UTC,2026-05-31 00:00:00.000000 UTC,1
UEFA Champions League: Team to reach quarter-finals,Will Bodø/Glimt reach the UEFA Champions League quarter-finals?,0.0,2026-03-10 17:07:26.000000 UTC,2026-04-16 00:00:00.000000 UTC,1
UEFA Champions League: Home country of champion,Will a team from Italy be the 2026 Champions League winner?,0.0,2026-03-05 20:46:39.000000 UTC,2026-06-13 00:00:00.000000 UTC,1
Ligue 1: Team to qualify for UEFA Champions League,Will Marseille qualify for the League Phase of the 2026-27 UEFA Champions League?,0.0,2026-04-02 22:18:35.000000 UTC,2026-09-01 00:00:00.000000 UTC,0
UEFA Champions League: Team to reach final,Will Newcastle United reach the UEFA Champions League final?,0.0,2026-03-05 19:46:20.000000 UTC,2026-05-07 00:00:00.000000 UTC,1
UEFA Champions League: Team to reach final,Will Bodø/Glimt reach the UEFA Champions League final?,0.0,2026-03-05 19:46:23.000000 UTC,2026-05-07 00:00:00.000000 UTC,1
UEFA Champions League: Team to reach quarter-finals,Will Paris Saint-Germain (PSG) reach the UEFA Champions League quarter-finals?,0.0,2026-03-10 17:07:22.000000 UTC,2026-04-16 00:00:00.000000 UTC,1
UEFA Champions League: Most Cards,Will Micky van de Ven record the most cards in 2025-26 UEFA Champions League?,0.0,2026-02-20 00:11:21.000000 UTC,2026-05-31 00:00:00.000000 UTC,1
UEFA Champions League: Team to reach quarter-finals,Will Tottenham Hotspur reach the UEFA Champions League quarter-finals?,0.0,2026-03-10 17:07:18.000000 UTC,2026-04-16 00:00:00.000000 UTC,1
Primeira Liga: Team to qualify for UEFA Champions League,Will Benfica qualify for the League Phase of the 2026-27 UEFA Champions League?,0.0,2026-04-02 22:35:54.000000 UTC,2026-06-01 00:00:00.000000 UTC,0
UEFA Champions League: Team to reach final,Will Atalanta reach the UEFA Champions League final?,0.0,2026-03-05 19:46:22.000000 UTC,2026-05-07 00:00:00.000000 UTC,1
UEFA Champions League Winner ,Will Newcastle win the 2025–26 Champions League?,0.0,2025-07-21 20:58:43.000000 UTC,2026-05-31 00:00:00.000000 UTC,1
Primeira Liga: Team to qualify for UEFA Champions League,Will Sporting CP qualify for the League Phase of the 2026-27 UEFA Champions League?,0.0,2026-04-02 22:35:57.000000 UTC,2026-06-01 00:00:00.000000 UTC,0
UEFA Champions League: Most Goal Contributions,Will Erling Haaland have the most goal contributions in the 2025-26 Champions League?,0.0,2026-02-20 01:07:47.000000 UTC,2026-05-31 00:00:00.000000 UTC,1
UEFA Champions League: Team to reach final,Will Tottenham Hotspur reach the UEFA Champions League final?,0.0,2026-03-05 19:46:16.000000 UTC,2026-05-07 00:00:00.000000 UTC,1
UEFA Champions League Winner ,Will Tottenham win the 2025–26 Champions League?,0.0,2025-07-21 20:58:46.000000 UTC,2026-05-31 00:00:00.000000 UTC,1
UEFA Champions League: Team to reach final,Will Chelsea reach the UEFA Champions League final?,0.0,2026-03-05 19:46:18.000000 UTC,2026-05-07 00:00:00.000000 UTC,1
UEFA Champions League Winner ,Will Leverkusen win the 2025–26 Champions League?,0.0,2025-07-21 20:58:47.000000 UTC,2026-05-31 00:00:00.000000 UTC,1
UEFA Champions League: Most Cards,Will Aitor Paredes record the most cards in 2025-26 UEFA Champions League?,0.0,2026-02-20 00:11:16.000000 UTC,2026-05-31 00:00:00.000000 UTC,1
UEFA Champions League Winner ,Will Chelsea win the 2025–26 Champions League?,0.0,2025-07-21 20:58:42.000000 UTC,2026-05-31 00:00:00.000000 UTC,1
UEFA Champions League: Team to reach final,Will Manchester City reach the UEFA Champions League final?,0.0,2026-03-05 19:46:19.000000 UTC,2026-05-07 00:00:00.000000 UTC,1
T20 Brisbane Champions League: Brisbane Napoleons vs Iconic Super Knights,T20 Brisbane Champions League: Brisbane Napoleons vs Iconic Super Knights - Who wins the toss?,0.0,2026-04-03 16:01:20.000000 UTC,2026-04-11 04:00:00.000000 UTC,1
UEFA Champions League Winner ,Will Man City win the 2025–26 Champions League?,0.0,2025-07-21 20:58:41.000000 UTC,2026-05-31 00:00:00.000000 UTC,1
T20 Brisbane Champions League: Brisbane Napoleons vs Iconic Super Knights,T20 Brisbane Champions League: Brisbane Napoleons vs Iconic Super Knights - Completed match?,0.0,2026-04-03 16:01:20.000000 UTC,2026-04-11 04:00:00.000000 UTC,1
UEFA Champions League: Team to reach final,Will Bayer Leverkusen reach the UEFA Champions League final?,0.0,2026-03-05 19:46:22.000000 UTC,2026-05-07 00:00:00.000000 UTC,1
2025-26 Basketball Champions League: Winner,Will La Laguna Tenerife win the 2025-26 Basketball Champions League?,0.0,2026-04-02 19:24:21.000000 UTC,2026-05-24 00:00:00.000000 UTC,0
UEFA Champions League Winner ,Will Galatasaray win the 2025–26 Champions League?,0.0,2025-07-21 20:58:55.000000 UTC,2026-05-31 00:00:00.000000 UTC,1
T20 Brisbane Champions League: Brisbane Napoleons vs Iconic Super Knights - Most Sixes,T20 Brisbane Champions League: Brisbane Napoleons vs Iconic Super Knights - Most Sixes Draw,0.0,2026-04-03 16:01:23.000000 UTC,2026-04-11 04:00:00.000000 UTC,0
T20 Brisbane Champions League: Brisbane Napoleons vs Iconic Super Knights - Most Sixes,T20 Brisbane Champions League: Brisbane Napoleons vs Iconic Super Knights - Most Sixes Brisbane Napoleons Winner,0.0,2026-04-03 16:01:23.000000 UTC,2026-04-11 04:00:00.000000 UTC,0
T20 Brisbane Champions League: Brisbane Napoleons vs Iconic Super Knights - Most Sixes,T20 Brisbane Champions League: Brisbane Napoleons vs Iconic Super Knights - Most Sixes Iconic Super Knights Winner,0.0,2026-04-03 16:01:23.000000 UTC,2026-04-11 04:00:00.000000 UTC,0
UEFA Champions League Winner ,Will Bodo Glimt win the 2025–26 Champions League?,0.0,2025-07-21 20:58:58.000000 UTC,2026-05-31 00:00:00.000000 UTC,1
UEFA Champions League: Most Player of the Match Awards,Will Xavi Simons record the most Player of the Match awards during the 2025 UEFA Champions League?,0.0,2026-02-19 22:06:08.000000 UTC,2026-05-31 00:00:00.000000 UTC,1
UEFA Champions League: Team to reach final,Will Galatasaray reach the UEFA Champions League final?,0.0,2026-03-05 19:46:23.000000 UTC,2026-05-07 00:00:00.000000 UTC,1
UEFA Champions League: Top Scorer,Will Erling Haaland be the 2025/2026 top UCL goal scorer?,0.0,2025-09-17 18:44:30.000000 UTC,2026-05-30 00:00:00.000000 UTC,1
UEFA Champions League: Top Scorer,Will Cole Palmer be the 2025/2026 top UCL goal scorer?,0.0,2025-09-17 18:44:36.000000 UTC,2026-05-30 00:00:00.000000 UTC,1
UEFA Champions League: Top Scorer,Will de Jesus Joao Pedro be the 2025/2026 top UCL goal scorer?,0.0,2025-09-17 18:44:35.000000 UTC,2026-05-30 00:00:00.000000 UTC,1
UEFA Champions League: Top Scorer,Will Omar Marmoush be the 2025/2026 top UCL goal scorer?,0.0,2025-09-17 18:44:39.000000 UTC,2026-05-30 00:00:00.000000 UTC,1
T20 Brisbane Champions League: Brisbane Napoleons vs Iconic Super Knights,T20 Brisbane Champions League: Brisbane Napoleons vs Iconic Super Knights,0.0,2026-04-03 16:01:20.000000 UTC,2026-04-11 04:00:00.000000 UTC,1
UEFA Champions League: Most Player of the Match Awards,Will Jens Petter Hauge record the most Player of the Match awards during the 2025 UEFA Champions League?,0.0,2026-02-19 22:06:08.000000 UTC,2026-05-31 00:00:00.000000 UTC,1
UEFA Champions League: Most Player of the Match Awards,Will Anthony Gordon record the most Player of the Match awards during the 2025 UEFA Champions League?,0.0,2026-02-19 22:06:02.000000 UTC,2026-05-31 00:00:00.000000 UTC,1
2025-26 Basketball Champions League: Winner,Will AEK BC win the 2025-26 Basketball Champions League?,0.0,2026-04-02 19:24:19.000000 UTC,2026-05-24 00:00:00.000000 UTC,0
2025-26 Basketball Champions League: Winner,Will Rytas Vilnius win the 2025-26 Basketball Champions League?,0.0,2026-04-02 19:24:18.000000 UTC,2026-05-24 00:00:00.000000 UTC,0
2025-26 Basketball Champions League: Winner,Will Unicaja win the 2025-26 Basketball Champions League?,0.0,2026-04-02 19:24:20.000000 UTC,2026-05-24 00:00:00.000000 UTC,0
UEFA Champions League: Most Goal Contributions,Will Anthony Gordon have the most goal contributions in the 2025-26 Champions League?,0.0,2026-02-20 01:07:42.000000 UTC,2026-05-31 00:00:00.000000 UTC,1
UEFA Champions League: Most Assists,Will Tijjani Reijnders record the most assists in the 2025-26 UEFA Champions League?,0.0,2026-02-20 00:51:29.000000 UTC,2026-05-31 00:00:00.000000 UTC,1
Champions League: 2023-04-19,Will Inter beat Benfica? 2023-04-19,0.0,2023-04-13 17:20:28.000000 UTC,2023-04-18 00:00:00.000000 UTC,1
Champions League: 2023-03-15,Will Napoli beat Frankfurt? 2023-03-15,0.0,2023-03-13 15:25:36.000000 UTC,2023-03-14 00:00:00.000000 UTC,1
Champions League: 2023-03-15,Will Real Madrid beat Liverpool? 2023-03-15,0.0,2023-03-13 15:25:36.000000 UTC,2023-03-14 00:00:00.000000 UTC,1
Champions League: 2023-03-14,Will Man City beat Leipzig? 2023-03-14,0.0,2023-03-13 15:21:24.000000 UTC,2023-03-14 00:00:00.000000 UTC,1
UEFA Champions League: Most Player of the Match Awards,Will Phil Foden record the most Player of the Match awards during the 2025 UEFA Champions League?,0.0,2026-02-19 22:06:04.000000 UTC,2026-05-31 00:00:00.000000 UTC,1
Champions League: 2023-03-14,Will Inter beat Porto? 2023-03-14,0.0,2023-03-13 15:21:24.000000 UTC,2023-03-14 00:00:00.000000 UTC,1
UEFA Champions League: Most Yellow Cards,Will Micky van de Ven record the most yellow cards in 2025-26 UEFA Champions League?,0.0,2026-02-20 00:41:11.000000 UTC,2026-05-31 00:00:00.000000 UTC,1
UEFA Champions League: Most Yellow Cards,Will Kim Min-Jae record the most yellow cards in 2025-26 UEFA Champions League?,0.0,2026-02-20 00:41:11.000000 UTC,2026-05-31 00:00:00.000000 UTC,0
UEFA Champions League: Most Red Cards,Will Micky van de Ven record the most red cards in 2025-26 UEFA Champions League?,0.0,2026-02-20 00:32:03.000000 UTC,2026-05-31 00:00:00.000000 UTC,1
T20 Brisbane Champions League: New York Liberty Xi vs Melbourne Pirates - Team Top Batter,T20 Brisbane Champions League: New York Liberty Xi vs Melbourne Pirates - Team Top Batter New York Liberty Xi Winner,0.0,2026-04-12 16:01:53.000000 UTC,2026-04-19 23:00:00.000000 UTC,0
T20 Brisbane Champions League: New York Liberty Xi vs Melbourne Pirates - Team Top Batter,T20 Brisbane Champions League: New York Liberty Xi vs Melbourne Pirates - Team Top Batter Draw,0.0,2026-04-12 16:01:53.000000 UTC,2026-04-19 23:00:00.000000 UTC,0
T20 Brisbane Champions League: New York Liberty Xi vs Melbourne Pirates - Team Top Batter,T20 Brisbane Champions League: New York Liberty Xi vs Melbourne Pirates - Team Top Batter Melbourne Pirates Winner,0.0,2026-04-12 16:01:53.000000 UTC,2026-04-19 23:00:00.000000 UTC,0
UEFA Champions League: Most Yellow Cards,Will Konrad Laimer record the most yellow cards in 2025-26 UEFA Champions League?,0.0,2026-02-20 00:41:12.000000 UTC,2026-05-31 00:00:00.000000 UTC,0
UEFA Champions League: Most Yellow Cards,Will Santiago Hezze record the most yellow cards in 2025-26 UEFA Champions League?,0.0,2026-02-20 00:41:08.000000 UTC,2026-05-31 00:00:00.000000 UTC,1
UEFA Champions League: Most Yellow Cards,Will Mikel Merino record the most yellow cards in 2025-26 UEFA Champions League?,0.0,2026-02-20 00:41:10.000000 UTC,2026-05-31 00:00:00.000000 UTC,0
UEFA Champions League: Team to reach quarter-finals,Will Chelsea reach the UEFA Champions League quarter-finals?,0.0,2026-03-10 17:07:19.000000 UTC,2026-04-16 00:00:00.000000 UTC,1
UEFA Champions League: Team to reach quarter-finals,Will Manchester City reach the UEFA Champions League quarter-finals?,0.0,2026-03-10 17:07:21.000000 UTC,2026-04-16 00:00:00.000000 UTC,1
UEFA Champions League: Team to reach quarter-finals,Will Barcelona reach the UEFA Champions League quarter-finals?,0.0,2026-03-10 17:07:19.000000 UTC,2026-04-16 00:00:00.000000 UTC,1