market_id,question,hora,trades,volume_usd,preco_medio,preco_min,preco_max
1419239,"Will Bitcoin reach $80,000 February 23-March 1?",2026-02-23 17:00:00.000000 UTC,2,10.0,0.1,0.1,0.1
1419239,"Will Bitcoin reach $80,000 February 23-March 1?",2026-02-23 18:00:00.000000 UTC,7,8.0,0.161,0.01,0.97
1419239,"Will Bitcoin reach $80,000 February 23-March 1?",2026-02-24 00:00:00.000000 UTC,14,13.0,0.005,0.005,0.006
1419239,"Will Bitcoin reach $80,000 February 23-March 1?",2026-02-24 01:00:00.000000 UTC,28,54.0,0.005,0.005,0.006
1419239,"Will Bitcoin reach $80,000 February 23-March 1?",2026-02-24 02:00:00.000000 UTC,17,411.0,0.355,0.005,0.995
1419239,"Will Bitcoin reach $80,000 February 23-March 1?",2026-02-24 03:00:00.000000 UTC,27,2552.0,0.886,0.005,0.996
1419239,"Will Bitcoin reach $80,000 February 23-March 1?",2026-02-24 04:00:00.000000 UTC,17,1299.0,0.996,0.996,0.996
1419239,"Will Bitcoin reach $80,000 February 23-March 1?",2026-02-24 05:00:00.000000 UTC,22,5113.0,0.996,0.996,0.996
1419239,"Will Bitcoin reach $80,000 February 23-March 1?",2026-02-24 06:00:00.000000 UTC,30,5748.0,0.996,0.996,0.996
1419239,"Will Bitcoin reach $80,000 February 23-March 1?",2026-02-24 08:00:00.000000 UTC,13,14.0,0.006,0.005,0.008
1419239,"Will Bitcoin reach $80,000 February 23-March 1?",2026-02-24 09:00:00.000000 UTC,12,1026.0,0.418,0.005,0.996
1419239,"Will Bitcoin reach $80,000 February 23-March 1?",2026-02-24 10:00:00.000000 UTC,2,1.0,0.006,0.005,0.007
1419239,"Will Bitcoin reach $80,000 February 23-March 1?",2026-02-24 11:00:00.000000 UTC,1,68.0,0.996,0.996,0.996
1419239,"Will Bitcoin reach $80,000 February 23-March 1?",2026-02-24 12:00:00.000000 UTC,3,3.0,0.005,0.005,0.006
1419239,"Will Bitcoin reach $80,000 February 23-March 1?",2026-02-24 13:00:00.000000 UTC,8,888.0,0.5,0.005,0.996
1419239,"Will Bitcoin reach $80,000 February 23-March 1?",2026-02-24 14:00:00.000000 UTC,3,1.0,0.005,0.005,0.005
1419239,"Will Bitcoin reach $80,000 February 23-March 1?",2026-02-24 16:00:00.000000 UTC,2,298.0,0.996,0.996,0.996
1419239,"Will Bitcoin reach $80,000 February 23-March 1?",2026-02-24 17:00:00.000000 UTC,4,3.0,0.005,0.005,0.006
1419239,"Will Bitcoin reach $80,000 February 23-March 1?",2026-02-24 18:00:00.000000 UTC,1,0.0,0.005,0.005,0.005
1419239,"Will Bitcoin reach $80,000 February 23-March 1?",2026-02-24 20:00:00.000000 UTC,1,1.0,0.008,0.008,0.008
1419239,"Will Bitcoin reach $80,000 February 23-March 1?",2026-02-24 22:00:00.000000 UTC,1,0.0,0.005,0.005,0.005
1419239,"Will Bitcoin reach $80,000 February 23-March 1?",2026-02-24 23:00:00.000000 UTC,4,2.0,0.006,0.005,0.006
1419239,"Will Bitcoin reach $80,000 February 23-March 1?",2026-02-25 00:00:00.000000 UTC,1,1.0,0.996,0.996,0.996
1419239,"Will Bitcoin reach $80,000 February 23-March 1?",2026-02-25 01:00:00.000000 UTC,7,639.0,0.288,0.006,0.994
1419239,"Will Bitcoin reach $80,000 February 23-March 1?",2026-02-25 02:00:00.000000 UTC,8,2478.0,0.748,0.005,0.996
1419239,"Will Bitcoin reach $80,000 February 23-March 1?",2026-02-25 03:00:00.000000 UTC,67,12362.0,0.878,0.004,0.997
1419239,"Will Bitcoin reach $80,000 February 23-March 1?",2026-02-25 04:00:00.000000 UTC,4,3014.0,0.748,0.004,0.997
1419239,"Will Bitcoin reach $80,000 February 23-March 1?",2026-02-25 05:00:00.000000 UTC,3,866.0,0.997,0.997,0.997
1419239,"Will Bitcoin reach $80,000 February 23-March 1?",2026-02-25 06:00:00.000000 UTC,26,350.0,0.234,0.004,0.997
1419239,"Will Bitcoin reach $80,000 February 23-March 1?",2026-02-25 07:00:00.000000 UTC,23,2978.0,0.435,0.004,0.997
1419239,"Will Bitcoin reach $80,000 February 23-March 1?",2026-02-25 08:00:00.000000 UTC,33,583.0,0.484,0.004,0.997
1419239,"Will Bitcoin reach $80,000 February 23-March 1?",2026-02-25 09:00:00.000000 UTC,8,734.0,0.253,0.005,0.993
1419239,"Will Bitcoin reach $80,000 February 23-March 1?",2026-02-25 10:00:00.000000 UTC,5,1.0,0.005,0.005,0.005
1419239,"Will Bitcoin reach $80,000 February 23-March 1?",2026-02-25 11:00:00.000000 UTC,2,1.0,0.005,0.005,0.006
1419239,"Will Bitcoin reach $80,000 February 23-March 1?",2026-02-25 12:00:00.000000 UTC,12,460.0,0.335,0.005,0.994
1419239,"Will Bitcoin reach $80,000 February 23-March 1?",2026-02-25 13:00:00.000000 UTC,17,1073.0,0.646,0.005,0.995
1419239,"Will Bitcoin reach $80,000 February 23-March 1?",2026-02-25 14:00:00.000000 UTC,2,104.0,0.995,0.995,0.995
1419239,"Will Bitcoin reach $80,000 February 23-March 1?",2026-02-25 15:00:00.000000 UTC,6,5.0,0.006,0.005,0.007
1419239,"Will Bitcoin reach $80,000 February 23-March 1?",2026-02-25 16:00:00.000000 UTC,23,2611.0,0.307,0.005,0.996
1419239,"Will Bitcoin reach $80,000 February 23-March 1?",2026-02-25 17:00:00.000000 UTC,19,7395.0,0.319,0.008,0.988
1419239,"Will Bitcoin reach $80,000 February 23-March 1?",2026-02-25 18:00:00.000000 UTC,15,7378.0,0.403,0.009,0.99
1419239,"Will Bitcoin reach $80,000 February 23-March 1?",2026-02-25 19:00:00.000000 UTC,10,3248.0,0.499,0.021,0.977
1419239,"Will Bitcoin reach $80,000 February 23-March 1?",2026-02-25 20:00:00.000000 UTC,2,402.0,0.499,0.024,0.975
1419239,"Will Bitcoin reach $80,000 February 23-March 1?",2026-02-25 21:00:00.000000 UTC,1,163.0,0.975,0.975,0.975
1419239,"Will Bitcoin reach $80,000 February 23-March 1?",2026-02-25 22:00:00.000000 UTC,21,1298.0,0.246,0.014,0.978
1419239,"Will Bitcoin reach $80,000 February 23-March 1?",2026-02-25 23:00:00.000000 UTC,4,2.0,0.019,0.014,0.024
1419239,"Will Bitcoin reach $80,000 February 23-March 1?",2026-02-26 00:00:00.000000 UTC,4,15.0,0.259,0.017,0.984
1419239,"Will Bitcoin reach $80,000 February 23-March 1?",2026-02-26 01:00:00.000000 UTC,8,2018.0,0.5,0.023,0.982
1419239,"Will Bitcoin reach $80,000 February 23-March 1?",2026-02-26 03:00:00.000000 UTC,23,484.0,0.101,0.01,0.988
1419239,"Will Bitcoin reach $80,000 February 23-March 1?",2026-02-26 04:00:00.000000 UTC,11,11.0,0.014,0.012,0.015
1419239,"Will Bitcoin reach $80,000 February 23-March 1?",2026-02-26 05:00:00.000000 UTC,12,1043.0,0.337,0.009,0.991
1419239,"Will Bitcoin reach $80,000 February 23-March 1?",2026-02-26 06:00:00.000000 UTC,26,2474.0,0.237,0.008,0.991
1419239,"Will Bitcoin reach $80,000 February 23-March 1?",2026-02-26 07:00:00.000000 UTC,18,304.0,0.281,0.008,0.989
1419239,"Will Bitcoin reach $80,000 February 23-March 1?",2026-02-26 08:00:00.000000 UTC,33,58.0,0.069,0.007,0.992
1419239,"Will Bitcoin reach $80,000 February 23-March 1?",2026-02-26 09:00:00.000000 UTC,50,1104.0,0.345,0.009,0.992
1419239,"Will Bitcoin reach $80,000 February 23-March 1?",2026-02-26 10:00:00.000000 UTC,10,672.0,0.795,0.007,0.992
1419239,"Will Bitcoin reach $80,000 February 23-March 1?",2026-02-26 11:00:00.000000 UTC,1,1.0,0.007,0.007,0.007
1419239,"Will Bitcoin reach $80,000 February 23-March 1?",2026-02-26 12:00:00.000000 UTC,4,2.0,0.007,0.007,0.007
1419239,"Will Bitcoin reach $80,000 February 23-March 1?",2026-02-26 13:00:00.000000 UTC,17,376.0,0.183,0.008,0.992
1419239,"Will Bitcoin reach $80,000 February 23-March 1?",2026-02-26 14:00:00.000000 UTC,36,644.0,0.202,0.01,0.989
1419239,"Will Bitcoin reach $80,000 February 23-March 1?",2026-02-26 15:00:00.000000 UTC,30,1622.0,0.566,0.007,0.992
1419239,"Will Bitcoin reach $80,000 February 23-March 1?",2026-02-26 16:00:00.000000 UTC,8,2.0,0.009,0.008,0.01
1419239,"Will Bitcoin reach $80,000 February 23-March 1?",2026-02-26 17:00:00.000000 UTC,3,131.0,0.993,0.993,0.993
1419239,"Will Bitcoin reach $80,000 February 23-March 1?",2026-02-26 18:00:00.000000 UTC,5,2.0,0.006,0.005,0.007
1419239,"Will Bitcoin reach $80,000 February 23-March 1?",2026-02-26 19:00:00.000000 UTC,3,293.0,0.996,0.996,0.996
1419239,"Will Bitcoin reach $80,000 February 23-March 1?",2026-02-26 20:00:00.000000 UTC,3,3.0,0.005,0.005,0.005
1419239,"Will Bitcoin reach $80,000 February 23-March 1?",2026-02-26 21:00:00.000000 UTC,8,116.0,0.253,0.005,0.994
1419239,"Will Bitcoin reach $80,000 February 23-March 1?",2026-02-26 22:00:00.000000 UTC,8,319.0,0.377,0.005,0.996
1419239,"Will Bitcoin reach $80,000 February 23-March 1?",2026-02-26 23:00:00.000000 UTC,25,505.0,0.203,0.004,0.996
1419239,"Will Bitcoin reach $80,000 February 23-March 1?",2026-02-27 00:00:00.000000 UTC,6,609.0,0.997,0.997,0.997
1419239,"Will Bitcoin reach $80,000 February 23-March 1?",2026-02-27 01:00:00.000000 UTC,47,3141.0,0.913,0.004,0.997
1419239,"Will Bitcoin reach $80,000 February 23-March 1?",2026-02-27 02:00:00.000000 UTC,10,3285.0,0.997,0.996,0.997
1419239,"Will Bitcoin reach $80,000 February 23-March 1?",2026-02-27 03:00:00.000000 UTC,14,6212.0,0.642,0.004,0.997
1419239,"Will Bitcoin reach $80,000 February 23-March 1?",2026-02-27 04:00:00.000000 UTC,4,14.0,0.501,0.008,0.994
1419239,"Will Bitcoin reach $80,000 February 23-March 1?",2026-02-27 05:00:00.000000 UTC,5,6.0,0.995,0.995,0.995
1419239,"Will Bitcoin reach $80,000 February 23-March 1?",2026-02-27 06:00:00.000000 UTC,14,155.0,0.571,0.004,0.997
1419239,"Will Bitcoin reach $80,000 February 23-March 1?",2026-02-27 07:00:00.000000 UTC,18,738.0,0.942,0.004,0.997
1419239,"Will Bitcoin reach $80,000 February 23-March 1?",2026-02-27 08:00:00.000000 UTC,28,2027.0,0.997,0.997,0.997
1419239,"Will Bitcoin reach $80,000 February 23-March 1?",2026-02-27 09:00:00.000000 UTC,17,1042.0,0.88,0.003,0.997
1419239,"Will Bitcoin reach $80,000 February 23-March 1?",2026-02-27 10:00:00.000000 UTC,9,259.0,0.666,0.003,0.998
1419239,"Will Bitcoin reach $80,000 February 23-March 1?",2026-02-27 11:00:00.000000 UTC,5,7.0,0.998,0.998,0.998
1419239,"Will Bitcoin reach $80,000 February 23-March 1?",2026-02-27 12:00:00.000000 UTC,12,61.0,0.998,0.998,0.998
1419239,"Will Bitcoin reach $80,000 February 23-March 1?",2026-02-27 13:00:00.000000 UTC,11,257.0,0.727,0.003,0.998
1419239,"Will Bitcoin reach $80,000 February 23-March 1?",2026-02-27 14:00:00.000000 UTC,13,1012.0,0.998,0.998,0.998
1419239,"Will Bitcoin reach $80,000 February 23-March 1?",2026-02-27 15:00:00.000000 UTC,6,9.0,0.998,0.998,0.998
1419239,"Will Bitcoin reach $80,000 February 23-March 1?",2026-02-27 16:00:00.000000 UTC,8,54.0,0.998,0.998,0.998
1419239,"Will Bitcoin reach $80,000 February 23-March 1?",2026-02-27 17:00:00.000000 UTC,30,2810.0,0.367,0.001,0.999
1419239,"Will Bitcoin reach $80,000 February 23-March 1?",2026-02-27 18:00:00.000000 UTC,1,0.0,0.001,0.001,0.001
1419239,"Will Bitcoin reach $80,000 February 23-March 1?",2026-02-27 20:00:00.000000 UTC,2,1.0,0.001,0.001,0.001
1419239,"Will Bitcoin reach $80,000 February 23-March 1?",2026-02-27 23:00:00.000000 UTC,14,11.0,0.001,0.001,0.002
1419239,"Will Bitcoin reach $80,000 February 23-March 1?",2026-02-28 00:00:00.000000 UTC,10,108.0,0.103,0.001,0.991
1419239,"Will Bitcoin reach $80,000 February 23-March 1?",2026-02-28 01:00:00.000000 UTC,14,1.0,0.001,0.001,0.002
1419239,"Will Bitcoin reach $80,000 February 23-March 1?",2026-02-28 02:00:00.000000 UTC,35,173.0,0.03,0.001,0.998
1419239,"Will Bitcoin reach $80,000 February 23-March 1?",2026-02-28 03:00:00.000000 UTC,36,4.0,0.001,0.001,0.002
1419239,"Will Bitcoin reach $80,000 February 23-March 1?",2026-02-28 04:00:00.000000 UTC,17,169.0,0.06,0.001,0.999
1419239,"Will Bitcoin reach $80,000 February 23-March 1?",2026-02-28 06:00:00.000000 UTC,8,679.0,0.126,0.001,0.999
1419239,"Will Bitcoin reach $80,000 February 23-March 1?",2026-02-28 07:00:00.000000 UTC,1,0.0,0.001,0.001,0.001
1419239,"Will Bitcoin reach $80,000 February 23-March 1?",2026-02-28 09:00:00.000000 UTC,3,0.0,0.001,0.001,0.001
1419239,"Will Bitcoin reach $80,000 February 23-March 1?",2026-02-28 10:00:00.000000 UTC,6,0.0,0.001,0.001,0.001
1419239,"Will Bitcoin reach $80,000 February 23-March 1?",2026-02-28 11:00:00.000000 UTC,8,424.0,0.126,0.001,0.998
1419239,"Will Bitcoin reach $80,000 February 23-March 1?",2026-02-28 12:00:00.000000 UTC,6,1.0,0.001,0.001,0.001
1419239,"Will Bitcoin reach $80,000 February 23-March 1?",2026-02-28 13:00:00.000000 UTC,3,0.0,0.001,0.001,0.001
1419239,"Will Bitcoin reach $80,000 February 23-March 1?",2026-02-28 14:00:00.000000 UTC,50,2756.0,0.101,0.001,0.999
1419239,"Will Bitcoin reach $80,000 February 23-March 1?",2026-02-28 17:00:00.000000 UTC,20,450.0,0.101,0.001,0.999
1419239,"Will Bitcoin reach $80,000 February 23-March 1?",2026-02-28 19:00:00.000000 UTC,1,0.0,0.001,0.001,0.001
1419239,"Will Bitcoin reach $80,000 February 23-March 1?",2026-02-28 20:00:00.000000 UTC,11,6.0,0.001,0.001,0.001
1419239,"Will Bitcoin reach $80,000 February 23-March 1?",2026-02-28 21:00:00.000000 UTC,7,6.0,0.001,0.001,0.001
1419239,"Will Bitcoin reach $80,000 February 23-March 1?",2026-02-28 23:00:00.000000 UTC,12,338.0,0.084,0.001,0.997
1419239,"Will Bitcoin reach $80,000 February 23-March 1?",2026-03-01 01:00:00.000000 UTC,6,5200.0,0.999,0.998,0.999
1419239,"Will Bitcoin reach $80,000 February 23-March 1?",2026-03-01 02:00:00.000000 UTC,18,5079.0,0.278,0.002,0.998
1419239,"Will Bitcoin reach $80,000 February 23-March 1?",2026-03-01 03:00:00.000000 UTC,28,7.0,0.003,0.002,0.006
1419239,"Will Bitcoin reach $80,000 February 23-March 1?",2026-03-01 04:00:00.000000 UTC,14,42.0,0.144,0.002,0.999
1419239,"Will Bitcoin reach $80,000 February 23-March 1?",2026-03-01 05:00:00.000000 UTC,6,1087.0,0.833,0.003,0.999
1419239,"Will Bitcoin reach $80,000 February 23-March 1?",2026-03-01 06:00:00.000000 UTC,43,8480.0,0.558,0.001,0.999
1419239,"Will Bitcoin reach $80,000 February 23-March 1?",2026-03-01 07:00:00.000000 UTC,10,304.0,0.101,0.001,0.999
1419239,"Will Bitcoin reach $80,000 February 23-March 1?",2026-03-01 09:00:00.000000 UTC,10,5570.0,0.201,0.001,0.999
1419239,"Will Bitcoin reach $80,000 February 23-March 1?",2026-03-01 11:00:00.000000 UTC,3,1.0,0.001,0.001,0.001
1419239,"Will Bitcoin reach $80,000 February 23-March 1?",2026-03-01 12:00:00.000000 UTC,9,2.0,0.001,0.001,0.001
1419239,"Will Bitcoin reach $80,000 February 23-March 1?",2026-03-01 17:00:00.000000 UTC,1,5.0,0.001,0.001,0.001
1419239,"Will Bitcoin reach $80,000 February 23-March 1?",2026-03-01 18:00:00.000000 UTC,1,4.0,0.001,0.001,0.001
1419239,"Will Bitcoin reach $80,000 February 23-March 1?",2026-03-01 21:00:00.000000 UTC,1,1.0,0.001,0.001,0.001
1419239,"Will Bitcoin reach $80,000 February 23-March 1?",2026-03-01 22:00:00.000000 UTC,1,0.0,0.001,0.001,0.001
1419239,"Will Bitcoin reach $80,000 February 23-March 1?",2026-03-02 01:00:00.000000 UTC,10,9658.0,0.799,0.001,0.999
1419239,"Will Bitcoin reach $80,000 February 23-March 1?",2026-03-02 02:00:00.000000 UTC,3,341.0,0.999,0.999,0.999
1419239,"Will Bitcoin reach $80,000 February 23-March 1?",2026-03-02 03:00:00.000000 UTC,7,877.0,0.999,0.999,0.999
1419240,"Will Bitcoin reach $78,000 February 23-March 1?",2026-02-23 17:00:00.000000 UTC,1,10.0,0.1,0.1,0.1
1419240,"Will Bitcoin reach $78,000 February 23-March 1?",2026-02-23 18:00:00.000000 UTC,3,79.0,0.35,0.04,0.97
1419240,"Will Bitcoin reach $78,000 February 23-March 1?",2026-02-23 20:00:00.000000 UTC,2,86.0,0.5,0.04,0.96
1419240,"Will Bitcoin reach $78,000 February 23-March 1?",2026-02-24 01:00:00.000000 UTC,2,19.0,0.497,0.013,0.982
1419240,"Will Bitcoin reach $78,000 February 23-March 1?",2026-02-24 04:00:00.000000 UTC,1,1.0,0.01,0.01,0.01
1419240,"Will Bitcoin reach $78,000 February 23-March 1?",2026-02-24 09:00:00.000000 UTC,1,123.0,0.984,0.984,0.984
1419240,"Will Bitcoin reach $78,000 February 23-March 1?",2026-02-24 11:00:00.000000 UTC,1,4.0,0.992,0.992,0.992
1419240,"Will Bitcoin reach $78,000 February 23-March 1?",2026-02-24 12:00:00.000000 UTC,1,95.0,0.992,0.992,0.992
1419240,"Will Bitcoin reach $78,000 February 23-March 1?",2026-02-24 17:00:00.000000 UTC,1,82.0,0.988,0.988,0.988
1419240,"Will Bitcoin reach $78,000 February 23-March 1?",2026-02-25 01:00:00.000000 UTC,2,407.0,0.986,0.985,0.986
1419240,"Will Bitcoin reach $78,000 February 23-March 1?",2026-02-25 03:00:00.000000 UTC,2,1.0,0.01,0.01,0.01
1419240,"Will Bitcoin reach $78,000 February 23-March 1?",2026-02-25 04:00:00.000000 UTC,3,71.0,0.662,0.003,0.991
1419240,"Will Bitcoin reach $78,000 February 23-March 1?",2026-02-25 05:00:00.000000 UTC,2,0.0,0.002,0.002,0.002
1419240,"Will Bitcoin reach $78,000 February 23-March 1?",2026-02-25 06:00:00.000000 UTC,2,0.0,0.002,0.002,0.002
1419240,"Will Bitcoin reach $78,000 February 23-March 1?",2026-02-25 15:00:00.000000 UTC,1,76.0,0.987,0.987,0.987
1419240,"Will Bitcoin reach $78,000 February 23-March 1?",2026-02-25 16:00:00.000000 UTC,6,3238.0,0.658,0.005,0.986
1419240,"Will Bitcoin reach $78,000 February 23-March 1?",2026-02-25 17:00:00.000000 UTC,12,6047.0,0.492,0.009,0.977
1419240,"Will Bitcoin reach $78,000 February 23-March 1?",2026-02-25 18:00:00.000000 UTC,9,330.0,0.341,0.018,0.98
1419240,"Will Bitcoin reach $78,000 February 23-March 1?",2026-02-25 21:00:00.000000 UTC,9,198.0,0.34,0.024,0.976
1419240,"Will Bitcoin reach $78,000 February 23-March 1?",2026-02-26 03:00:00.000000 UTC,12,607.0,0.174,0.01,0.978
1419240,"Will Bitcoin reach $78,000 February 23-March 1?",2026-02-26 04:00:00.000000 UTC,3,2.0,0.011,0.011,0.012
1419240,"Will Bitcoin reach $78,000 February 23-March 1?",2026-02-26 05:00:00.000000 UTC,3,16.0,0.017,0.016,0.018
1419240,"Will Bitcoin reach $78,000 February 23-March 1?",2026-02-26 06:00:00.000000 UTC,10,2647.0,0.308,0.017,0.981
1419240,"Will Bitcoin reach $78,000 February 23-March 1?",2026-02-26 08:00:00.000000 UTC,20,634.0,0.159,0.005,0.984
1419240,"Will Bitcoin reach $78,000 February 23-March 1?",2026-02-26 09:00:00.000000 UTC,3,31.0,0.337,0.011,0.988
1419240,"Will Bitcoin reach $78,000 February 23-March 1?",2026-02-26 10:00:00.000000 UTC,1,0.0,0.011,0.011,0.011
1419240,"Will Bitcoin reach $78,000 February 23-March 1?",2026-02-26 11:00:00.000000 UTC,3,6.0,0.009,0.008,0.01
1419240,"Will Bitcoin reach $78,000 February 23-March 1?",2026-02-26 12:00:00.000000 UTC,3,1.0,0.007,0.007,0.008
1419240,"Will Bitcoin reach $78,000 February 23-March 1?",2026-02-26 14:00:00.000000 UTC,8,600.0,0.255,0.008,0.991
1419240,"Will Bitcoin reach $78,000 February 23-March 1?",2026-02-26 15:00:00.000000 UTC,6,4.0,0.011,0.011,0.012
1419240,"Will Bitcoin reach $78,000 February 23-March 1?",2026-02-26 16:00:00.000000 UTC,25,126.0,0.206,0.008,0.99
1419240,"Will Bitcoin reach $78,000 February 23-March 1?",2026-02-26 17:00:00.000000 UTC,15,316.0,0.071,0.003,0.993
1419240,"Will Bitcoin reach $78,000 February 23-March 1?",2026-02-26 20:00:00.000000 UTC,3,1.0,0.006,0.005,0.006
1419240,"Will Bitcoin reach $78,000 February 23-March 1?",2026-02-26 21:00:00.000000 UTC,12,50.0,0.253,0.004,0.996
1419240,"Will Bitcoin reach $78,000 February 23-March 1?",2026-02-26 22:00:00.000000 UTC,1,0.0,0.008,0.008,0.008
1419240,"Will Bitcoin reach $78,000 February 23-March 1?",2026-02-27 03:00:00.000000 UTC,3,1.0,0.009,0.008,0.009
1419240,"Will Bitcoin reach $78,000 February 23-March 1?",2026-02-27 05:00:00.000000 UTC,14,0.0,0.005,0.004,0.006
1419240,"Will Bitcoin reach $78,000 February 23-March 1?",2026-02-27 06:00:00.000000 UTC,13,0.0,0.004,0.003,0.004
1419240,"Will Bitcoin reach $78,000 February 23-March 1?",2026-02-27 07:00:00.000000 UTC,8,0.0,0.003,0.003,0.005
1419240,"Will Bitcoin reach $78,000 February 23-March 1?",2026-02-27 08:00:00.000000 UTC,4,0.0,0.003,0.003,0.003
1419240,"Will Bitcoin reach $78,000 February 23-March 1?",2026-02-27 09:00:00.000000 UTC,10,21.0,0.102,0.001,0.998
1419240,"Will Bitcoin reach $78,000 February 23-March 1?",2026-02-27 10:00:00.000000 UTC,3,0.0,0.002,0.002,0.002
1419240,"Will Bitcoin reach $78,000 February 23-March 1?",2026-02-27 11:00:00.000000 UTC,5,0.0,0.002,0.002,0.002
1419240,"Will Bitcoin reach $78,000 February 23-March 1?",2026-02-27 12:00:00.000000 UTC,3,0.0,0.002,0.002,0.002
1419240,"Will Bitcoin reach $78,000 February 23-March 1?",2026-02-27 13:00:00.000000 UTC,7,0.0,0.002,0.002,0.003
1419240,"Will Bitcoin reach $78,000 February 23-March 1?",2026-02-27 14:00:00.000000 UTC,3,0.0,0.003,0.003,0.004
1419240,"Will Bitcoin reach $78,000 February 23-March 1?",2026-02-27 15:00:00.000000 UTC,10,0.0,0.002,0.002,0.002
1419240,"Will Bitcoin reach $78,000 February 23-March 1?",2026-02-27 16:00:00.000000 UTC,10,0.0,0.002,0.002,0.003
1419240,"Will Bitcoin reach $78,000 February 23-March 1?",2026-02-27 17:00:00.000000 UTC,16,4.0,0.004,0.002,0.008
1419240,"Will Bitcoin reach $78,000 February 23-March 1?",2026-02-27 18:00:00.000000 UTC,12,1.0,0.003,0.002,0.004
1419240,"Will Bitcoin reach $78,000 February 23-March 1?",2026-02-27 19:00:00.000000 UTC,6,0.0,0.002,0.002,0.002
1419240,"Will Bitcoin reach $78,000 February 23-March 1?",2026-02-27 20:00:00.000000 UTC,16,1.0,0.002,0.001,0.004
1419240,"Will Bitcoin reach $78,000 February 23-March 1?",2026-02-28 00:00:00.000000 UTC,1,0.0,0.002,0.002,0.002
1419240,"Will Bitcoin reach $78,000 February 23-March 1?",2026-02-28 02:00:00.000000 UTC,10,2.0,0.002,0.001,0.004
1419240,"Will Bitcoin reach $78,000 February 23-March 1?",2026-02-28 03:00:00.000000 UTC,9,13.0,0.112,0.001,0.998
1419240,"Will Bitcoin reach $78,000 February 23-March 1?",2026-02-28 04:00:00.000000 UTC,5,0.0,0.001,0.001,0.002
1419240,"Will Bitcoin reach $78,000 February 23-March 1?",2026-02-28 05:00:00.000000 UTC,5,0.0,0.001,0.001,0.002
1419240,"Will Bitcoin reach $78,000 February 23-March 1?",2026-02-28 06:00:00.000000 UTC,20,516.0,0.053,0.001,0.997
1419240,"Will Bitcoin reach $78,000 February 23-March 1?",2026-02-28 07:00:00.000000 UTC,3,499.0,0.998,0.998,0.998
1419240,"Will Bitcoin reach $78,000 February 23-March 1?",2026-02-28 08:00:00.000000 UTC,7,9.0,0.289,0.003,0.998
1419240,"Will Bitcoin reach $78,000 February 23-March 1?",2026-02-28 09:00:00.000000 UTC,6,52.0,0.333,0.001,0.998
1419240,"Will Bitcoin reach $78,000 February 23-March 1?",2026-02-28 10:00:00.000000 UTC,6,1.0,0.001,0.001,0.002
1419240,"Will Bitcoin reach $78,000 February 23-March 1?",2026-02-28 11:00:00.000000 UTC,8,1.0,0.001,0.001,0.002
1419240,"Will Bitcoin reach $78,000 February 23-March 1?",2026-02-28 12:00:00.000000 UTC,4,0.0,0.002,0.001,0.002
1419240,"Will Bitcoin reach $78,000 February 23-March 1?",2026-02-28 13:00:00.000000 UTC,1,0.0,0.001,0.001,0.001
1419240,"Will Bitcoin reach $78,000 February 23-March 1?",2026-02-28 14:00:00.000000 UTC,24,745.0,0.084,0.001,0.999
1419240,"Will Bitcoin reach $78,000 February 23-March 1?",2026-02-28 16:00:00.000000 UTC,1,0.0,0.001,0.001,0.001
1419240,"Will Bitcoin reach $78,000 February 23-March 1?",2026-02-28 17:00:00.000000 UTC,3,0.0,0.001,0.001,0.001
1419240,"Will Bitcoin reach $78,000 February 23-March 1?",2026-02-28 18:00:00.000000 UTC,1,0.0,0.001,0.001,0.001
1419240,"Will Bitcoin reach $78,000 February 23-March 1?",2026-02-28 19:00:00.000000 UTC,20,1965.0,0.101,0.001,0.995
1419240,"Will Bitcoin reach $78,000 February 23-March 1?",2026-02-28 20:00:00.000000 UTC,3,0.0,0.005,0.003,0.007
1419240,"Will Bitcoin reach $78,000 February 23-March 1?",2026-02-28 22:00:00.000000 UTC,7,3.0,0.005,0.003,0.007
1419240,"Will Bitcoin reach $78,000 February 23-March 1?",2026-02-28 23:00:00.000000 UTC,4,0.0,0.004,0.004,0.004
1419240,"Will Bitcoin reach $78,000 February 23-March 1?",2026-03-01 00:00:00.000000 UTC,3,0.0,0.004,0.004,0.004
1419240,"Will Bitcoin reach $78,000 February 23-March 1?",2026-03-01 01:00:00.000000 UTC,10,2.0,0.005,0.003,0.007
1419240,"Will Bitcoin reach $78,000 February 23-March 1?",2026-03-01 02:00:00.000000 UTC,27,1787.0,0.262,0.004,0.99
1419240,"Will Bitcoin reach $78,000 February 23-March 1?",2026-03-01 03:00:00.000000 UTC,8,293.0,0.253,0.004,0.994
1419240,"Will Bitcoin reach $78,000 February 23-March 1?",2026-03-01 04:00:00.000000 UTC,2,0.0,0.003,0.003,0.003
1419240,"Will Bitcoin reach $78,000 February 23-March 1?",2026-03-01 05:00:00.000000 UTC,8,23.0,0.251,0.002,0.998
1419240,"Will Bitcoin reach $78,000 February 23-March 1?",2026-03-01 06:00:00.000000 UTC,12,50.0,0.251,0.002,0.997
1419240,"Will Bitcoin reach $78,000 February 23-March 1?",2026-03-01 07:00:00.000000 UTC,10,6.0,0.002,0.001,0.003
1419240,"Will Bitcoin reach $78,000 February 23-March 1?",2026-03-01 08:00:00.000000 UTC,23,613.0,0.131,0.001,0.999
1419240,"Will Bitcoin reach $78,000 February 23-March 1?",2026-03-01 09:00:00.000000 UTC,3,9.0,0.333,0.001,0.998
1419240,"Will Bitcoin reach $78,000 February 23-March 1?",2026-03-01 10:00:00.000000 UTC,4,1319.0,0.75,0.001,0.999
1419240,"Will Bitcoin reach $78,000 February 23-March 1?",2026-03-01 12:00:00.000000 UTC,5,3.0,0.001,0.001,0.001
1419240,"Will Bitcoin reach $78,000 February 23-March 1?",2026-03-01 16:00:00.000000 UTC,4,2.0,0.001,0.001,0.001
1419240,"Will Bitcoin reach $78,000 February 23-March 1?",2026-03-01 17:00:00.000000 UTC,2,4.0,0.001,0.001,0.001
1419240,"Will Bitcoin reach $78,000 February 23-March 1?",2026-03-01 18:00:00.000000 UTC,4,3115.0,0.251,0.001,0.999
1419240,"Will Bitcoin reach $78,000 February 23-March 1?",2026-03-01 20:00:00.000000 UTC,2,882.0,0.5,0.001,0.999
1419240,"Will Bitcoin reach $78,000 February 23-March 1?",2026-03-01 21:00:00.000000 UTC,1,0.0,0.001,0.001,0.001
1419240,"Will Bitcoin reach $78,000 February 23-March 1?",2026-03-01 22:00:00.000000 UTC,3,1.0,0.001,0.001,0.001
1419241,"Will Bitcoin reach $76,000 February 23-March 1?",2026-02-23 18:00:00.000000 UTC,7,17.0,0.046,0.004,0.1
1419241,"Will Bitcoin reach $76,000 February 23-March 1?",2026-02-24 01:00:00.000000 UTC,4,26.0,0.011,0.008,0.014
1419241,"Will Bitcoin reach $76,000 February 23-March 1?",2026-02-24 04:00:00.000000 UTC,2,5.0,0.015,0.015,0.016
1419241,"Will Bitcoin reach $76,000 February 23-March 1?",2026-02-24 05:00:00.000000 UTC,1,3.0,0.012,0.012,0.012
1419241,"Will Bitcoin reach $76,000 February 23-March 1?",2026-02-24 08:00:00.000000 UTC,3,2169.0,0.338,0.014,0.985
1419241,"Will Bitcoin reach $76,000 February 23-March 1?",2026-02-24 14:00:00.000000 UTC,4,3324.0,0.739,0.016,0.982
1419241,"Will Bitcoin reach $76,000 February 23-March 1?",2026-02-24 16:00:00.000000 UTC,6,125.0,0.339,0.017,0.983
1419241,"Will Bitcoin reach $76,000 February 23-March 1?",2026-02-24 17:00:00.000000 UTC,2,177.0,0.984,0.983,0.984
1419241,"Will Bitcoin reach $76,000 February 23-March 1?",2026-02-24 19:00:00.000000 UTC,4,26.0,0.256,0.013,0.983
1419241,"Will Bitcoin reach $76,000 February 23-March 1?",2026-02-25 00:00:00.000000 UTC,1,0.0,0.005,0.005,0.005
1419241,"Will Bitcoin reach $76,000 February 23-March 1?",2026-02-25 01:00:00.000000 UTC,3,2.0,0.016,0.014,0.018
1419241,"Will Bitcoin reach $76,000 February 23-March 1?",2026-02-25 07:00:00.000000 UTC,11,3378.0,0.454,0.01,0.985
1419241,"Will Bitcoin reach $76,000 February 23-March 1?",2026-02-25 08:00:00.000000 UTC,22,628.0,0.142,0.005,0.993
1419241,"Will Bitcoin reach $76,000 February 23-March 1?",2026-02-25 11:00:00.000000 UTC,11,10.0,0.01,0.007,0.013
1419241,"Will Bitcoin reach $76,000 February 23-March 1?",2026-02-25 13:00:00.000000 UTC,1,0.0,0.012,0.012,0.012
1419241,"Will Bitcoin reach $76,000 February 23-March 1?",2026-02-25 14:00:00.000000 UTC,12,1941.0,0.418,0.01,0.989
1419241,"Will Bitcoin reach $76,000 February 23-March 1?",2026-02-25 16:00:00.000000 UTC,16,1215.0,0.557,0.037,0.968
1419241,"Will Bitcoin reach $76,000 February 23-March 1?",2026-02-25 17:00:00.000000 UTC,40,8927.0,0.475,0.036,0.962
1419241,"Will Bitcoin reach $76,000 February 23-March 1?",2026-02-25 18:00:00.000000 UTC,12,368.0,0.505,0.063,0.953
1419241,"Will Bitcoin reach $76,000 February 23-March 1?",2026-02-25 19:00:00.000000 UTC,28,490.0,0.253,0.054,0.939
1419241,"Will Bitcoin reach $76,000 February 23-March 1?",2026-02-25 20:00:00.000000 UTC,2,30.0,0.499,0.061,0.938
1419241,"Will Bitcoin reach $76,000 February 23-March 1?",2026-02-25 21:00:00.000000 UTC,19,192.0,0.301,0.068,0.93
1419241,"Will Bitcoin reach $76,000 February 23-March 1?",2026-02-25 22:00:00.000000 UTC,6,24.0,0.199,0.045,0.944
1419241,"Will Bitcoin reach $76,000 February 23-March 1?",2026-02-25 23:00:00.000000 UTC,11,110.0,0.126,0.038,0.957
1419241,"Will Bitcoin reach $76,000 February 23-March 1?",2026-02-26 00:00:00.000000 UTC,10,31.0,0.133,0.038,0.953
1419241,"Will Bitcoin reach $76,000 February 23-March 1?",2026-02-26 01:00:00.000000 UTC,4,158.0,0.498,0.05,0.947
1419241,"Will Bitcoin reach $76,000 February 23-March 1?",2026-02-26 02:00:00.000000 UTC,10,152.0,0.686,0.046,0.961
1419241,"Will Bitcoin reach $76,000 February 23-March 1?",2026-02-26 03:00:00.000000 UTC,3,175.0,0.654,0.037,0.963
1419241,"Will Bitcoin reach $76,000 February 23-March 1?",2026-02-26 04:00:00.000000 UTC,5,10.0,0.044,0.041,0.046
1419241,"Will Bitcoin reach $76,000 February 23-March 1?",2026-02-26 05:00:00.000000 UTC,11,663.0,0.376,0.036,0.963
1419241,"Will Bitcoin reach $76,000 February 23-March 1?",2026-02-26 06:00:00.000000 UTC,9,1429.0,0.548,0.039,0.95
1419241,"Will Bitcoin reach $76,000 February 23-March 1?",2026-02-26 07:00:00.000000 UTC,5,58.0,0.776,0.043,0.959
1419241,"Will Bitcoin reach $76,000 February 23-March 1?",2026-02-26 08:00:00.000000 UTC,23,492.0,0.316,0.022,0.977
1419241,"Will Bitcoin reach $76,000 February 23-March 1?",2026-02-26 10:00:00.000000 UTC,5,12.0,0.031,0.031,0.032
1419241,"Will Bitcoin reach $76,000 February 23-March 1?",2026-02-26 11:00:00.000000 UTC,1,2.0,0.031,0.031,0.031
1419241,"Will Bitcoin reach $76,000 February 23-March 1?",2026-02-26 12:00:00.000000 UTC,1,0.0,0.031,0.031,0.031
1419241,"Will Bitcoin reach $76,000 February 23-March 1?",2026-02-26 13:00:00.000000 UTC,13,25.0,0.034,0.03,0.039
1419241,"Will Bitcoin reach $76,000 February 23-March 1?",2026-02-26 14:00:00.000000 UTC,11,11.0,0.034,0.03,0.036
1419241,"Will Bitcoin reach $76,000 February 23-March 1?",2026-02-26 15:00:00.000000 UTC,8,3866.0,0.147,0.023,0.967
1419241,"Will Bitcoin reach $76,000 February 23-March 1?",2026-02-26 16:00:00.000000 UTC,17,31.0,0.127,0.009,0.982
1419241,"Will Bitcoin reach $76,000 February 23-March 1?",2026-02-26 18:00:00.000000 UTC,3,39.0,0.991,0.991,0.991
1419241,"Will Bitcoin reach $76,000 February 23-March 1?",2026-02-26 19:00:00.000000 UTC,10,16.0,0.013,0.01,0.019
1419241,"Will Bitcoin reach $76,000 February 23-March 1?",2026-02-26 20:00:00.000000 UTC,5,11.0,0.213,0.019,0.98
1419241,"Will Bitcoin reach $76,000 February 23-March 1?",2026-02-26 21:00:00.000000 UTC,4,11.0,0.26,0.019,0.98
1419241,"Will Bitcoin reach $76,000 February 23-March 1?",2026-02-27 01:00:00.000000 UTC,1,10.0,0.987,0.987,0.987
1419241,"Will Bitcoin reach $76,000 February 23-March 1?",2026-02-27 02:00:00.000000 UTC,1,0.0,0.011,0.011,0.011
1419241,"Will Bitcoin reach $76,000 February 23-March 1?",2026-02-27 03:00:00.000000 UTC,3,14.0,0.339,0.012,0.987
1419241,"Will Bitcoin reach $76,000 February 23-March 1?",2026-02-27 05:00:00.000000 UTC,3,89.0,0.661,0.019,0.983
1419241,"Will Bitcoin reach $76,000 February 23-March 1?",2026-02-27 06:00:00.000000 UTC,19,421.0,0.216,0.006,0.994
1419241,"Will Bitcoin reach $76,000 February 23-March 1?",2026-02-27 07:00:00.000000 UTC,26,60.0,0.045,0.005,0.988
1419241,"Will Bitcoin reach $76,000 February 23-March 1?",2026-02-27 08:00:00.000000 UTC,148,17937.0,0.619,0.01,0.993
1419241,"Will Bitcoin reach $76,000 February 23-March 1?",2026-02-27 09:00:00.000000 UTC,22,180.0,0.455,0.01,0.99
1419241,"Will Bitcoin reach $76,000 February 23-March 1?",2026-02-27 10:00:00.000000 UTC,6,109.0,0.337,0.01,0.989
1419241,"Will Bitcoin reach $76,000 February 23-March 1?",2026-02-27 11:00:00.000000 UTC,6,21.0,0.338,0.013,0.987
1419241,"Will Bitcoin reach $76,000 February 23-March 1?",2026-02-27 12:00:00.000000 UTC,22,314.0,0.097,0.005,0.993
1419241,"Will Bitcoin reach $76,000 February 23-March 1?",2026-02-27 13:00:00.000000 UTC,5,0.0,0.004,0.004,0.004
1419241,"Will Bitcoin reach $76,000 February 23-March 1?",2026-02-27 14:00:00.000000 UTC,10,1.0,0.005,0.004,0.006
1419241,"Will Bitcoin reach $76,000 February 23-March 1?",2026-02-27 15:00:00.000000 UTC,9,1.0,0.005,0.004,0.006
1419241,"Will Bitcoin reach $76,000 February 23-March 1?",2026-02-27 16:00:00.000000 UTC,5,0.0,0.005,0.005,0.005
1419241,"Will Bitcoin reach $76,000 February 23-March 1?",2026-02-27 17:00:00.000000 UTC,29,547.0,0.073,0.002,0.995
1419241,"Will Bitcoin reach $76,000 February 23-March 1?",2026-02-27 18:00:00.000000 UTC,10,13.0,0.996,0.996,0.996
1419241,"Will Bitcoin reach $76,000 February 23-March 1?",2026-02-27 19:00:00.000000 UTC,15,7.0,0.203,0.004,0.996
1419241,"Will Bitcoin reach $76,000 February 23-March 1?",2026-02-27 20:00:00.000000 UTC,11,1.0,0.095,0.004,0.993
1419241,"Will Bitcoin reach $76,000 February 23-March 1?",2026-02-27 21:00:00.000000 UTC,18,2838.0,0.114,0.003,0.993
1419241,"Will Bitcoin reach $76,000 February 23-March 1?",2026-02-28 00:00:00.000000 UTC,1,0.0,0.004,0.004,0.004
1419241,"Will Bitcoin reach $76,000 February 23-March 1?",2026-02-28 02:00:00.000000 UTC,5,5.0,0.203,0.005,0.993
1419241,"Will Bitcoin reach $76,000 February 23-March 1?",2026-02-28 03:00:00.000000 UTC,3,219.0,0.335,0.004,0.996
1419241,"Will Bitcoin reach $76,000 February 23-March 1?",2026-02-28 05:00:00.000000 UTC,11,1.0,0.002,0.002,0.003
1419241,"Will Bitcoin reach $76,000 February 23-March 1?",2026-02-28 07:00:00.000000 UTC,1,0.0,0.004,0.004,0.004
1419241,"Will Bitcoin reach $76,000 February 23-March 1?",2026-02-28 08:00:00.000000 UTC,2,0.0,0.003,0.002,0.003
1419241,"Will Bitcoin reach $76,000 February 23-March 1?",2026-02-28 09:00:00.000000 UTC,7,1.0,0.003,0.003,0.003
1419241,"Will Bitcoin reach $76,000 February 23-March 1?",2026-02-28 10:00:00.000000 UTC,8,2.0,0.004,0.003,0.004
1419241,"Will Bitcoin reach $76,000 February 23-March 1?",2026-02-28 11:00:00.000000 UTC,22,2.0,0.002,0.001,0.003
1419241,"Will Bitcoin reach $76,000 February 23-March 1?",2026-02-28 12:00:00.000000 UTC,2,0.0,0.002,0.001,0.003
1419241,"Will Bitcoin reach $76,000 February 23-March 1?",2026-02-28 13:00:00.000000 UTC,2,0.0,0.001,0.001,0.001
1419241,"Will Bitcoin reach $76,000 February 23-March 1?",2026-02-28 14:00:00.000000 UTC,1,0.0,0.001,0.001,0.001
1419241,"Will Bitcoin reach $76,000 February 23-March 1?",2026-02-28 15:00:00.000000 UTC,6,0.0,0.001,0.001,0.001
1419241,"Will Bitcoin reach $76,000 February 23-March 1?",2026-02-28 16:00:00.000000 UTC,7,0.0,0.001,0.001,0.003
1419241,"Will Bitcoin reach $76,000 February 23-March 1?",2026-02-28 17:00:00.000000 UTC,32,1005.0,0.127,0.001,0.996
1419241,"Will Bitcoin reach $76,000 February 23-March 1?",2026-02-28 18:00:00.000000 UTC,13,915.0,0.234,0.004,0.995
1419241,"Will Bitcoin reach $76,000 February 23-March 1?",2026-02-28 19:00:00.000000 UTC,2,200.0,0.995,0.995,0.995
1419241,"Will Bitcoin reach $76,000 February 23-March 1?",2026-02-28 20:00:00.000000 UTC,12,1147.0,0.251,0.003,0.995
1419241,"Will Bitcoin reach $76,000 February 23-March 1?",2026-02-28 22:00:00.000000 UTC,20,681.0,0.253,0.004,0.995
1419241,"Will Bitcoin reach $76,000 February 23-March 1?",2026-03-01 00:00:00.000000 UTC,6,0.0,0.008,0.007,0.008
1419241,"Will Bitcoin reach $76,000 February 23-March 1?",2026-03-01 01:00:00.000000 UTC,1,99.0,0.99,0.99,0.99
1419241,"Will Bitcoin reach $76,000 February 23-March 1?",2026-03-01 02:00:00.000000 UTC,25,3270.0,0.124,0.004,0.989
1419241,"Will Bitcoin reach $76,000 February 23-March 1?",2026-03-01 03:00:00.000000 UTC,10,183.0,0.204,0.005,0.994
1419241,"Will Bitcoin reach $76,000 February 23-March 1?",2026-03-01 04:00:00.000000 UTC,3,46.0,0.335,0.004,0.996
1419241,"Will Bitcoin reach $76,000 February 23-March 1?",2026-03-01 05:00:00.000000 UTC,2,2.0,0.003,0.002,0.004
1419241,"Will Bitcoin reach $76,000 February 23-March 1?",2026-03-01 06:00:00.000000 UTC,13,0.0,0.002,0.002,0.003
1419241,"Will Bitcoin reach $76,000 February 23-March 1?",2026-03-01 07:00:00.000000 UTC,4,0.0,0.002,0.002,0.003
1419241,"Will Bitcoin reach $76,000 February 23-March 1?",2026-03-01 08:00:00.000000 UTC,5,0.0,0.002,0.002,0.003
1419241,"Will Bitcoin reach $76,000 February 23-March 1?",2026-03-01 09:00:00.000000 UTC,30,348.0,0.134,0.001,0.999
1419241,"Will Bitcoin reach $76,000 February 23-March 1?",2026-03-01 10:00:00.000000 UTC,4,6206.0,0.75,0.001,0.999
1419241,"Will Bitcoin reach $76,000 February 23-March 1?",2026-03-01 12:00:00.000000 UTC,9,6.0,0.001,0.001,0.001
1419241,"Will Bitcoin reach $76,000 February 23-March 1?",2026-03-01 13:00:00.000000 UTC,8,6.0,0.001,0.001,0.002
1419241,"Will Bitcoin reach $76,000 February 23-March 1?",2026-03-01 14:00:00.000000 UTC,13,7.0,0.001,0.001,0.001
1419241,"Will Bitcoin reach $76,000 February 23-March 1?",2026-03-01 16:00:00.000000 UTC,8,5.0,0.002,0.001,0.002
1419241,"Will Bitcoin reach $76,000 February 23-March 1?",2026-03-01 17:00:00.000000 UTC,23,346.0,0.088,0.001,0.999
1419241,"Will Bitcoin reach $76,000 February 23-March 1?",2026-03-01 18:00:00.000000 UTC,13,12.0,0.001,0.001,0.001
1419241,"Will Bitcoin reach $76,000 February 23-March 1?",2026-03-01 21:00:00.000000 UTC,1,0.0,0.001,0.001,0.001
1419241,"Will Bitcoin reach $76,000 February 23-March 1?",2026-03-01 22:00:00.000000 UTC,22,24.0,0.046,0.001,0.999
1419241,"Will Bitcoin reach $76,000 February 23-March 1?",2026-03-01 23:00:00.000000 UTC,11,16.0,0.001,0.001,0.002
1419242,"Will Bitcoin reach $74,000 February 23-March 1?",2026-02-23 17:00:00.000000 UTC,1,0.0,0.07,0.07,0.07
1419242,"Will Bitcoin reach $74,000 February 23-March 1?",2026-02-23 18:00:00.000000 UTC,27,395.0,0.213,0.04,0.95
1419242,"Will Bitcoin reach $74,000 February 23-March 1?",2026-02-23 19:00:00.000000 UTC,29,29.0,0.04,0.04,0.041
1419242,"Will Bitcoin reach $74,000 February 23-March 1?",2026-02-23 20:00:00.000000 UTC,11,10.0,0.041,0.041,0.041
1419242,"Will Bitcoin reach $74,000 February 23-March 1?",2026-02-23 22:00:00.000000 UTC,2,14.0,0.933,0.933,0.933
1419242,"Will Bitcoin reach $74,000 February 23-March 1?",2026-02-23 23:00:00.000000 UTC,1,6.0,0.936,0.936,0.936
1419242,"Will Bitcoin reach $74,000 February 23-March 1?",2026-02-24 00:00:00.000000 UTC,6,86.0,0.041,0.04,0.042
1419242,"Will Bitcoin reach $74,000 February 23-March 1?",2026-02-24 01:00:00.000000 UTC,30,291.0,0.029,0.019,0.042
1419242,"Will Bitcoin reach $74,000 February 23-March 1?",2026-02-24 02:00:00.000000 UTC,2,3.0,0.03,0.03,0.03
1419242,"Will Bitcoin reach $74,000 February 23-March 1?",2026-02-24 04:00:00.000000 UTC,5,78.0,0.592,0.032,0.968
1419242,"Will Bitcoin reach $74,000 February 23-March 1?",2026-02-24 05:00:00.000000 UTC,10,80.0,0.121,0.025,0.968
1419242,"Will Bitcoin reach $74,000 February 23-March 1?",2026-02-24 06:00:00.000000 UTC,11,1037.0,0.204,0.033,0.96
1419242,"Will Bitcoin reach $74,000 February 23-March 1?",2026-02-24 08:00:00.000000 UTC,4,4.0,0.035,0.032,0.036
1419242,"Will Bitcoin reach $74,000 February 23-March 1?",2026-02-24 09:00:00.000000 UTC,1,19.0,0.967,0.967,0.967
1419242,"Will Bitcoin reach $74,000 February 23-March 1?",2026-02-24 10:00:00.000000 UTC,1,24.0,0.969,0.969,0.969
1419242,"Will Bitcoin reach $74,000 February 23-March 1?",2026-02-24 11:00:00.000000 UTC,12,316.0,0.108,0.026,0.971
1419242,"Will Bitcoin reach $74,000 February 23-March 1?",2026-02-24 13:00:00.000000 UTC,3,66.0,0.026,0.025,0.027
1419242,"Will Bitcoin reach $74,000 February 23-March 1?",2026-02-24 14:00:00.000000 UTC,6,654.0,0.342,0.026,0.97
1419242,"Will Bitcoin reach $74,000 February 23-March 1?",2026-02-24 15:00:00.000000 UTC,2,67.0,0.499,0.027,0.971
1419242,"Will Bitcoin reach $74,000 February 23-March 1?",2026-02-24 16:00:00.000000 UTC,4,149.0,0.263,0.027,0.97
1419242,"Will Bitcoin reach $74,000 February 23-March 1?",2026-02-24 17:00:00.000000 UTC,12,2462.0,0.264,0.027,0.97
1419242,"Will Bitcoin reach $74,000 February 23-March 1?",2026-02-24 18:00:00.000000 UTC,10,113.0,0.219,0.031,0.97
1419242,"Will Bitcoin reach $74,000 February 23-March 1?",2026-02-24 19:00:00.000000 UTC,3,1.0,0.031,0.03,0.033
1419242,"Will Bitcoin reach $74,000 February 23-March 1?",2026-02-24 20:00:00.000000 UTC,1,1.0,0.971,0.971,0.971
1419242,"Will Bitcoin reach $74,000 February 23-March 1?",2026-02-24 22:00:00.000000 UTC,9,6033.0,0.137,0.031,0.969
1419242,"Will Bitcoin reach $74,000 February 23-March 1?",2026-02-25 01:00:00.000000 UTC,16,69.0,0.105,0.039,0.94
1419242,"Will Bitcoin reach $74,000 February 23-March 1?",2026-02-25 02:00:00.000000 UTC,4,86.0,0.278,0.052,0.948
1419242,"Will Bitcoin reach $74,000 February 23-March 1?",2026-02-25 03:00:00.000000 UTC,5,66.0,0.413,0.049,0.961
1419242,"Will Bitcoin reach $74,000 February 23-March 1?",2026-02-25 04:00:00.000000 UTC,5,281.0,0.408,0.038,0.964
1419242,"Will Bitcoin reach $74,000 February 23-March 1?",2026-02-25 05:00:00.000000 UTC,5,3.0,0.038,0.035,0.039
1419242,"Will Bitcoin reach $74,000 February 23-March 1?",2026-02-25 07:00:00.000000 UTC,17,399.0,0.2,0.035,0.955
1419242,"Will Bitcoin reach $74,000 February 23-March 1?",2026-02-25 08:00:00.000000 UTC,9,441.0,0.344,0.033,0.967
1419242,"Will Bitcoin reach $74,000 February 23-March 1?",2026-02-25 09:00:00.000000 UTC,3,129.0,0.343,0.03,0.967
1419242,"Will Bitcoin reach $74,000 February 23-March 1?",2026-02-25 10:00:00.000000 UTC,3,1.0,0.031,0.029,0.032
1419242,"Will Bitcoin reach $74,000 February 23-March 1?",2026-02-25 11:00:00.000000 UTC,4,1.0,0.027,0.025,0.032
1419242,"Will Bitcoin reach $74,000 February 23-March 1?",2026-02-25 12:00:00.000000 UTC,6,1630.0,0.343,0.03,0.967
1419242,"Will Bitcoin reach $74,000 February 23-March 1?",2026-02-25 13:00:00.000000 UTC,2,1.0,0.04,0.039,0.04
1419242,"Will Bitcoin reach $74,000 February 23-March 1?",2026-02-25 14:00:00.000000 UTC,28,6916.0,0.111,0.035,0.951
1419242,"Will Bitcoin reach $74,000 February 23-March 1?",2026-02-25 15:00:00.000000 UTC,33,10754.0,0.461,0.054,0.942
1419242,"Will Bitcoin reach $74,000 February 23-March 1?",2026-02-25 16:00:00.000000 UTC,19,392.0,0.402,0.096,0.913
1419242,"Will Bitcoin reach $74,000 February 23-March 1?",2026-02-25 17:00:00.000000 UTC,20,853.0,0.472,0.131,0.88
1419242,"Will Bitcoin reach $74,000 February 23-March 1?",2026-02-25 18:00:00.000000 UTC,28,1816.0,0.53,0.15,0.849
1419242,"Will Bitcoin reach $74,000 February 23-March 1?",2026-02-25 19:00:00.000000 UTC,5,45.0,0.206,0.188,0.224
1419242,"Will Bitcoin reach $74,000 February 23-March 1?",2026-02-25 20:00:00.000000 UTC,19,444.0,0.218,0.165,0.788
1419242,"Will Bitcoin reach $74,000 February 23-March 1?",2026-02-25 21:00:00.000000 UTC,12,77.0,0.352,0.188,0.791
1419242,"Will Bitcoin reach $74,000 February 23-March 1?",2026-02-25 22:00:00.000000 UTC,12,676.0,0.378,0.14,0.863
1419242,"Will Bitcoin reach $74,000 February 23-March 1?",2026-02-25 23:00:00.000000 UTC,15,81.0,0.278,0.11,0.84
1419242,"Will Bitcoin reach $74,000 February 23-March 1?",2026-02-26 00:00:00.000000 UTC,3,6.0,0.119,0.112,0.122
1419242,"Will Bitcoin reach $74,000 February 23-March 1?",2026-02-26 01:00:00.000000 UTC,3,17.0,0.14,0.135,0.15
1419242,"Will Bitcoin reach $74,000 February 23-March 1?",2026-02-26 02:00:00.000000 UTC,1,1.0,0.122,0.122,0.122
1419242,"Will Bitcoin reach $74,000 February 23-March 1?",2026-02-26 03:00:00.000000 UTC,3,4.0,0.38,0.122,0.878
1419242,"Will Bitcoin reach $74,000 February 23-March 1?",2026-02-26 04:00:00.000000 UTC,6,60.0,0.14,0.13,0.155
1419242,"Will Bitcoin reach $74,000 February 23-March 1?",2026-02-26 05:00:00.000000 UTC,7,714.0,0.337,0.113,0.875
1419242,"Will Bitcoin reach $74,000 February 23-March 1?",2026-02-26 06:00:00.000000 UTC,9,593.0,0.456,0.114,0.864
1419242,"Will Bitcoin reach $74,000 February 23-March 1?",2026-02-26 07:00:00.000000 UTC,12,299.0,0.181,0.111,0.887
1419242,"Will Bitcoin reach $74,000 February 23-March 1?",2026-02-26 08:00:00.000000 UTC,5,248.0,0.112,0.11,0.116
1419242,"Will Bitcoin reach $74,000 February 23-March 1?",2026-02-26 09:00:00.000000 UTC,3,11.0,0.122,0.12,0.125
1419242,"Will Bitcoin reach $74,000 February 23-March 1?",2026-02-26 10:00:00.000000 UTC,4,21.0,0.117,0.11,0.122
1419242,"Will Bitcoin reach $74,000 February 23-March 1?",2026-02-26 11:00:00.000000 UTC,6,4191.0,0.37,0.11,0.878
1419242,"Will Bitcoin reach $74,000 February 23-March 1?",2026-02-26 12:00:00.000000 UTC,2,2727.0,0.88,0.88,0.88
1419242,"Will Bitcoin reach $74,000 February 23-March 1?",2026-02-26 13:00:00.000000 UTC,17,1001.0,0.428,0.077,0.923
1419242,"Will Bitcoin reach $74,000 February 23-March 1?",2026-02-26 14:00:00.000000 UTC,16,598.0,0.448,0.072,0.926
1419242,"Will Bitcoin reach $74,000 February 23-March 1?",2026-02-26 15:00:00.000000 UTC,17,27.0,0.049,0.045,0.065
1419242,"Will Bitcoin reach $74,000 February 23-March 1?",2026-02-26 16:00:00.000000 UTC,30,287.0,0.469,0.041,0.96
1419242,"Will Bitcoin reach $74,000 February 23-March 1?",2026-02-26 17:00:00.000000 UTC,15,138.0,0.16,0.032,0.965
1419242,"Will Bitcoin reach $74,000 February 23-March 1?",2026-02-26 18:00:00.000000 UTC,5,132.0,0.956,0.951,0.96
1419242,"Will Bitcoin reach $74,000 February 23-March 1?",2026-02-26 19:00:00.000000 UTC,32,220.0,0.276,0.034,0.964
1419242,"Will Bitcoin reach $74,000 February 23-March 1?",2026-02-26 20:00:00.000000 UTC,8,855.0,0.274,0.049,0.95
1419242,"Will Bitcoin reach $74,000 February 23-March 1?",2026-02-26 21:00:00.000000 UTC,2,5.0,0.05,0.049,0.05
1419242,"Will Bitcoin reach $74,000 February 23-March 1?",2026-02-26 22:00:00.000000 UTC,1,0.0,0.049,0.049,0.049
1419242,"Will Bitcoin reach $74,000 February 23-March 1?",2026-02-27 00:00:00.000000 UTC,4,5081.0,0.501,0.045,0.959
1419242,"Will Bitcoin reach $74,000 February 23-March 1?",2026-02-27 01:00:00.000000 UTC,4,53.0,0.958,0.957,0.959
1419242,"Will Bitcoin reach $74,000 February 23-March 1?",2026-02-27 02:00:00.000000 UTC,2,6.0,0.5,0.046,0.955
1419242,"Will Bitcoin reach $74,000 February 23-March 1?",2026-02-27 03:00:00.000000 UTC,3,8.0,0.348,0.041,0.959
1419242,"Will Bitcoin reach $74,000 February 23-March 1?",2026-02-27 04:00:00.000000 UTC,7,9.0,0.044,0.044,0.045
1419242,"Will Bitcoin reach $74,000 February 23-March 1?",2026-02-27 05:00:00.000000 UTC,12,71.0,0.041,0.036,0.044
1419242,"Will Bitcoin reach $74,000 February 23-March 1?",2026-02-27 06:00:00.000000 UTC,9,72.0,0.035,0.033,0.039
1419242,"Will Bitcoin reach $74,000 February 23-March 1?",2026-02-27 07:00:00.000000 UTC,19,1519.0,0.324,0.016,0.983
1419242,"Will Bitcoin reach $74,000 February 23-March 1?",2026-02-27 08:00:00.000000 UTC,180,12961.0,0.496,0.03,0.973
1419242,"Will Bitcoin reach $74,000 February 23-March 1?",2026-02-27 09:00:00.000000 UTC,5,28.0,0.222,0.037,0.961
1419242,"Will Bitcoin reach $74,000 February 23-March 1?",2026-02-27 10:00:00.000000 UTC,43,719.0,0.262,0.009,0.982
1419242,"Will Bitcoin reach $74,000 February 23-March 1?",2026-02-27 11:00:00.000000 UTC,12,23.0,0.178,0.014,0.986
1419242,"Will Bitcoin reach $74,000 February 23-March 1?",2026-02-27 12:00:00.000000 UTC,34,487.0,0.128,0.009,0.989
1419242,"Will Bitcoin reach $74,000 February 23-March 1?",2026-02-27 13:00:00.000000 UTC,28,206.0,0.221,0.009,0.989
1419242,"Will Bitcoin reach $74,000 February 23-March 1?",2026-02-27 14:00:00.000000 UTC,16,142.0,0.499,0.01,0.99
1419242,"Will Bitcoin reach $74,000 February 23-March 1?",2026-02-27 15:00:00.000000 UTC,14,110.0,0.43,0.009,0.992
1419242,"Will Bitcoin reach $74,000 February 23-March 1?",2026-02-27 16:00:00.000000 UTC,3,3.0,0.009,0.009,0.01
1419242,"Will Bitcoin reach $74,000 February 23-March 1?",2026-02-27 17:00:00.000000 UTC,22,3988.0,0.233,0.009,0.99
1419242,"Will Bitcoin reach $74,000 February 23-March 1?",2026-02-27 18:00:00.000000 UTC,38,1276.0,0.164,0.006,0.994
1419242,"Will Bitcoin reach $74,000 February 23-March 1?",2026-02-27 19:00:00.000000 UTC,17,316.0,0.123,0.006,0.992
1419242,"Will Bitcoin reach $74,000 February 23-March 1?",2026-02-27 20:00:00.000000 UTC,13,1.0,0.007,0.005,0.008
1419242,"Will Bitcoin reach $74,000 February 23-March 1?",2026-02-27 21:00:00.000000 UTC,14,1955.0,0.359,0.005,0.994
1419242,"Will Bitcoin reach $74,000 February 23-March 1?",2026-02-27 22:00:00.000000 UTC,4,1704.0,0.746,0.007,0.992
1419242,"Will Bitcoin reach $74,000 February 23-March 1?",2026-02-27 23:00:00.000000 UTC,10,1182.0,0.5,0.007,0.993
1419242,"Will Bitcoin reach $74,000 February 23-March 1?",2026-02-28 00:00:00.000000 UTC,1,0.0,0.006,0.006,0.006
1419242,"Will Bitcoin reach $74,000 February 23-March 1?",2026-02-28 01:00:00.000000 UTC,7,101.0,0.148,0.006,0.993
1419242,"Will Bitcoin reach $74,000 February 23-March 1?",2026-02-28 02:00:00.000000 UTC,8,2.0,0.007,0.006,0.007
1419242,"Will Bitcoin reach $74,000 February 23-March 1?",2026-02-28 03:00:00.000000 UTC,2,299.0,0.499,0.005,0.993
1419242,"Will Bitcoin reach $74,000 February 23-March 1?",2026-02-28 04:00:00.000000 UTC,1,2.0,0.996,0.996,0.996
1419242,"Will Bitcoin reach $74,000 February 23-March 1?",2026-02-28 05:00:00.000000 UTC,8,217.0,0.624,0.005,0.996
1419242,"Will Bitcoin reach $74,000 February 23-March 1?",2026-02-28 06:00:00.000000 UTC,1,0.0,0.005,0.005,0.005
1419242,"Will Bitcoin reach $74,000 February 23-March 1?",2026-02-28 07:00:00.000000 UTC,1,3.0,0.005,0.005,0.005
1419242,"Will Bitcoin reach $74,000 February 23-March 1?",2026-02-28 08:00:00.000000 UTC,15,1846.0,0.599,0.004,0.996
1419242,"Will Bitcoin reach $74,000 February 23-March 1?",2026-02-28 09:00:00.000000 UTC,4,183.0,0.499,0.002,0.996
1419242,"Will Bitcoin reach $74,000 February 23-March 1?",2026-02-28 10:00:00.000000 UTC,13,99.0,0.386,0.002,0.998
1419242,"Will Bitcoin reach $74,000 February 23-March 1?",2026-02-28 11:00:00.000000 UTC,3,1.0,0.004,0.003,0.005
1419242,"Will Bitcoin reach $74,000 February 23-March 1?",2026-02-28 12:00:00.000000 UTC,5,1.0,0.003,0.003,0.003
1419242,"Will Bitcoin reach $74,000 February 23-March 1?",2026-02-28 13:00:00.000000 UTC,2,21.0,0.5,0.003,0.998
1419242,"Will Bitcoin reach $74,000 February 23-March 1?",2026-02-28 14:00:00.000000 UTC,6,1.0,0.004,0.003,0.006
1419242,"Will Bitcoin reach $74,000 February 23-March 1?",2026-02-28 15:00:00.000000 UTC,1,0.0,0.003,0.003,0.003
1419242,"Will Bitcoin reach $74,000 February 23-March 1?",2026-02-28 16:00:00.000000 UTC,3,1.0,0.005,0.003,0.006
1419242,"Will Bitcoin reach $74,000 February 23-March 1?",2026-02-28 17:00:00.000000 UTC,22,3345.0,0.32,0.003,0.995
1419242,"Will Bitcoin reach $74,000 February 23-March 1?",2026-02-28 18:00:00.000000 UTC,11,101.0,0.188,0.006,0.994
1419242,"Will Bitcoin reach $74,000 February 23-March 1?",2026-02-28 19:00:00.000000 UTC,31,208.0,0.068,0.002,0.998
1419242,"Will Bitcoin reach $74,000 February 23-March 1?",2026-02-28 20:00:00.000000 UTC,18,3963.0,0.499,0.005,0.992
1419242,"Will Bitcoin reach $74,000 February 23-March 1?",2026-02-28 21:00:00.000000 UTC,18,922.0,0.336,0.006,0.994
1419242,"Will Bitcoin reach $74,000 February 23-March 1?",2026-02-28 22:00:00.000000 UTC,21,811.0,0.291,0.009,0.99
1419242,"Will Bitcoin reach $74,000 February 23-March 1?",2026-02-28 23:00:00.000000 UTC,5,601.0,0.789,0.014,0.987
1419242,"Will Bitcoin reach $74,000 February 23-March 1?",2026-03-01 00:00:00.000000 UTC,9,2369.0,0.768,0.015,0.986
1419242,"Will Bitcoin reach $74,000 February 23-March 1?",2026-03-01 01:00:00.000000 UTC,5,511.0,0.983,0.982,0.986
1419242,"Will Bitcoin reach $74,000 February 23-March 1?",2026-03-01 02:00:00.000000 UTC,36,6782.0,0.605,0.019,0.982
1419242,"Will Bitcoin reach $74,000 February 23-March 1?",2026-03-01 03:00:00.000000 UTC,28,5421.0,0.466,0.016,0.984
1419242,"Will Bitcoin reach $74,000 February 23-March 1?",2026-03-01 04:00:00.000000 UTC,11,216.0,0.28,0.013,0.989
1419242,"Will Bitcoin reach $74,000 February 23-March 1?",2026-03-01 05:00:00.000000 UTC,13,6.0,0.014,0.013,0.018
1419242,"Will Bitcoin reach $74,000 February 23-March 1?",2026-03-01 06:00:00.000000 UTC,17,201.0,0.357,0.006,0.994
1419242,"Will Bitcoin reach $74,000 February 23-March 1?",2026-03-01 07:00:00.000000 UTC,12,25.0,0.088,0.005,0.991
1419242,"Will Bitcoin reach $74,000 February 23-March 1?",2026-03-01 08:00:00.000000 UTC,11,176.0,0.366,0.006,0.994
1419242,"Will Bitcoin reach $74,000 February 23-March 1?",2026-03-01 09:00:00.000000 UTC,68,981.0,0.078,0.002,0.998
1419242,"Will Bitcoin reach $74,000 February 23-March 1?",2026-03-01 10:00:00.000000 UTC,40,1742.0,0.253,0.003,0.997
1419242,"Will Bitcoin reach $74,000 February 23-March 1?",2026-03-01 11:00:00.000000 UTC,22,10.0,0.048,0.002,0.996
1419242,"Will Bitcoin reach $74,000 February 23-March 1?",2026-03-01 12:00:00.000000 UTC,25,15.0,0.084,0.002,0.996
1419242,"Will Bitcoin reach $74,000 February 23-March 1?",2026-03-01 13:00:00.000000 UTC,28,11.0,0.04,0.003,0.997
1419242,"Will Bitcoin reach $74,000 February 23-March 1?",2026-03-01 14:00:00.000000 UTC,29,540.0,0.21,0.003,0.994
1419242,"Will Bitcoin reach $74,000 February 23-March 1?",2026-03-01 15:00:00.000000 UTC,14,184.0,0.499,0.003,0.997
1419242,"Will Bitcoin reach $74,000 February 23-March 1?",2026-03-01 16:00:00.000000 UTC,30,114.0,0.038,0.002,0.992
1419242,"Will Bitcoin reach $74,000 February 23-March 1?",2026-03-01 17:00:00.000000 UTC,23,1581.0,0.392,0.001,0.998
1419242,"Will Bitcoin reach $74,000 February 23-March 1?",2026-03-01 18:00:00.000000 UTC,52,4065.0,0.309,0.002,0.996
1419242,"Will Bitcoin reach $74,000 February 23-March 1?",2026-03-01 19:00:00.000000 UTC,42,1909.0,0.381,0.001,0.999
1419242,"Will Bitcoin reach $74,000 February 23-March 1?",2026-03-01 20:00:00.000000 UTC,12,8.0,0.002,0.001,0.005
1419242,"Will Bitcoin reach $74,000 February 23-March 1?",2026-03-01 21:00:00.000000 UTC,22,765.0,0.545,0.001,0.999
1419242,"Will Bitcoin reach $74,000 February 23-March 1?",2026-03-01 22:00:00.000000 UTC,15,196.0,0.134,0.001,0.999
1419242,"Will Bitcoin reach $74,000 February 23-March 1?",2026-03-01 23:00:00.000000 UTC,16,504.0,0.251,0.001,0.999
1419242,"Will Bitcoin reach $74,000 February 23-March 1?",2026-03-02 00:00:00.000000 UTC,30,804.0,0.068,0.001,0.999
1419242,"Will Bitcoin reach $74,000 February 23-March 1?",2026-03-02 02:00:00.000000 UTC,2,0.0,0.001,0.001,0.001
1419242,"Will Bitcoin reach $74,000 February 23-March 1?",2026-03-02 03:00:00.000000 UTC,6,9.0,0.001,0.001,0.001
1419243,"Will Bitcoin reach $72,000 February 23-March 1?",2026-02-23 18:00:00.000000 UTC,3,202.0,0.907,0.9,0.91
1419243,"Will Bitcoin reach $72,000 February 23-March 1?",2026-02-23 19:00:00.000000 UTC,10,1458.0,0.745,0.06,0.92
1419243,"Will Bitcoin reach $72,000 February 23-March 1?",2026-02-23 20:00:00.000000 UTC,7,19.0,0.06,0.06,0.06
1419243,"Will Bitcoin reach $72,000 February 23-March 1?",2026-02-23 21:00:00.000000 UTC,2,28.0,0.495,0.08,0.91
1419243,"Will Bitcoin reach $72,000 February 23-March 1?",2026-02-23 22:00:00.000000 UTC,1,9.0,0.9,0.9,0.9
1419243,"Will Bitcoin reach $72,000 February 23-March 1?",2026-02-23 23:00:00.000000 UTC,5,75.0,0.08,0.08,0.08
1419243,"Will Bitcoin reach $72,000 February 23-March 1?",2026-02-24 00:00:00.000000 UTC,32,568.0,0.091,0.07,0.11
1419243,"Will Bitcoin reach $72,000 February 23-March 1?",2026-02-24 01:00:00.000000 UTC,15,284.0,0.247,0.06,0.93
1419243,"Will Bitcoin reach $72,000 February 23-March 1?",2026-02-24 02:00:00.000000 UTC,16,201.0,0.186,0.08,0.91
1419243,"Will Bitcoin reach $72,000 February 23-March 1?",2026-02-24 03:00:00.000000 UTC,15,188.0,0.187,0.07,0.91
1419243,"Will Bitcoin reach $72,000 February 23-March 1?",2026-02-24 04:00:00.000000 UTC,8,62.0,0.388,0.07,0.93
1419243,"Will Bitcoin reach $72,000 February 23-March 1?",2026-02-24 05:00:00.000000 UTC,6,249.0,0.36,0.08,0.92
1419243,"Will Bitcoin reach $72,000 February 23-March 1?",2026-02-24 06:00:00.000000 UTC,7,1723.0,0.56,0.09,0.92
1419243,"Will Bitcoin reach $72,000 February 23-March 1?",2026-02-24 07:00:00.000000 UTC,2,16.0,0.08,0.08,0.08
1419243,"Will Bitcoin reach $72,000 February 23-March 1?",2026-02-24 08:00:00.000000 UTC,4,16.0,0.073,0.07,0.08
1419243,"Will Bitcoin reach $72,000 February 23-March 1?",2026-02-24 09:00:00.000000 UTC,4,22.0,0.495,0.07,0.92
1419243,"Will Bitcoin reach $72,000 February 23-March 1?",2026-02-24 11:00:00.000000 UTC,1,273.0,0.91,0.91,0.91
1419243,"Will Bitcoin reach $72,000 February 23-March 1?",2026-02-24 12:00:00.000000 UTC,30,160.0,0.273,0.07,0.93
1419243,"Will Bitcoin reach $72,000 February 23-March 1?",2026-02-24 13:00:00.000000 UTC,20,964.0,0.282,0.04,0.95
1419243,"Will Bitcoin reach $72,000 February 23-March 1?",2026-02-24 14:00:00.000000 UTC,5,21.0,0.064,0.05,0.07
1419243,"Will Bitcoin reach $72,000 February 23-March 1?",2026-02-24 15:00:00.000000 UTC,12,297.0,0.129,0.05,0.94
1419243,"Will Bitcoin reach $72,000 February 23-March 1?",2026-02-24 16:00:00.000000 UTC,21,31.0,0.055,0.05,0.07
1419243,"Will Bitcoin reach $72,000 February 23-March 1?",2026-02-24 17:00:00.000000 UTC,14,205.0,0.253,0.07,0.92
1419243,"Will Bitcoin reach $72,000 February 23-March 1?",2026-02-24 18:00:00.000000 UTC,9,765.0,0.446,0.06,0.94
1419243,"Will Bitcoin reach $72,000 February 23-March 1?",2026-02-24 19:00:00.000000 UTC,1,104.0,0.92,0.92,0.92
1419243,"Will Bitcoin reach $72,000 February 23-March 1?",2026-02-24 20:00:00.000000 UTC,2,29.0,0.495,0.08,0.91
1419243,"Will Bitcoin reach $72,000 February 23-March 1?",2026-02-24 21:00:00.000000 UTC,3,8.0,0.067,0.06,0.07
1419243,"Will Bitcoin reach $72,000 February 23-March 1?",2026-02-24 22:00:00.000000 UTC,1,0.0,0.06,0.06,0.06
1419243,"Will Bitcoin reach $72,000 February 23-March 1?",2026-02-25 00:00:00.000000 UTC,5,91.0,0.236,0.06,0.93
1419243,"Will Bitcoin reach $72,000 February 23-March 1?",2026-02-25 01:00:00.000000 UTC,17,1013.0,0.609,0.09,0.9
1419243,"Will Bitcoin reach $72,000 February 23-March 1?",2026-02-25 02:00:00.000000 UTC,6,527.0,0.758,0.11,0.89
1419243,"Will Bitcoin reach $72,000 February 23-March 1?",2026-02-25 03:00:00.000000 UTC,4,41.0,0.693,0.09,0.9
1419243,"Will Bitcoin reach $72,000 February 23-March 1?",2026-02-25 04:00:00.000000 UTC,13,132.0,0.154,0.08,0.91
1419243,"Will Bitcoin reach $72,000 February 23-March 1?",2026-02-25 05:00:00.000000 UTC,1,1.0,0.08,0.08,0.08
1419243,"Will Bitcoin reach $72,000 February 23-March 1?",2026-02-25 06:00:00.000000 UTC,1,7.0,0.09,0.09,0.09
1419243,"Will Bitcoin reach $72,000 February 23-March 1?",2026-02-25 07:00:00.000000 UTC,2,25.0,0.505,0.08,0.93
1419243,"Will Bitcoin reach $72,000 February 23-March 1?",2026-02-25 08:00:00.000000 UTC,12,470.0,0.282,0.06,0.94
1419243,"Will Bitcoin reach $72,000 February 23-March 1?",2026-02-25 09:00:00.000000 UTC,3,17.0,0.643,0.07,0.93
1419243,"Will Bitcoin reach $72,000 February 23-March 1?",2026-02-25 10:00:00.000000 UTC,1,10.0,0.95,0.95,0.95
1419243,"Will Bitcoin reach $72,000 February 23-March 1?",2026-02-25 11:00:00.000000 UTC,11,287.0,0.627,0.05,0.96
1419243,"Will Bitcoin reach $72,000 February 23-March 1?",2026-02-25 12:00:00.000000 UTC,9,145.0,0.252,0.05,0.96
1419243,"Will Bitcoin reach $72,000 February 23-March 1?",2026-02-25 13:00:00.000000 UTC,7,41.0,0.079,0.07,0.1
1419243,"Will Bitcoin reach $72,000 February 23-March 1?",2026-02-25 14:00:00.000000 UTC,21,5422.0,0.248,0.08,0.9
1419243,"Will Bitcoin reach $72,000 February 23-March 1?",2026-02-25 15:00:00.000000 UTC,39,1960.0,0.244,0.12,0.85
1419243,"Will Bitcoin reach $72,000 February 23-March 1?",2026-02-25 16:00:00.000000 UTC,59,821.0,0.35,0.17,0.76
1419243,"Will Bitcoin reach $72,000 February 23-March 1?",2026-02-25 17:00:00.000000 UTC,68,3053.0,0.31,0.24,0.74
1419243,"Will Bitcoin reach $72,000 February 23-March 1?",2026-02-25 18:00:00.000000 UTC,36,1932.0,0.414,0.27,0.66
1419243,"Will Bitcoin reach $72,000 February 23-March 1?",2026-02-25 19:00:00.000000 UTC,17,170.0,0.485,0.34,0.66
1419243,"Will Bitcoin reach $72,000 February 23-March 1?",2026-02-25 20:00:00.000000 UTC,14,268.0,0.441,0.33,0.63
1419243,"Will Bitcoin reach $72,000 February 23-March 1?",2026-02-25 21:00:00.000000 UTC,15,98.0,0.401,0.32,0.49
1419243,"Will Bitcoin reach $72,000 February 23-March 1?",2026-02-25 22:00:00.000000 UTC,16,520.0,0.554,0.3,0.7
1419243,"Will Bitcoin reach $72,000 February 23-March 1?",2026-02-25 23:00:00.000000 UTC,8,62.0,0.526,0.21,0.71
1419243,"Will Bitcoin reach $72,000 February 23-March 1?",2026-02-26 00:00:00.000000 UTC,2,19.0,0.5,0.27,0.73
1419243,"Will Bitcoin reach $72,000 February 23-March 1?",2026-02-26 01:00:00.000000 UTC,5,17.0,0.46,0.29,0.7
1419243,"Will Bitcoin reach $72,000 February 23-March 1?",2026-02-26 02:00:00.000000 UTC,9,106.0,0.532,0.24,0.76
1419243,"Will Bitcoin reach $72,000 February 23-March 1?",2026-02-26 03:00:00.000000 UTC,14,723.0,0.344,0.22,0.77
1419243,"Will Bitcoin reach $72,000 February 23-March 1?",2026-02-26 04:00:00.000000 UTC,20,2616.0,0.442,0.26,0.73
1419243,"Will Bitcoin reach $72,000 February 23-March 1?",2026-02-26 05:00:00.000000 UTC,49,1207.0,0.298,0.23,0.77
1419243,"Will Bitcoin reach $72,000 February 23-March 1?",2026-02-26 06:00:00.000000 UTC,5,128.0,0.342,0.24,0.74
1419243,"Will Bitcoin reach $72,000 February 23-March 1?",2026-02-26 07:00:00.000000 UTC,16,119.0,0.469,0.2,0.8
1419243,"Will Bitcoin reach $72,000 February 23-March 1?",2026-02-26 08:00:00.000000 UTC,14,746.0,0.584,0.19,0.8
1419243,"Will Bitcoin reach $72,000 February 23-March 1?",2026-02-26 09:00:00.000000 UTC,2,12.0,0.5,0.25,0.75
1419243,"Will Bitcoin reach $72,000 February 23-March 1?",2026-02-26 10:00:00.000000 UTC,7,165.0,0.334,0.24,0.76
1419243,"Will Bitcoin reach $72,000 February 23-March 1?",2026-02-26 11:00:00.000000 UTC,6,130.0,0.308,0.21,0.77
1419243,"Will Bitcoin reach $72,000 February 23-March 1?",2026-02-26 12:00:00.000000 UTC,6,3965.0,0.397,0.19,0.79
1419243,"Will Bitcoin reach $72,000 February 23-March 1?",2026-02-26 13:00:00.000000 UTC,12,314.0,0.346,0.18,0.81
1419243,"Will Bitcoin reach $72,000 February 23-March 1?",2026-02-26 14:00:00.000000 UTC,19,323.0,0.547,0.12,0.9
1419243,"Will Bitcoin reach $72,000 February 23-March 1?",2026-02-26 15:00:00.000000 UTC,20,288.0,0.462,0.12,0.89
1419243,"Will Bitcoin reach $72,000 February 23-March 1?",2026-02-26 16:00:00.000000 UTC,34,617.0,0.228,0.08,0.9
1419243,"Will Bitcoin reach $72,000 February 23-March 1?",2026-02-26 17:00:00.000000 UTC,12,351.0,0.161,0.08,0.91
1419243,"Will Bitcoin reach $72,000 February 23-March 1?",2026-02-26 18:00:00.000000 UTC,10,81.0,0.181,0.08,0.88
1419243,"Will Bitcoin reach $72,000 February 23-March 1?",2026-02-26 19:00:00.000000 UTC,11,1367.0,0.401,0.1,0.89
1419243,"Will Bitcoin reach $72,000 February 23-March 1?",2026-02-26 20:00:00.000000 UTC,24,20627.0,0.525,0.12,0.88
1419243,"Will Bitcoin reach $72,000 February 23-March 1?",2026-02-26 21:00:00.000000 UTC,9,826.0,0.454,0.11,0.88
1419243,"Will Bitcoin reach $72,000 February 23-March 1?",2026-02-26 22:00:00.000000 UTC,17,1756.0,0.515,0.1,0.89
1419243,"Will Bitcoin reach $72,000 February 23-March 1?",2026-02-26 23:00:00.000000 UTC,7,1088.0,0.551,0.11,0.89
1419243,"Will Bitcoin reach $72,000 February 23-March 1?",2026-02-27 00:00:00.000000 UTC,17,747.0,0.28,0.07,0.92
1419243,"Will Bitcoin reach $72,000 February 23-March 1?",2026-02-27 01:00:00.000000 UTC,17,214.0,0.271,0.06,0.93
1419243,"Will Bitcoin reach $72,000 February 23-March 1?",2026-02-27 02:00:00.000000 UTC,21,136.0,0.161,0.07,0.91
1419243,"Will Bitcoin reach $72,000 February 23-March 1?",2026-02-27 03:00:00.000000 UTC,2,9.0,0.085,0.08,0.09
1419243,"Will Bitcoin reach $72,000 February 23-March 1?",2026-02-27 04:00:00.000000 UTC,17,100.0,0.254,0.1,0.87
1419243,"Will Bitcoin reach $72,000 February 23-March 1?",2026-02-27 05:00:00.000000 UTC,9,414.0,0.206,0.11,0.87
1419243,"Will Bitcoin reach $72,000 February 23-March 1?",2026-02-27 06:00:00.000000 UTC,30,647.0,0.258,0.08,0.91
1419243,"Will Bitcoin reach $72,000 February 23-March 1?",2026-02-27 07:00:00.000000 UTC,23,444.0,0.187,0.07,0.93
1419243,"Will Bitcoin reach $72,000 February 23-March 1?",2026-02-27 08:00:00.000000 UTC,315,22707.0,0.589,0.07,0.92
1419243,"Will Bitcoin reach $72,000 February 23-March 1?",2026-02-27 09:00:00.000000 UTC,23,324.0,0.517,0.08,0.92
1419243,"Will Bitcoin reach $72,000 February 23-March 1?",2026-02-27 10:00:00.000000 UTC,32,1354.0,0.303,0.03,0.97
1419243,"Will Bitcoin reach $72,000 February 23-March 1?",2026-02-27 11:00:00.000000 UTC,32,418.0,0.1,0.04,0.96
1419243,"Will Bitcoin reach $72,000 February 23-March 1?",2026-02-27 12:00:00.000000 UTC,60,4556.0,0.312,0.022,0.97
1419243,"Will Bitcoin reach $72,000 February 23-March 1?",2026-02-27 13:00:00.000000 UTC,33,1176.0,0.284,0.022,0.97
1419243,"Will Bitcoin reach $72,000 February 23-March 1?",2026-02-27 14:00:00.000000 UTC,40,4288.0,0.333,0.015,0.982
1419243,"Will Bitcoin reach $72,000 February 23-March 1?",2026-02-27 15:00:00.000000 UTC,35,1922.0,0.652,0.019,0.983
1419243,"Will Bitcoin reach $72,000 February 23-March 1?",2026-02-27 16:00:00.000000 UTC,21,387.0,0.338,0.011,0.989
1419243,"Will Bitcoin reach $72,000 February 23-March 1?",2026-02-27 17:00:00.000000 UTC,24,7546.0,0.458,0.011,0.985
1419243,"Will Bitcoin reach $72,000 February 23-March 1?",2026-02-27 18:00:00.000000 UTC,19,2378.0,0.779,0.017,0.985
1419243,"Will Bitcoin reach $72,000 February 23-March 1?",2026-02-27 19:00:00.000000 UTC,5,428.0,0.985,0.985,0.986
1419243,"Will Bitcoin reach $72,000 February 23-March 1?",2026-02-27 20:00:00.000000 UTC,4,17.0,0.257,0.014,0.987
1419243,"Will Bitcoin reach $72,000 February 23-March 1?",2026-02-27 21:00:00.000000 UTC,10,3105.0,0.793,0.016,0.989
1419243,"Will Bitcoin reach $72,000 February 23-March 1?",2026-02-27 22:00:00.000000 UTC,20,6444.0,0.939,0.011,0.989
1419243,"Will Bitcoin reach $72,000 February 23-March 1?",2026-02-27 23:00:00.000000 UTC,14,1337.0,0.848,0.018,0.988
1419243,"Will Bitcoin reach $72,000 February 23-March 1?",2026-02-28 00:00:00.000000 UTC,8,362.0,0.622,0.013,0.988
1419243,"Will Bitcoin reach $72,000 February 23-March 1?",2026-02-28 01:00:00.000000 UTC,1,20.0,0.988,0.988,0.988
1419243,"Will Bitcoin reach $72,000 February 23-March 1?",2026-02-28 02:00:00.000000 UTC,1,20.0,0.987,0.987,0.987
1419243,"Will Bitcoin reach $72,000 February 23-March 1?",2026-02-28 03:00:00.000000 UTC,6,1522.0,0.825,0.015,0.988
1419243,"Will Bitcoin reach $72,000 February 23-March 1?",2026-02-28 04:00:00.000000 UTC,7,4020.0,0.847,0.013,0.987
1419243,"Will Bitcoin reach $72,000 February 23-March 1?",2026-02-28 05:00:00.000000 UTC,2,103.0,0.988,0.987,0.988
1419243,"Will Bitcoin reach $72,000 February 23-March 1?",2026-02-28 06:00:00.000000 UTC,49,2530.0,0.428,0.003,0.991
1419243,"Will Bitcoin reach $72,000 February 23-March 1?",2026-02-28 07:00:00.000000 UTC,20,1560.0,0.353,0.003,0.995
1419243,"Will Bitcoin reach $72,000 February 23-March 1?",2026-02-28 08:00:00.000000 UTC,10,761.0,0.796,0.008,0.995
1419243,"Will Bitcoin reach $72,000 February 23-March 1?",2026-02-28 09:00:00.000000 UTC,10,1663.0,0.303,0.007,0.991
1419243,"Will Bitcoin reach $72,000 February 23-March 1?",2026-02-28 10:00:00.000000 UTC,26,2213.0,0.235,0.006,0.995
1419243,"Will Bitcoin reach $72,000 February 23-March 1?",2026-02-28 11:00:00.000000 UTC,31,2276.0,0.42,0.006,0.992
1419243,"Will Bitcoin reach $72,000 February 23-March 1?",2026-02-28 13:00:00.000000 UTC,6,148.0,0.337,0.012,0.987
1419243,"Will Bitcoin reach $72,000 February 23-March 1?",2026-02-28 14:00:00.000000 UTC,32,37197.0,0.62,0.014,0.987
1419243,"Will Bitcoin reach $72,000 February 23-March 1?",2026-02-28 15:00:00.000000 UTC,10,261.0,0.695,0.012,0.989
1419243,"Will Bitcoin reach $72,000 February 23-March 1?",2026-02-28 16:00:00.000000 UTC,34,1779.0,0.441,0.006,0.993
1419243,"Will Bitcoin reach $72,000 February 23-March 1?",2026-02-28 17:00:00.000000 UTC,9,315.0,0.337,0.011,0.988
1419243,"Will Bitcoin reach $72,000 February 23-March 1?",2026-02-28 18:00:00.000000 UTC,21,2287.0,0.477,0.012,0.987
1419243,"Will Bitcoin reach $72,000 February 23-March 1?",2026-02-28 19:00:00.000000 UTC,57,8813.0,0.558,0.013,0.986
1419243,"Will Bitcoin reach $72,000 February 23-March 1?",2026-02-28 20:00:00.000000 UTC,23,903.0,0.809,0.03,0.978
1419243,"Will Bitcoin reach $72,000 February 23-March 1?",2026-02-28 21:00:00.000000 UTC,9,30.0,0.031,0.027,0.036
1419243,"Will Bitcoin reach $72,000 February 23-March 1?",2026-02-28 22:00:00.000000 UTC,52,1205.0,0.433,0.033,0.967
1419243,"Will Bitcoin reach $72,000 February 23-March 1?",2026-02-28 23:00:00.000000 UTC,58,4346.0,0.453,0.036,0.962
1419243,"Will Bitcoin reach $72,000 February 23-March 1?",2026-03-01 00:00:00.000000 UTC,13,10.0,0.032,0.023,0.04
1419243,"Will Bitcoin reach $72,000 February 23-March 1?",2026-03-01 01:00:00.000000 UTC,77,2670.0,0.562,0.021,0.977
1419243,"Will Bitcoin reach $72,000 February 23-March 1?",2026-03-01 02:00:00.000000 UTC,166,7931.0,0.517,0.054,0.941
1419243,"Will Bitcoin reach $72,000 February 23-March 1?",2026-03-01 03:00:00.000000 UTC,30,4145.0,0.917,0.061,0.952
1419243,"Will Bitcoin reach $72,000 February 23-March 1?",2026-03-01 04:00:00.000000 UTC,16,781.0,0.613,0.037,0.963
1419243,"Will Bitcoin reach $72,000 February 23-March 1?",2026-03-01 05:00:00.000000 UTC,45,7690.0,0.529,0.008,0.99
1419243,"Will Bitcoin reach $72,000 February 23-March 1?",2026-03-01 06:00:00.000000 UTC,32,1913.0,0.617,0.025,0.978
1419243,"Will Bitcoin reach $72,000 February 23-March 1?",2026-03-01 07:00:00.000000 UTC,21,605.0,0.248,0.012,0.988
1419243,"Will Bitcoin reach $72,000 February 23-March 1?",2026-03-01 08:00:00.000000 UTC,44,2158.0,0.455,0.009,0.988
1419243,"Will Bitcoin reach $72,000 February 23-March 1?",2026-03-01 09:00:00.000000 UTC,50,745.0,0.146,0.007,0.991
1419243,"Will Bitcoin reach $72,000 February 23-March 1?",2026-03-01 10:00:00.000000 UTC,27,401.0,0.3,0.008,0.991
1419243,"Will Bitcoin reach $72,000 February 23-March 1?",2026-03-01 11:00:00.000000 UTC,13,185.0,0.689,0.008,0.992
1419243,"Will Bitcoin reach $72,000 February 23-March 1?",2026-03-01 12:00:00.000000 UTC,30,858.0,0.5,0.007,0.992
1419243,"Will Bitcoin reach $72,000 February 23-March 1?",2026-03-01 13:00:00.000000 UTC,38,1925.0,0.655,0.007,0.992
1419243,"Will Bitcoin reach $72,000 February 23-March 1?",2026-03-01 14:00:00.000000 UTC,63,15384.0,0.644,0.015,0.988
1419243,"Will Bitcoin reach $72,000 February 23-March 1?",2026-03-01 15:00:00.000000 UTC,37,2193.0,0.616,0.009,0.99
1419243,"Will Bitcoin reach $72,000 February 23-March 1?",2026-03-01 16:00:00.000000 UTC,23,7619.0,0.434,0.007,0.992
1419243,"Will Bitcoin reach $72,000 February 23-March 1?",2026-03-01 17:00:00.000000 UTC,11,784.0,0.724,0.006,0.993
1419243,"Will Bitcoin reach $72,000 February 23-March 1?",2026-03-01 18:00:00.000000 UTC,33,7259.0,0.187,0.006,0.993
1419243,"Will Bitcoin reach $72,000 February 23-March 1?",2026-03-01 19:00:00.000000 UTC,40,3903.0,0.156,0.004,0.996
1419243,"Will Bitcoin reach $72,000 February 23-March 1?",2026-03-01 20:00:00.000000 UTC,25,3165.0,0.242,0.003,0.996
1419243,"Will Bitcoin reach $72,000 February 23-March 1?",2026-03-01 21:00:00.000000 UTC,28,2878.0,0.288,0.002,0.998
1419243,"Will Bitcoin reach $72,000 February 23-March 1?",2026-03-01 22:00:00.000000 UTC,42,1239.0,0.195,0.002,0.997
1419243,"Will Bitcoin reach $72,000 February 23-March 1?",2026-03-01 23:00:00.000000 UTC,45,4853.0,0.158,0.002,0.994
1419243,"Will Bitcoin reach $72,000 February 23-March 1?",2026-03-02 00:00:00.000000 UTC,28,12517.0,0.464,0.002,0.998
1419243,"Will Bitcoin reach $72,000 February 23-March 1?",2026-03-02 01:00:00.000000 UTC,51,3673.0,0.548,0.001,0.999
1419243,"Will Bitcoin reach $72,000 February 23-March 1?",2026-03-02 02:00:00.000000 UTC,31,2420.0,0.194,0.001,0.999
1419243,"Will Bitcoin reach $72,000 February 23-March 1?",2026-03-02 03:00:00.000000 UTC,13,1928.0,0.308,0.001,0.999
1419243,"Will Bitcoin reach $72,000 February 23-March 1?",2026-03-02 04:00:00.000000 UTC,2,4.0,0.001,0.001,0.001
1419248,"Will Bitcoin reach $70,000 February 23-March 1?",2026-02-23 18:00:00.000000 UTC,1,5.0,0.19,0.19,0.19
1419248,"Will Bitcoin reach $70,000 February 23-March 1?",2026-02-23 19:00:00.000000 UTC,4,20.0,0.158,0.15,0.16
1419248,"Will Bitcoin reach $70,000 February 23-March 1?",2026-02-23 20:00:00.000000 UTC,5,46.0,0.27,0.13,0.83
1419248,"Will Bitcoin reach $70,000 February 23-March 1?",2026-02-23 21:00:00.000000 UTC,1,1.0,0.17,0.17,0.17
1419248,"Will Bitcoin reach $70,000 February 23-March 1?",2026-02-23 22:00:00.000000 UTC,1,4.0,0.79,0.79,0.79
1419248,"Will Bitcoin reach $70,000 February 23-March 1?",2026-02-23 23:00:00.000000 UTC,6,111.0,0.283,0.17,0.8
1419248,"Will Bitcoin reach $70,000 February 23-March 1?",2026-02-24 00:00:00.000000 UTC,10,376.0,0.44,0.2,0.81
1419248,"Will Bitcoin reach $70,000 February 23-March 1?",2026-02-24 01:00:00.000000 UTC,50,5097.0,0.559,0.14,0.86
1419248,"Will Bitcoin reach $70,000 February 23-March 1?",2026-02-24 02:00:00.000000 UTC,19,210.0,0.319,0.18,0.81
1419248,"Will Bitcoin reach $70,000 February 23-March 1?",2026-02-24 03:00:00.000000 UTC,16,605.0,0.499,0.17,0.83
1419248,"Will Bitcoin reach $70,000 February 23-March 1?",2026-02-24 04:00:00.000000 UTC,5,36.0,0.424,0.14,0.83
1419248,"Will Bitcoin reach $70,000 February 23-March 1?",2026-02-24 05:00:00.000000 UTC,2,12.0,0.14,0.14,0.14
1419248,"Will Bitcoin reach $70,000 February 23-March 1?",2026-02-24 06:00:00.000000 UTC,2,1680.0,0.84,0.84,0.84
1419248,"Will Bitcoin reach $70,000 February 23-March 1?",2026-02-24 07:00:00.000000 UTC,1,5.0,0.83,0.83,0.83
1419248,"Will Bitcoin reach $70,000 February 23-March 1?",2026-02-24 08:00:00.000000 UTC,11,403.0,0.337,0.14,0.86
1419248,"Will Bitcoin reach $70,000 February 23-March 1?",2026-02-24 09:00:00.000000 UTC,6,1211.0,0.845,0.84,0.85
1419248,"Will Bitcoin reach $70,000 February 23-March 1?",2026-02-24 10:00:00.000000 UTC,1,258.0,0.86,0.86,0.86
1419248,"Will Bitcoin reach $70,000 February 23-March 1?",2026-02-24 11:00:00.000000 UTC,3,502.0,0.853,0.84,0.86
1419248,"Will Bitcoin reach $70,000 February 23-March 1?",2026-02-24 12:00:00.000000 UTC,5,3145.0,0.566,0.13,0.86
1419248,"Will Bitcoin reach $70,000 February 23-March 1?",2026-02-24 13:00:00.000000 UTC,23,1110.0,0.316,0.1,0.89
1419248,"Will Bitcoin reach $70,000 February 23-March 1?",2026-02-24 14:00:00.000000 UTC,6,641.0,0.497,0.14,0.86
1419248,"Will Bitcoin reach $70,000 February 23-March 1?",2026-02-24 15:00:00.000000 UTC,3,16.0,0.137,0.13,0.14
1419248,"Will Bitcoin reach $70,000 February 23-March 1?",2026-02-24 16:00:00.000000 UTC,11,2928.0,0.332,0.13,0.85
1419248,"Will Bitcoin reach $70,000 February 23-March 1?",2026-02-24 17:00:00.000000 UTC,2,5.0,0.17,0.17,0.17
1419248,"Will Bitcoin reach $70,000 February 23-March 1?",2026-02-24 18:00:00.000000 UTC,9,322.0,0.401,0.17,0.86
1419248,"Will Bitcoin reach $70,000 February 23-March 1?",2026-02-24 19:00:00.000000 UTC,4,104.0,0.505,0.18,0.84
1419248,"Will Bitcoin reach $70,000 February 23-March 1?",2026-02-24 20:00:00.000000 UTC,5,197.0,0.568,0.17,0.84
1419248,"Will Bitcoin reach $70,000 February 23-March 1?",2026-02-24 21:00:00.000000 UTC,3,274.0,0.613,0.15,0.85
1419248,"Will Bitcoin reach $70,000 February 23-March 1?",2026-02-24 22:00:00.000000 UTC,2,48.0,0.145,0.14,0.15
1419248,"Will Bitcoin reach $70,000 February 23-March 1?",2026-02-24 23:00:00.000000 UTC,4,39.0,0.135,0.13,0.14
1419248,"Will Bitcoin reach $70,000 February 23-March 1?",2026-02-25 00:00:00.000000 UTC,4,57.0,0.682,0.14,0.87
1419248,"Will Bitcoin reach $70,000 February 23-March 1?",2026-02-25 01:00:00.000000 UTC,55,9233.0,0.361,0.21,0.8
1419248,"Will Bitcoin reach $70,000 February 23-March 1?",2026-02-25 02:00:00.000000 UTC,8,163.0,0.343,0.27,0.72
1419248,"Will Bitcoin reach $70,000 February 23-March 1?",2026-02-25 03:00:00.000000 UTC,11,76.0,0.261,0.25,0.27
1419248,"Will Bitcoin reach $70,000 February 23-March 1?",2026-02-25 04:00:00.000000 UTC,6,180.0,0.597,0.2,0.79
1419248,"Will Bitcoin reach $70,000 February 23-March 1?",2026-02-25 05:00:00.000000 UTC,5,177.0,0.302,0.17,0.8
1419248,"Will Bitcoin reach $70,000 February 23-March 1?",2026-02-25 08:00:00.000000 UTC,14,399.0,0.36,0.17,0.82
1419248,"Will Bitcoin reach $70,000 February 23-March 1?",2026-02-25 09:00:00.000000 UTC,7,275.0,0.277,0.17,0.82
1419248,"Will Bitcoin reach $70,000 February 23-March 1?",2026-02-25 10:00:00.000000 UTC,3,92.0,0.61,0.18,0.83
1419248,"Will Bitcoin reach $70,000 February 23-March 1?",2026-02-25 11:00:00.000000 UTC,21,895.0,0.31,0.13,0.86
1419248,"Will Bitcoin reach $70,000 February 23-March 1?",2026-02-25 12:00:00.000000 UTC,19,267.0,0.266,0.18,0.85
1419248,"Will Bitcoin reach $70,000 February 23-March 1?",2026-02-25 13:00:00.000000 UTC,49,2911.0,0.277,0.19,0.75
1419248,"Will Bitcoin reach $70,000 February 23-March 1?",2026-02-25 14:00:00.000000 UTC,48,1039.0,0.388,0.22,0.74
1419248,"Will Bitcoin reach $70,000 February 23-March 1?",2026-02-25 15:00:00.000000 UTC,64,1525.0,0.372,0.31,0.66
1419248,"Will Bitcoin reach $70,000 February 23-March 1?",2026-02-25 16:00:00.000000 UTC,96,5815.0,0.521,0.41,0.57
1419248,"Will Bitcoin reach $70,000 February 23-March 1?",2026-02-25 17:00:00.000000 UTC,51,8138.0,0.527,0.3,0.7
1419248,"Will Bitcoin reach $70,000 February 23-March 1?",2026-02-25 18:00:00.000000 UTC,64,2295.0,0.469,0.11,0.85
1419248,"Will Bitcoin reach $70,000 February 23-March 1?",2026-02-25 19:00:00.000000 UTC,34,1531.0,0.566,0.18,0.83
1419248,"Will Bitcoin reach $70,000 February 23-March 1?",2026-02-25 20:00:00.000000 UTC,26,1675.0,0.406,0.2,0.79
1419248,"Will Bitcoin reach $70,000 February 23-March 1?",2026-02-25 21:00:00.000000 UTC,64,1888.0,0.363,0.03,0.93
1419248,"Will Bitcoin reach $70,000 February 23-March 1?",2026-02-25 22:00:00.000000 UTC,29,1427.0,0.573,0.25,0.75
1419248,"Will Bitcoin reach $70,000 February 23-March 1?",2026-02-25 23:00:00.000000 UTC,72,3932.0,0.489,0.36,0.66
1419248,"Will Bitcoin reach $70,000 February 23-March 1?",2026-02-26 00:00:00.000000 UTC,29,1270.0,0.556,0.37,0.61
1419248,"Will Bitcoin reach $70,000 February 23-March 1?",2026-02-26 01:00:00.000000 UTC,14,256.0,0.576,0.34,0.66
1419248,"Will Bitcoin reach $70,000 February 23-March 1?",2026-02-26 02:00:00.000000 UTC,26,520.0,0.511,0.42,0.57
1419248,"Will Bitcoin reach $70,000 February 23-March 1?",2026-02-26 03:00:00.000000 UTC,13,196.0,0.539,0.42,0.58
1419248,"Will Bitcoin reach $70,000 February 23-March 1?",2026-02-26 04:00:00.000000 UTC,17,369.0,0.518,0.32,0.71
1419248,"Will Bitcoin reach $70,000 February 23-March 1?",2026-02-26 05:00:00.000000 UTC,52,1357.0,0.551,0.36,0.63
1419248,"Will Bitcoin reach $70,000 February 23-March 1?",2026-02-26 06:00:00.000000 UTC,19,377.0,0.565,0.46,0.62
1419248,"Will Bitcoin reach $70,000 February 23-March 1?",2026-02-26 07:00:00.000000 UTC,28,743.0,0.511,0.44,0.57
1419248,"Will Bitcoin reach $70,000 February 23-March 1?",2026-02-26 08:00:00.000000 UTC,15,509.0,0.506,0.47,0.52
1419248,"Will Bitcoin reach $70,000 February 23-March 1?",2026-02-26 09:00:00.000000 UTC,35,954.0,0.521,0.38,0.62
1419248,"Will Bitcoin reach $70,000 February 23-March 1?",2026-02-26 10:00:00.000000 UTC,25,1003.0,0.554,0.34,0.66
1419248,"Will Bitcoin reach $70,000 February 23-March 1?",2026-02-26 11:00:00.000000 UTC,15,751.0,0.524,0.4,0.56
1419248,"Will Bitcoin reach $70,000 February 23-March 1?",2026-02-26 12:00:00.000000 UTC,5,63.0,0.522,0.51,0.54
1419248,"Will Bitcoin reach $70,000 February 23-March 1?",2026-02-26 13:00:00.000000 UTC,32,6394.0,0.503,0.45,0.55
1419248,"Will Bitcoin reach $70,000 February 23-March 1?",2026-02-26 14:00:00.000000 UTC,96,1863.0,0.468,0.34,0.64
1419248,"Will Bitcoin reach $70,000 February 23-March 1?",2026-02-26 15:00:00.000000 UTC,97,1661.0,0.451,0.29,0.69
1419248,"Will Bitcoin reach $70,000 February 23-March 1?",2026-02-26 16:00:00.000000 UTC,68,6657.0,0.409,0.25,0.74
1419248,"Will Bitcoin reach $70,000 February 23-March 1?",2026-02-26 17:00:00.000000 UTC,51,2727.0,0.422,0.25,0.73
1419248,"Will Bitcoin reach $70,000 February 23-March 1?",2026-02-26 18:00:00.000000 UTC,32,392.0,0.486,0.25,0.73
1419248,"Will Bitcoin reach $70,000 February 23-March 1?",2026-02-26 19:00:00.000000 UTC,39,756.0,0.489,0.35,0.66
1419248,"Will Bitcoin reach $70,000 February 23-March 1?",2026-02-26 20:00:00.000000 UTC,35,4631.0,0.484,0.34,0.66
1419248,"Will Bitcoin reach $70,000 February 23-March 1?",2026-02-26 21:00:00.000000 UTC,15,101.0,0.429,0.27,0.68
1419248,"Will Bitcoin reach $70,000 February 23-March 1?",2026-02-26 22:00:00.000000 UTC,6,22.0,0.447,0.33,0.67
1419248,"Will Bitcoin reach $70,000 February 23-March 1?",2026-02-26 23:00:00.000000 UTC,34,1105.0,0.538,0.3,0.7
1419248,"Will Bitcoin reach $70,000 February 23-March 1?",2026-02-27 00:00:00.000000 UTC,21,536.0,0.43,0.25,0.74
1419248,"Will Bitcoin reach $70,000 February 23-March 1?",2026-02-27 01:00:00.000000 UTC,11,97.0,0.478,0.23,0.78
1419248,"Will Bitcoin reach $70,000 February 23-March 1?",2026-02-27 02:00:00.000000 UTC,3,91.0,0.273,0.27,0.28
1419248,"Will Bitcoin reach $70,000 February 23-March 1?",2026-02-27 04:00:00.000000 UTC,53,4835.0,0.443,0.31,0.65
1419248,"Will Bitcoin reach $70,000 February 23-March 1?",2026-02-27 05:00:00.000000 UTC,18,564.0,0.378,0.34,0.62
1419248,"Will Bitcoin reach $70,000 February 23-March 1?",2026-02-27 06:00:00.000000 UTC,6,36.0,0.445,0.32,0.65
1419248,"Will Bitcoin reach $70,000 February 23-March 1?",2026-02-27 07:00:00.000000 UTC,27,571.0,0.367,0.3,0.71
1419248,"Will Bitcoin reach $70,000 February 23-March 1?",2026-02-27 08:00:00.000000 UTC,169,25964.0,0.499,0.34,0.66
1419248,"Will Bitcoin reach $70,000 February 23-March 1?",2026-02-27 09:00:00.000000 UTC,26,738.0,0.526,0.27,0.73
1419248,"Will Bitcoin reach $70,000 February 23-March 1?",2026-02-27 10:00:00.000000 UTC,30,779.0,0.44,0.17,0.83
1419248,"Will Bitcoin reach $70,000 February 23-March 1?",2026-02-27 11:00:00.000000 UTC,60,4509.0,0.479,0.11,0.89
1419248,"Will Bitcoin reach $70,000 February 23-March 1?",2026-02-27 12:00:00.000000 UTC,49,3715.0,0.376,0.09,0.9
1419248,"Will Bitcoin reach $70,000 February 23-March 1?",2026-02-27 13:00:00.000000 UTC,41,1775.0,0.201,0.08,0.9
1419248,"Will Bitcoin reach $70,000 February 23-March 1?",2026-02-27 14:00:00.000000 UTC,42,8789.0,0.342,0.07,0.93
1419248,"Will Bitcoin reach $70,000 February 23-March 1?",2026-02-27 15:00:00.000000 UTC,32,6396.0,0.444,0.06,0.93
1419248,"Will Bitcoin reach $70,000 February 23-March 1?",2026-02-27 16:00:00.000000 UTC,30,1095.0,0.38,0.03,0.96
1419248,"Will Bitcoin reach $70,000 February 23-March 1?",2026-02-27 17:00:00.000000 UTC,43,2280.0,0.403,0.038,0.963
1419248,"Will Bitcoin reach $70,000 February 23-March 1?",2026-02-27 18:00:00.000000 UTC,50,7781.0,0.351,0.032,0.977
1419248,"Will Bitcoin reach $70,000 February 23-March 1?",2026-02-27 19:00:00.000000 UTC,9,144.0,0.238,0.028,0.97
1419248,"Will Bitcoin reach $70,000 February 23-March 1?",2026-02-27 20:00:00.000000 UTC,7,21.0,0.029,0.024,0.031
1419248,"Will Bitcoin reach $70,000 February 23-March 1?",2026-02-27 21:00:00.000000 UTC,26,374.0,0.134,0.022,0.972
1419248,"Will Bitcoin reach $70,000 February 23-March 1?",2026-02-27 22:00:00.000000 UTC,14,250.0,0.294,0.017,0.984
1419248,"Will Bitcoin reach $70,000 February 23-March 1?",2026-02-27 23:00:00.000000 UTC,33,27114.0,0.63,0.017,0.984
1419248,"Will Bitcoin reach $70,000 February 23-March 1?",2026-02-28 00:00:00.000000 UTC,25,1258.0,0.179,0.022,0.979
1419248,"Will Bitcoin reach $70,000 February 23-March 1?",2026-02-28 01:00:00.000000 UTC,17,1432.0,0.304,0.022,0.977
1419248,"Will Bitcoin reach $70,000 February 23-March 1?",2026-02-28 02:00:00.000000 UTC,37,5236.0,0.41,0.017,0.982
1419248,"Will Bitcoin reach $70,000 February 23-March 1?",2026-02-28 03:00:00.000000 UTC,13,1664.0,0.609,0.02,0.979
1419248,"Will Bitcoin reach $70,000 February 23-March 1?",2026-02-28 04:00:00.000000 UTC,8,112.0,0.381,0.024,0.977
1419248,"Will Bitcoin reach $70,000 February 23-March 1?",2026-02-28 05:00:00.000000 UTC,5,251.0,0.596,0.02,0.979
1419248,"Will Bitcoin reach $70,000 February 23-March 1?",2026-02-28 06:00:00.000000 UTC,29,1498.0,0.45,0.011,0.988
1419248,"Will Bitcoin reach $70,000 February 23-March 1?",2026-02-28 07:00:00.000000 UTC,58,13595.0,0.366,0.004,0.989
1419248,"Will Bitcoin reach $70,000 February 23-March 1?",2026-02-28 08:00:00.000000 UTC,28,1457.0,0.534,0.019,0.981
1419248,"Will Bitcoin reach $70,000 February 23-March 1?",2026-02-28 09:00:00.000000 UTC,56,8351.0,0.396,0.004,0.991
1419248,"Will Bitcoin reach $70,000 February 23-March 1?",2026-02-28 10:00:00.000000 UTC,79,1413.0,0.243,0.001,0.994
1419248,"Will Bitcoin reach $70,000 February 23-March 1?",2026-02-28 11:00:00.000000 UTC,44,3599.0,0.477,0.005,0.995
1419248,"Will Bitcoin reach $70,000 February 23-March 1?",2026-02-28 12:00:00.000000 UTC,14,498.0,0.57,0.014,0.987
1419248,"Will Bitcoin reach $70,000 February 23-March 1?",2026-02-28 13:00:00.000000 UTC,32,1102.0,0.561,0.014,0.986
1419248,"Will Bitcoin reach $70,000 February 23-March 1?",2026-02-28 14:00:00.000000 UTC,23,74.0,0.153,0.028,0.974
1419248,"Will Bitcoin reach $70,000 February 23-March 1?",2026-02-28 15:00:00.000000 UTC,13,391.0,0.395,0.029,0.974
1419248,"Will Bitcoin reach $70,000 February 23-March 1?",2026-02-28 16:00:00.000000 UTC,51,1921.0,0.327,0.029,0.972
1419248,"Will Bitcoin reach $70,000 February 23-March 1?",2026-02-28 17:00:00.000000 UTC,48,3705.0,0.518,0.029,0.967
1419248,"Will Bitcoin reach $70,000 February 23-March 1?",2026-02-28 18:00:00.000000 UTC,33,2011.0,0.595,0.049,0.957
1419248,"Will Bitcoin reach $70,000 February 23-March 1?",2026-02-28 19:00:00.000000 UTC,56,5605.0,0.511,0.053,0.94
1419248,"Will Bitcoin reach $70,000 February 23-March 1?",2026-02-28 20:00:00.000000 UTC,54,3278.0,0.409,0.086,0.913
1419248,"Will Bitcoin reach $70,000 February 23-March 1?",2026-02-28 21:00:00.000000 UTC,57,1985.0,0.429,0.097,0.896
1419248,"Will Bitcoin reach $70,000 February 23-March 1?",2026-02-28 22:00:00.000000 UTC,52,1558.0,0.316,0.129,0.87
1419248,"Will Bitcoin reach $70,000 February 23-March 1?",2026-02-28 23:00:00.000000 UTC,35,2363.0,0.385,0.161,0.822
1419248,"Will Bitcoin reach $70,000 February 23-March 1?",2026-03-01 00:00:00.000000 UTC,30,1981.0,0.306,0.112,0.881
1419248,"Will Bitcoin reach $70,000 February 23-March 1?",2026-03-01 01:00:00.000000 UTC,26,195.0,0.228,0.086,0.897
1419248,"Will Bitcoin reach $70,000 February 23-March 1?",2026-03-01 02:00:00.000000 UTC,125,8301.0,0.395,0.184,0.744
1419248,"Will Bitcoin reach $70,000 February 23-March 1?",2026-03-01 03:00:00.000000 UTC,10,287.0,0.554,0.197,0.817
1419248,"Will Bitcoin reach $70,000 February 23-March 1?",2026-03-01 04:00:00.000000 UTC,27,596.0,0.327,0.111,0.885
1419248,"Will Bitcoin reach $70,000 February 23-March 1?",2026-03-01 05:00:00.000000 UTC,23,299.0,0.428,0.12,0.869
1419248,"Will Bitcoin reach $70,000 February 23-March 1?",2026-03-01 06:00:00.000000 UTC,51,1108.0,0.31,0.054,0.933
1419248,"Will Bitcoin reach $70,000 February 23-March 1?",2026-03-01 07:00:00.000000 UTC,49,1434.0,0.734,0.059,0.94
1419248,"Will Bitcoin reach $70,000 February 23-March 1?",2026-03-01 08:00:00.000000 UTC,49,3234.0,0.445,0.067,0.932
1419248,"Will Bitcoin reach $70,000 February 23-March 1?",2026-03-01 09:00:00.000000 UTC,57,713.0,0.302,0.045,0.954
1419248,"Will Bitcoin reach $70,000 February 23-March 1?",2026-03-01 10:00:00.000000 UTC,20,937.0,0.413,0.05,0.95
1419248,"Will Bitcoin reach $70,000 February 23-March 1?",2026-03-01 11:00:00.000000 UTC,30,335.0,0.257,0.032,0.967
1419248,"Will Bitcoin reach $70,000 February 23-March 1?",2026-03-01 12:00:00.000000 UTC,70,825.0,0.324,0.003,0.994
1419248,"Will Bitcoin reach $70,000 February 23-March 1?",2026-03-01 13:00:00.000000 UTC,116,5135.0,0.543,0.02,0.979
1419248,"Will Bitcoin reach $70,000 February 23-March 1?",2026-03-01 14:00:00.000000 UTC,76,7996.0,0.677,0.063,0.936
1419248,"Will Bitcoin reach $70,000 February 23-March 1?",2026-03-01 15:00:00.000000 UTC,73,2448.0,0.446,0.05,0.949
1419248,"Will Bitcoin reach $70,000 February 23-March 1?",2026-03-01 16:00:00.000000 UTC,81,1701.0,0.278,0.027,0.977
1419248,"Will Bitcoin reach $70,000 February 23-March 1?",2026-03-01 17:00:00.000000 UTC,43,1148.0,0.378,0.023,0.977
1419248,"Will Bitcoin reach $70,000 February 23-March 1?",2026-03-01 18:00:00.000000 UTC,56,9024.0,0.384,0.02,0.978
1419248,"Will Bitcoin reach $70,000 February 23-March 1?",2026-03-01 19:00:00.000000 UTC,45,28512.0,0.7,0.02,0.98
1419248,"Will Bitcoin reach $70,000 February 23-March 1?",2026-03-01 20:00:00.000000 UTC,154,83599.0,0.577,0.021,0.978
1419248,"Will Bitcoin reach $70,000 February 23-March 1?",2026-03-01 21:00:00.000000 UTC,83,7040.0,0.869,0.027,0.975
1419248,"Will Bitcoin reach $70,000 February 23-March 1?",2026-03-01 22:00:00.000000 UTC,7013,14862.0,0.639,0.017,0.981
1419248,"Will Bitcoin reach $70,000 February 23-March 1?",2026-03-01 23:00:00.000000 UTC,4975,26739.0,0.928,0.021,0.98
1419248,"Will Bitcoin reach $70,000 February 23-March 1?",2026-03-02 00:00:00.000000 UTC,63,7979.0,0.873,0.023,0.982
1419248,"Will Bitcoin reach $70,000 February 23-March 1?",2026-03-02 01:00:00.000000 UTC,187,10838.0,0.575,0.009,0.99
1419248,"Will Bitcoin reach $70,000 February 23-March 1?",2026-03-02 02:00:00.000000 UTC,87,6156.0,0.243,0.001,0.999
1419248,"Will Bitcoin reach $70,000 February 23-March 1?",2026-03-02 03:00:00.000000 UTC,68,3741.0,0.265,0.001,0.999
1419248,"Will Bitcoin reach $70,000 February 23-March 1?",2026-03-02 04:00:00.000000 UTC,115,49766.0,0.851,0.001,0.999
1419249,"Will Bitcoin reach $68,000 February 23-March 1?",2026-02-23 18:00:00.000000 UTC,2,10.0,0.405,0.39,0.42
1419249,"Will Bitcoin reach $68,000 February 23-March 1?",2026-02-23 19:00:00.000000 UTC,2,16.0,0.39,0.39,0.39
1419249,"Will Bitcoin reach $68,000 February 23-March 1?",2026-02-23 20:00:00.000000 UTC,5,52.0,0.284,0.26,0.31
1419249,"Will Bitcoin reach $68,000 February 23-March 1?",2026-02-23 21:00:00.000000 UTC,6,149.0,0.39,0.36,0.4
1419249,"Will Bitcoin reach $68,000 February 23-March 1?",2026-02-23 22:00:00.000000 UTC,22,663.0,0.488,0.4,0.55
1419249,"Will Bitcoin reach $68,000 February 23-March 1?",2026-02-23 23:00:00.000000 UTC,2,35.0,0.375,0.36,0.39
1419249,"Will Bitcoin reach $68,000 February 23-March 1?",2026-02-24 00:00:00.000000 UTC,16,709.0,0.495,0.44,0.56
1419249,"Will Bitcoin reach $68,000 February 23-March 1?",2026-02-24 01:00:00.000000 UTC,13,280.0,0.523,0.34,0.61
1419249,"Will Bitcoin reach $68,000 February 23-March 1?",2026-02-24 02:00:00.000000 UTC,10,131.0,0.588,0.38,0.62
1419249,"Will Bitcoin reach $68,000 February 23-March 1?",2026-02-24 03:00:00.000000 UTC,23,1008.0,0.505,0.31,0.68
1419249,"Will Bitcoin reach $68,000 February 23-March 1?",2026-02-24 04:00:00.000000 UTC,11,433.0,0.608,0.28,0.7
1419249,"Will Bitcoin reach $68,000 February 23-March 1?",2026-02-24 05:00:00.000000 UTC,5,1025.0,0.45,0.28,0.69
1419249,"Will Bitcoin reach $68,000 February 23-March 1?",2026-02-24 06:00:00.000000 UTC,12,2102.0,0.698,0.68,0.7
1419249,"Will Bitcoin reach $68,000 February 23-March 1?",2026-02-24 07:00:00.000000 UTC,10,458.0,0.461,0.3,0.7
1419249,"Will Bitcoin reach $68,000 February 23-March 1?",2026-02-24 09:00:00.000000 UTC,2,26.0,0.515,0.33,0.7
1419249,"Will Bitcoin reach $68,000 February 23-March 1?",2026-02-24 10:00:00.000000 UTC,3,319.0,0.44,0.3,0.71
1419249,"Will Bitcoin reach $68,000 February 23-March 1?",2026-02-24 11:00:00.000000 UTC,2,23.0,0.505,0.3,0.71
1419249,"Will Bitcoin reach $68,000 February 23-March 1?",2026-02-24 12:00:00.000000 UTC,22,6970.0,0.433,0.29,0.72
1419249,"Will Bitcoin reach $68,000 February 23-March 1?",2026-02-24 13:00:00.000000 UTC,8,482.0,0.661,0.26,0.74
1419249,"Will Bitcoin reach $68,000 February 23-March 1?",2026-02-24 14:00:00.000000 UTC,7,183.0,0.494,0.32,0.74
1419249,"Will Bitcoin reach $68,000 February 23-March 1?",2026-02-24 15:00:00.000000 UTC,25,1248.0,0.51,0.29,0.71
1419249,"Will Bitcoin reach $68,000 February 23-March 1?",2026-02-24 16:00:00.000000 UTC,8,97.0,0.495,0.34,0.65
1419249,"Will Bitcoin reach $68,000 February 23-March 1?",2026-02-24 17:00:00.000000 UTC,4,405.0,0.588,0.36,0.67
1419249,"Will Bitcoin reach $68,000 February 23-March 1?",2026-02-24 18:00:00.000000 UTC,12,1116.0,0.347,0.32,0.37
1419249,"Will Bitcoin reach $68,000 February 23-March 1?",2026-02-24 19:00:00.000000 UTC,7,128.0,0.447,0.37,0.62
1419249,"Will Bitcoin reach $68,000 February 23-March 1?",2026-02-24 20:00:00.000000 UTC,14,67.0,0.438,0.36,0.63
1419249,"Will Bitcoin reach $68,000 February 23-March 1?",2026-02-24 21:00:00.000000 UTC,5,95.0,0.398,0.31,0.66
1419249,"Will Bitcoin reach $68,000 February 23-March 1?",2026-02-24 22:00:00.000000 UTC,1,50.0,0.36,0.36,0.36
1419249,"Will Bitcoin reach $68,000 February 23-March 1?",2026-02-24 23:00:00.000000 UTC,2,16.0,0.31,0.31,0.31
1419249,"Will Bitcoin reach $68,000 February 23-March 1?",2026-02-25 00:00:00.000000 UTC,1,11.0,0.32,0.32,0.32
1419249,"Will Bitcoin reach $68,000 February 23-March 1?",2026-02-25 01:00:00.000000 UTC,39,1349.0,0.543,0.36,0.66
1419249,"Will Bitcoin reach $68,000 February 23-March 1?",2026-02-25 02:00:00.000000 UTC,9,348.0,0.488,0.39,0.62
1419249,"Will Bitcoin reach $68,000 February 23-March 1?",2026-02-25 03:00:00.000000 UTC,6,120.0,0.483,0.41,0.57
1419249,"Will Bitcoin reach $68,000 February 23-March 1?",2026-02-25 04:00:00.000000 UTC,18,593.0,0.492,0.46,0.52
1419249,"Will Bitcoin reach $68,000 February 23-March 1?",2026-02-25 05:00:00.000000 UTC,7,301.0,0.42,0.4,0.44
1419249,"Will Bitcoin reach $68,000 February 23-March 1?",2026-02-25 06:00:00.000000 UTC,4,92.0,0.465,0.42,0.58
1419249,"Will Bitcoin reach $68,000 February 23-March 1?",2026-02-25 07:00:00.000000 UTC,8,209.0,0.46,0.41,0.58
1419249,"Will Bitcoin reach $68,000 February 23-March 1?",2026-02-25 08:00:00.000000 UTC,25,712.0,0.463,0.41,0.57
1419249,"Will Bitcoin reach $68,000 February 23-March 1?",2026-02-25 09:00:00.000000 UTC,11,547.0,0.461,0.44,0.48
1419249,"Will Bitcoin reach $68,000 February 23-March 1?",2026-02-25 10:00:00.000000 UTC,7,453.0,0.484,0.42,0.55
1419249,"Will Bitcoin reach $68,000 February 23-March 1?",2026-02-25 11:00:00.000000 UTC,21,1281.0,0.483,0.38,0.61
1419249,"Will Bitcoin reach $68,000 February 23-March 1?",2026-02-25 12:00:00.000000 UTC,40,4223.0,0.516,0.41,0.59
1419249,"Will Bitcoin reach $68,000 February 23-March 1?",2026-02-25 13:00:00.000000 UTC,34,2906.0,0.495,0.33,0.62
1419249,"Will Bitcoin reach $68,000 February 23-March 1?",2026-02-25 14:00:00.000000 UTC,55,3185.0,0.531,0.26,0.74
1419249,"Will Bitcoin reach $68,000 February 23-March 1?",2026-02-25 15:00:00.000000 UTC,35,4270.0,0.469,0.12,0.89
1419249,"Will Bitcoin reach $68,000 February 23-March 1?",2026-02-25 16:00:00.000000 UTC,44,23324.0,0.519,0.01,0.999
1419249,"Will Bitcoin reach $68,000 February 23-March 1?",2026-02-25 17:00:00.000000 UTC,8,22372.0,0.999,0.999,0.999
1419249,"Will Bitcoin reach $68,000 February 23-March 1?",2026-02-25 18:00:00.000000 UTC,3,1598.0,0.999,0.999,0.999
1480665,"Will Bitcoin reach $72,000 March 2-8?",2026-03-02 06:00:00.000000 UTC,1,8.0,0.78,0.78,0.78
1480665,"Will Bitcoin reach $72,000 March 2-8?",2026-03-02 07:00:00.000000 UTC,7,18.0,0.326,0.14,0.79
1480665,"Will Bitcoin reach $72,000 March 2-8?",2026-03-02 08:00:00.000000 UTC,10,153.0,0.317,0.19,0.81
1480665,"Will Bitcoin reach $72,000 March 2-8?",2026-03-02 09:00:00.000000 UTC,8,136.0,0.758,0.74,0.77
1480665,"Will Bitcoin reach $72,000 March 2-8?",2026-03-02 10:00:00.000000 UTC,24,1447.0,0.765,0.74,0.77
1480665,"Will Bitcoin reach $72,000 March 2-8?",2026-03-02 11:00:00.000000 UTC,3,59.0,0.403,0.22,0.75
1480665,"Will Bitcoin reach $72,000 March 2-8?",2026-03-02 13:00:00.000000 UTC,1,3.0,0.76,0.76,0.76
1480665,"Will Bitcoin reach $72,000 March 2-8?",2026-03-02 14:00:00.000000 UTC,3,365.0,0.73,0.73,0.73
1480665,"Will Bitcoin reach $72,000 March 2-8?",2026-03-02 15:00:00.000000 UTC,5,284.0,0.544,0.44,0.63
1480665,"Will Bitcoin reach $72,000 March 2-8?",2026-03-02 16:00:00.000000 UTC,18,772.0,0.484,0.33,0.63
1480665,"Will Bitcoin reach $72,000 March 2-8?",2026-03-02 17:00:00.000000 UTC,31,7888.0,0.472,0.4,0.58
1480665,"Will Bitcoin reach $72,000 March 2-8?",2026-03-02 18:00:00.000000 UTC,13,322.0,0.472,0.44,0.55
1480665,"Will Bitcoin reach $72,000 March 2-8?",2026-03-02 19:00:00.000000 UTC,24,527.0,0.496,0.46,0.54
1480665,"Will Bitcoin reach $72,000 March 2-8?",2026-03-02 20:00:00.000000 UTC,20,359.0,0.485,0.43,0.57
1480665,"Will Bitcoin reach $72,000 March 2-8?",2026-03-02 21:00:00.000000 UTC,9,152.0,0.464,0.41,0.6
1480665,"Will Bitcoin reach $72,000 March 2-8?",2026-03-02 22:00:00.000000 UTC,5,46.0,0.456,0.41,0.57
1480665,"Will Bitcoin reach $72,000 March 2-8?",2026-03-02 23:00:00.000000 UTC,16,309.0,0.474,0.41,0.57
1480665,"Will Bitcoin reach $72,000 March 2-8?",2026-03-03 00:00:00.000000 UTC,42,425.0,0.51,0.46,0.54
1480665,"Will Bitcoin reach $72,000 March 2-8?",2026-03-03 01:00:00.000000 UTC,56,448.0,0.51,0.45,0.55
1480665,"Will Bitcoin reach $72,000 March 2-8?",2026-03-03 02:00:00.000000 UTC,34,2327.0,0.494,0.43,0.57
1480665,"Will Bitcoin reach $72,000 March 2-8?",2026-03-03 03:00:00.000000 UTC,7,484.0,0.454,0.43,0.55
1480665,"Will Bitcoin reach $72,000 March 2-8?",2026-03-03 04:00:00.000000 UTC,20,110.0,0.494,0.4,0.6
1480665,"Will Bitcoin reach $72,000 March 2-8?",2026-03-03 05:00:00.000000 UTC,13,116.0,0.504,0.38,0.62
1480665,"Will Bitcoin reach $72,000 March 2-8?",2026-03-03 06:00:00.000000 UTC,19,699.0,0.491,0.37,0.62
1480665,"Will Bitcoin reach $72,000 March 2-8?",2026-03-03 07:00:00.000000 UTC,11,206.0,0.485,0.38,0.6
1480665,"Will Bitcoin reach $72,000 March 2-8?",2026-03-03 08:00:00.000000 UTC,46,1626.0,0.518,0.27,0.72
1480665,"Will Bitcoin reach $72,000 March 2-8?",2026-03-03 09:00:00.000000 UTC,26,272.0,0.385,0.25,0.74
1480665,"Will Bitcoin reach $72,000 March 2-8?",2026-03-03 10:00:00.000000 UTC,8,25.0,0.372,0.25,0.74
1480665,"Will Bitcoin reach $72,000 March 2-8?",2026-03-03 11:00:00.000000 UTC,17,590.0,0.614,0.27,0.73
1480665,"Will Bitcoin reach $72,000 March 2-8?",2026-03-03 12:00:00.000000 UTC,24,200.0,0.521,0.3,0.7
1480665,"Will Bitcoin reach $72,000 March 2-8?",2026-03-03 13:00:00.000000 UTC,10,400.0,0.361,0.25,0.74
1480665,"Will Bitcoin reach $72,000 March 2-8?",2026-03-03 14:00:00.000000 UTC,47,667.0,0.493,0.22,0.78
1480665,"Will Bitcoin reach $72,000 March 2-8?",2026-03-03 15:00:00.000000 UTC,23,379.0,0.602,0.25,0.76
1480665,"Will Bitcoin reach $72,000 March 2-8?",2026-03-03 16:00:00.000000 UTC,46,2140.0,0.496,0.36,0.65
1480665,"Will Bitcoin reach $72,000 March 2-8?",2026-03-03 17:00:00.000000 UTC,15,199.0,0.527,0.35,0.65
1480665,"Will Bitcoin reach $72,000 March 2-8?",2026-03-03 18:00:00.000000 UTC,12,198.0,0.494,0.39,0.56
1480665,"Will Bitcoin reach $72,000 March 2-8?",2026-03-03 19:00:00.000000 UTC,18,1102.0,0.497,0.42,0.57
1480665,"Will Bitcoin reach $72,000 March 2-8?",2026-03-03 20:00:00.000000 UTC,12,48.0,0.496,0.4,0.59
1480665,"Will Bitcoin reach $72,000 March 2-8?",2026-03-03 21:00:00.000000 UTC,10,175.0,0.437,0.34,0.64
1480665,"Will Bitcoin reach $72,000 March 2-8?",2026-03-03 22:00:00.000000 UTC,8,26.0,0.572,0.39,0.62
1480665,"Will Bitcoin reach $72,000 March 2-8?",2026-03-03 23:00:00.000000 UTC,7,31.0,0.533,0.41,0.59
1480665,"Will Bitcoin reach $72,000 March 2-8?",2026-03-04 00:00:00.000000 UTC,13,160.0,0.492,0.34,0.67
1480665,"Will Bitcoin reach $72,000 March 2-8?",2026-03-04 01:00:00.000000 UTC,13,225.0,0.498,0.37,0.61
1480665,"Will Bitcoin reach $72,000 March 2-8?",2026-03-04 02:00:00.000000 UTC,13,214.0,0.509,0.36,0.63
1480665,"Will Bitcoin reach $72,000 March 2-8?",2026-03-04 03:00:00.000000 UTC,19,320.0,0.421,0.3,0.69
1480665,"Will Bitcoin reach $72,000 March 2-8?",2026-03-04 04:00:00.000000 UTC,5,26.0,0.312,0.3,0.33
1480665,"Will Bitcoin reach $72,000 March 2-8?",2026-03-04 05:00:00.000000 UTC,4,14.0,0.357,0.34,0.37
1480665,"Will Bitcoin reach $72,000 March 2-8?",2026-03-04 06:00:00.000000 UTC,2,13.0,0.495,0.39,0.6
1480665,"Will Bitcoin reach $72,000 March 2-8?",2026-03-04 07:00:00.000000 UTC,20,606.0,0.496,0.42,0.58
1480665,"Will Bitcoin reach $72,000 March 2-8?",2026-03-04 08:00:00.000000 UTC,49,1807.0,0.424,0.14,0.83
1480665,"Will Bitcoin reach $72,000 March 2-8?",2026-03-04 09:00:00.000000 UTC,113,7502.0,0.407,0.02,0.969
1480665,"Will Bitcoin reach $72,000 March 2-8?",2026-03-04 10:00:00.000000 UTC,84,2673.0,0.315,0.03,0.962
1480665,"Will Bitcoin reach $72,000 March 2-8?",2026-03-04 11:00:00.000000 UTC,24,744.0,0.516,0.093,0.883
1480665,"Will Bitcoin reach $72,000 March 2-8?",2026-03-04 12:00:00.000000 UTC,21,157.0,0.388,0.156,0.86
1480665,"Will Bitcoin reach $72,000 March 2-8?",2026-03-04 13:00:00.000000 UTC,40,2424.0,0.318,0.071,0.9
1480665,"Will Bitcoin reach $72,000 March 2-8?",2026-03-04 14:00:00.000000 UTC,103,9359.0,0.304,0.001,0.999
1480665,"Will Bitcoin reach $72,000 March 2-8?",2026-03-04 15:00:00.000000 UTC,12,17325.0,0.999,0.999,0.999
1480665,"Will Bitcoin reach $72,000 March 2-8?",2026-03-04 16:00:00.000000 UTC,1,449.0,0.999,0.999,0.999
1536190,"Will Bitcoin reach $72,000 on March 9?",2026-03-09 04:00:00.000000 UTC,1,1.0,0.08,0.08,0.08
1536190,"Will Bitcoin reach $72,000 on March 9?",2026-03-09 06:00:00.000000 UTC,6,299.0,0.345,0.04,0.95
1536190,"Will Bitcoin reach $72,000 on March 9?",2026-03-09 08:00:00.000000 UTC,24,4672.0,0.387,0.029,0.95
1536190,"Will Bitcoin reach $72,000 on March 9?",2026-03-09 12:00:00.000000 UTC,17,550.0,0.582,0.02,0.975
1536190,"Will Bitcoin reach $72,000 on March 9?",2026-03-09 13:00:00.000000 UTC,13,1515.0,0.639,0.063,0.928
1536190,"Will Bitcoin reach $72,000 on March 9?",2026-03-09 14:00:00.000000 UTC,13,62.0,0.21,0.06,0.914
1536190,"Will Bitcoin reach $72,000 on March 9?",2026-03-09 15:00:00.000000 UTC,10,67.0,0.237,0.028,0.917
1536190,"Will Bitcoin reach $72,000 on March 9?",2026-03-09 16:00:00.000000 UTC,19,197.0,0.372,0.014,0.981
1536190,"Will Bitcoin reach $72,000 on March 9?",2026-03-09 17:00:00.000000 UTC,11,209.0,0.719,0.021,0.981
1536190,"Will Bitcoin reach $72,000 on March 9?",2026-03-09 18:00:00.000000 UTC,18,48.0,0.285,0.014,0.985
1536190,"Will Bitcoin reach $72,000 on March 9?",2026-03-09 19:00:00.000000 UTC,29,748.0,0.812,0.015,0.985
1536190,"Will Bitcoin reach $72,000 on March 9?",2026-03-09 21:00:00.000000 UTC,3,16.0,0.668,0.035,0.985
1536190,"Will Bitcoin reach $72,000 on March 9?",2026-03-09 22:00:00.000000 UTC,2,15.0,0.985,0.985,0.985
1536190,"Will Bitcoin reach $72,000 on March 9?",2026-03-09 23:00:00.000000 UTC,23,53.0,0.348,0.001,0.99
1536190,"Will Bitcoin reach $72,000 on March 9?",2026-03-10 00:00:00.000000 UTC,6,1009.0,0.334,0.001,0.999
1536190,"Will Bitcoin reach $72,000 on March 9?",2026-03-10 01:00:00.000000 UTC,11,5739.0,0.362,0.001,0.992
1536190,"Will Bitcoin reach $72,000 on March 9?",2026-03-10 02:00:00.000000 UTC,51,15847.0,0.428,0.002,0.999
1536190,"Will Bitcoin reach $72,000 on March 9?",2026-03-10 03:00:00.000000 UTC,48,2996.0,0.475,0.001,0.999
1688322,"Will Bitcoin reach $82,000 March 23-29?",2026-03-23 04:00:00.000000 UTC,4,19.0,0.258,0.01,0.98
1688322,"Will Bitcoin reach $82,000 March 23-29?",2026-03-23 05:00:00.000000 UTC,3,1.0,0.02,0.02,0.02
1688322,"Will Bitcoin reach $82,000 March 23-29?",2026-03-23 08:00:00.000000 UTC,1,5.0,0.025,0.025,0.025
1688322,"Will Bitcoin reach $82,000 March 23-29?",2026-03-23 09:00:00.000000 UTC,1,5.0,0.988,0.988,0.988
1688322,"Will Bitcoin reach $82,000 March 23-29?",2026-03-23 10:00:00.000000 UTC,3,412.0,0.66,0.019,0.98
1688322,"Will Bitcoin reach $82,000 March 23-29?",2026-03-23 11:00:00.000000 UTC,1,4.0,0.041,0.041,0.041
1688322,"Will Bitcoin reach $82,000 March 23-29?",2026-03-23 12:00:00.000000 UTC,2,0.0,0.037,0.037,0.038
1688322,"Will Bitcoin reach $82,000 March 23-29?",2026-03-23 13:00:00.000000 UTC,34,829.0,0.153,0.04,0.951
1688322,"Will Bitcoin reach $82,000 March 23-29?",2026-03-23 14:00:00.000000 UTC,28,5677.0,0.21,0.036,0.947
1688322,"Will Bitcoin reach $82,000 March 23-29?",2026-03-23 15:00:00.000000 UTC,19,160.0,0.136,0.034,0.947
1688322,"Will Bitcoin reach $82,000 March 23-29?",2026-03-23 16:00:00.000000 UTC,5,16.0,0.035,0.029,0.04
1688322,"Will Bitcoin reach $82,000 March 23-29?",2026-03-23 17:00:00.000000 UTC,14,222.0,0.1,0.03,0.966
1688322,"Will Bitcoin reach $82,000 March 23-29?",2026-03-23 18:00:00.000000 UTC,13,216.0,0.394,0.029,0.969
1688322,"Will Bitcoin reach $82,000 March 23-29?",2026-03-23 19:00:00.000000 UTC,5,77.0,0.407,0.031,0.97
1688322,"Will Bitcoin reach $82,000 March 23-29?",2026-03-23 20:00:00.000000 UTC,1,4.0,0.97,0.97,0.97
1688322,"Will Bitcoin reach $82,000 March 23-29?",2026-03-23 23:00:00.000000 UTC,9,58.0,0.131,0.023,0.97
1688322,"Will Bitcoin reach $82,000 March 23-29?",2026-03-24 00:00:00.000000 UTC,1,0.0,0.032,0.032,0.032
1688322,"Will Bitcoin reach $82,000 March 23-29?",2026-03-24 01:00:00.000000 UTC,22,218.0,0.067,0.021,0.978
1688322,"Will Bitcoin reach $82,000 March 23-29?",2026-03-24 04:00:00.000000 UTC,1,0.0,0.027,0.027,0.027
1688322,"Will Bitcoin reach $82,000 March 23-29?",2026-03-24 05:00:00.000000 UTC,3,3.0,0.024,0.024,0.025
1688322,"Will Bitcoin reach $82,000 March 23-29?",2026-03-24 06:00:00.000000 UTC,1,0.0,0.022,0.022,0.022
1688322,"Will Bitcoin reach $82,000 March 23-29?",2026-03-24 07:00:00.000000 UTC,13,17.0,0.023,0.023,0.024
1688322,"Will Bitcoin reach $82,000 March 23-29?",2026-03-24 08:00:00.000000 UTC,20,1964.0,0.264,0.024,0.976
1688322,"Will Bitcoin reach $82,000 March 23-29?",2026-03-24 09:00:00.000000 UTC,12,75.0,0.263,0.023,0.975
1688322,"Will Bitcoin reach $82,000 March 23-29?",2026-03-24 10:00:00.000000 UTC,5,25.0,0.216,0.025,0.972
1688322,"Will Bitcoin reach $82,000 March 23-29?",2026-03-24 11:00:00.000000 UTC,11,1112.0,0.457,0.021,0.979
1688322,"Will Bitcoin reach $82,000 March 23-29?",2026-03-24 12:00:00.000000 UTC,44,1579.0,0.217,0.019,0.98
1688322,"Will Bitcoin reach $82,000 March 23-29?",2026-03-24 13:00:00.000000 UTC,16,2607.0,0.44,0.009,0.988
1688322,"Will Bitcoin reach $82,000 March 23-29?",2026-03-24 14:00:00.000000 UTC,10,293.0,0.404,0.011,0.989
1688322,"Will Bitcoin reach $82,000 March 23-29?",2026-03-24 15:00:00.000000 UTC,26,1214.0,0.089,0.011,0.989
1688322,"Will Bitcoin reach $82,000 March 23-29?",2026-03-24 16:00:00.000000 UTC,5,4.0,0.01,0.009,0.011
1688322,"Will Bitcoin reach $82,000 March 23-29?",2026-03-24 17:00:00.000000 UTC,8,1.0,0.008,0.005,0.009
1688322,"Will Bitcoin reach $82,000 March 23-29?",2026-03-24 18:00:00.000000 UTC,6,10.0,0.013,0.01,0.014
1688322,"Will Bitcoin reach $82,000 March 23-29?",2026-03-24 19:00:00.000000 UTC,1,70.0,0.986,0.986,0.986
1688322,"Will Bitcoin reach $82,000 March 23-29?",2026-03-24 20:00:00.000000 UTC,5,157.0,0.596,0.01,0.986
1688322,"Will Bitcoin reach $82,000 March 23-29?",2026-03-24 21:00:00.000000 UTC,6,13.0,0.174,0.011,0.987
1688322,"Will Bitcoin reach $82,000 March 23-29?",2026-03-24 22:00:00.000000 UTC,1,1.0,0.012,0.012,0.012
1688322,"Will Bitcoin reach $82,000 March 23-29?",2026-03-24 23:00:00.000000 UTC,8,1385.0,0.38,0.013,0.987
1688322,"Will Bitcoin reach $82,000 March 23-29?",2026-03-25 00:00:00.000000 UTC,2,5.0,0.024,0.023,0.024
1688322,"Will Bitcoin reach $82,000 March 23-29?",2026-03-25 01:00:00.000000 UTC,4,53.0,0.499,0.021,0.978
1688322,"Will Bitcoin reach $82,000 March 23-29?",2026-03-25 02:00:00.000000 UTC,5,5.0,0.014,0.013,0.015
1688322,"Will Bitcoin reach $82,000 March 23-29?",2026-03-25 04:00:00.000000 UTC,5,7.0,0.017,0.015,0.018
1688322,"Will Bitcoin reach $82,000 March 23-29?",2026-03-25 06:00:00.000000 UTC,11,247.0,0.101,0.012,0.989
1688322,"Will Bitcoin reach $82,000 March 23-29?",2026-03-25 07:00:00.000000 UTC,5,405.0,0.402,0.01,0.989
1688322,"Will Bitcoin reach $82,000 March 23-29?",2026-03-25 08:00:00.000000 UTC,13,2301.0,0.462,0.009,0.992
1688322,"Will Bitcoin reach $82,000 March 23-29?",2026-03-25 09:00:00.000000 UTC,11,2815.0,0.544,0.007,0.992
1688322,"Will Bitcoin reach $82,000 March 23-29?",2026-03-25 10:00:00.000000 UTC,2,436.0,0.992,0.992,0.992
1688322,"Will Bitcoin reach $82,000 March 23-29?",2026-03-25 11:00:00.000000 UTC,7,717.0,0.289,0.008,0.992
1688322,"Will Bitcoin reach $82,000 March 23-29?",2026-03-25 12:00:00.000000 UTC,5,353.0,0.598,0.008,0.991
1688322,"Will Bitcoin reach $82,000 March 23-29?",2026-03-25 13:00:00.000000 UTC,12,4664.0,0.581,0.009,0.991
1688322,"Will Bitcoin reach $82,000 March 23-29?",2026-03-25 14:00:00.000000 UTC,7,121.0,0.149,0.007,0.991
1688322,"Will Bitcoin reach $82,000 March 23-29?",2026-03-25 15:00:00.000000 UTC,3,2.0,0.007,0.007,0.008
1688322,"Will Bitcoin reach $82,000 March 23-29?",2026-03-25 16:00:00.000000 UTC,10,1324.0,0.205,0.008,0.991
1688322,"Will Bitcoin reach $82,000 March 23-29?",2026-03-25 17:00:00.000000 UTC,3,527.0,0.662,0.014,0.986
1688322,"Will Bitcoin reach $82,000 March 23-29?",2026-03-25 18:00:00.000000 UTC,8,840.0,0.502,0.019,0.985
1688322,"Will Bitcoin reach $82,000 March 23-29?",2026-03-25 19:00:00.000000 UTC,8,7.0,0.016,0.013,0.017
1688322,"Will Bitcoin reach $82,000 March 23-29?",2026-03-25 20:00:00.000000 UTC,7,25.0,0.149,0.008,0.99
1688322,"Will Bitcoin reach $82,000 March 23-29?",2026-03-25 22:00:00.000000 UTC,8,142.0,0.254,0.009,0.99
1688322,"Will Bitcoin reach $82,000 March 23-29?",2026-03-26 00:00:00.000000 UTC,1,1.0,0.012,0.012,0.012
1688322,"Will Bitcoin reach $82,000 March 23-29?",2026-03-26 02:00:00.000000 UTC,4,13.0,0.5,0.011,0.99
1688322,"Will Bitcoin reach $82,000 March 23-29?",2026-03-26 03:00:00.000000 UTC,8,21.0,0.008,0.008,0.009
1688322,"Will Bitcoin reach $82,000 March 23-29?",2026-03-26 04:00:00.000000 UTC,11,339.0,0.544,0.01,0.989
1688322,"Will Bitcoin reach $82,000 March 23-29?",2026-03-26 05:00:00.000000 UTC,1,33.0,0.986,0.986,0.986
1688322,"Will Bitcoin reach $82,000 March 23-29?",2026-03-26 06:00:00.000000 UTC,11,6.0,0.01,0.009,0.011
1688322,"Will Bitcoin reach $82,000 March 23-29?",2026-03-26 07:00:00.000000 UTC,10,10.0,0.009,0.009,0.01
1688322,"Will Bitcoin reach $82,000 March 23-29?",2026-03-26 09:00:00.000000 UTC,8,446.0,0.377,0.008,0.992
1688322,"Will Bitcoin reach $82,000 March 23-29?",2026-03-26 10:00:00.000000 UTC,8,88.0,0.131,0.008,0.991
1688322,"Will Bitcoin reach $82,000 March 23-29?",2026-03-26 11:00:00.000000 UTC,14,734.0,0.289,0.004,0.997
1688322,"Will Bitcoin reach $82,000 March 23-29?",2026-03-26 12:00:00.000000 UTC,4,11.0,0.005,0.005,0.005
1688322,"Will Bitcoin reach $82,000 March 23-29?",2026-03-26 13:00:00.000000 UTC,1,0.0,0.005,0.005,0.005
1688322,"Will Bitcoin reach $82,000 March 23-29?",2026-03-26 14:00:00.000000 UTC,63,4468.0,0.211,0.005,0.995
1688322,"Will Bitcoin reach $82,000 March 23-29?",2026-03-26 15:00:00.000000 UTC,9,6.0,0.335,0.002,0.997
1688322,"Will Bitcoin reach $82,000 March 23-29?",2026-03-26 16:00:00.000000 UTC,13,136.0,0.155,0.002,0.998
1688322,"Will Bitcoin reach $82,000 March 23-29?",2026-03-26 17:00:00.000000 UTC,29,3665.0,0.07,0.001,0.998
1688322,"Will Bitcoin reach $82,000 March 23-29?",2026-03-26 18:00:00.000000 UTC,14,485.0,0.216,0.002,0.996
1688322,"Will Bitcoin reach $82,000 March 23-29?",2026-03-26 19:00:00.000000 UTC,2,0.0,0.003,0.002,0.003
1688322,"Will Bitcoin reach $82,000 March 23-29?",2026-03-26 20:00:00.000000 UTC,3,1.0,0.003,0.002,0.005
1688322,"Will Bitcoin reach $82,000 March 23-29?",2026-03-27 00:00:00.000000 UTC,1,0.0,0.003,0.003,0.003
1688322,"Will Bitcoin reach $82,000 March 23-29?",2026-03-27 01:00:00.000000 UTC,4,30.0,0.748,0.003,0.997
1688322,"Will Bitcoin reach $82,000 March 23-29?",2026-03-27 02:00:00.000000 UTC,2,25.0,0.997,0.997,0.997
1688322,"Will Bitcoin reach $82,000 March 23-29?",2026-03-27 03:00:00.000000 UTC,2,29.0,0.997,0.997,0.997
1688322,"Will Bitcoin reach $82,000 March 23-29?",2026-03-27 04:00:00.000000 UTC,3,6.0,0.997,0.997,0.997
1688322,"Will Bitcoin reach $82,000 March 23-29?",2026-03-27 05:00:00.000000 UTC,7,3.0,0.003,0.002,0.004
1688322,"Will Bitcoin reach $82,000 March 23-29?",2026-03-27 06:00:00.000000 UTC,1,0.0,0.003,0.003,0.003
1688322,"Will Bitcoin reach $82,000 March 23-29?",2026-03-27 07:00:00.000000 UTC,2,0.0,0.003,0.003,0.003
1688322,"Will Bitcoin reach $82,000 March 23-29?",2026-03-27 08:00:00.000000 UTC,1,0.0,0.003,0.003,0.003
1688322,"Will Bitcoin reach $82,000 March 23-29?",2026-03-27 09:00:00.000000 UTC,8,9.0,0.003,0.002,0.003
1688322,"Will Bitcoin reach $82,000 March 23-29?",2026-03-27 10:00:00.000000 UTC,11,6.0,0.002,0.002,0.003
1688322,"Will Bitcoin reach $82,000 March 23-29?",2026-03-27 11:00:00.000000 UTC,9,342.0,0.445,0.002,0.998
1688322,"Will Bitcoin reach $82,000 March 23-29?",2026-03-27 12:00:00.000000 UTC,11,234.0,0.998,0.998,0.998
1688322,"Will Bitcoin reach $82,000 March 23-29?",2026-03-27 13:00:00.000000 UTC,5,766.0,0.998,0.998,0.998
1688322,"Will Bitcoin reach $82,000 March 23-29?",2026-03-27 14:00:00.000000 UTC,14,999.0,0.998,0.998,0.998
1688322,"Will Bitcoin reach $82,000 March 23-29?",2026-03-27 15:00:00.000000 UTC,10,292.0,0.998,0.996,0.998
1688322,"Will Bitcoin reach $82,000 March 23-29?",2026-03-27 16:00:00.000000 UTC,11,2505.0,0.726,0.002,0.998
1688322,"Will Bitcoin reach $82,000 March 23-29?",2026-03-27 17:00:00.000000 UTC,19,826.0,0.473,0.001,0.998
1688322,"Will Bitcoin reach $82,000 March 23-29?",2026-03-27 18:00:00.000000 UTC,7,1.0,0.001,0.001,0.001
1688322,"Will Bitcoin reach $82,000 March 23-29?",2026-03-27 19:00:00.000000 UTC,22,2.0,0.001,0.001,0.001
1688322,"Will Bitcoin reach $82,000 March 23-29?",2026-03-27 20:00:00.000000 UTC,3,0.0,0.001,0.001,0.001
1688322,"Will Bitcoin reach $82,000 March 23-29?",2026-03-27 21:00:00.000000 UTC,2,10.0,0.499,0.001,0.997
1688322,"Will Bitcoin reach $82,000 March 23-29?",2026-03-27 22:00:00.000000 UTC,6,11.0,0.167,0.001,0.998
1688322,"Will Bitcoin reach $82,000 March 23-29?",2026-03-27 23:00:00.000000 UTC,4,0.0,0.001,0.001,0.001
1688322,"Will Bitcoin reach $82,000 March 23-29?",2026-03-28 00:00:00.000000 UTC,13,23.0,0.078,0.001,0.998
1688322,"Will Bitcoin reach $82,000 March 23-29?",2026-03-28 01:00:00.000000 UTC,17,0.0,0.001,0.001,0.002
1688322,"Will Bitcoin reach $82,000 March 23-29?",2026-03-28 02:00:00.000000 UTC,54,3735.0,0.186,0.001,0.999
1688322,"Will Bitcoin reach $82,000 March 23-29?",2026-03-28 03:00:00.000000 UTC,10,0.0,0.001,0.001,0.001
1688322,"Will Bitcoin reach $82,000 March 23-29?",2026-03-28 04:00:00.000000 UTC,1,0.0,0.001,0.001,0.001
1688322,"Will Bitcoin reach $82,000 March 23-29?",2026-03-28 05:00:00.000000 UTC,5,2.0,0.001,0.001,0.001
1688322,"Will Bitcoin reach $82,000 March 23-29?",2026-03-28 06:00:00.000000 UTC,75,24.0,0.002,0.001,0.002
1688322,"Will Bitcoin reach $82,000 March 23-29?",2026-03-28 07:00:00.000000 UTC,34,1118.0,0.031,0.001,0.998
1688322,"Will Bitcoin reach $82,000 March 23-29?",2026-03-28 08:00:00.000000 UTC,10,3.0,0.001,0.001,0.001
1688322,"Will Bitcoin reach $82,000 March 23-29?",2026-03-28 09:00:00.000000 UTC,2,0.0,0.001,0.001,0.001
1688322,"Will Bitcoin reach $82,000 March 23-29?",2026-03-28 10:00:00.000000 UTC,22,528.0,0.047,0.001,0.999
1688322,"Will Bitcoin reach $82,000 March 23-29?",2026-03-28 11:00:00.000000 UTC,5,6.0,0.001,0.001,0.001
1688322,"Will Bitcoin reach $82,000 March 23-29?",2026-03-28 14:00:00.000000 UTC,6,101.0,0.168,0.001,0.999
1688322,"Will Bitcoin reach $82,000 March 23-29?",2026-03-28 15:00:00.000000 UTC,1,0.0,0.001,0.001,0.001
1688322,"Will Bitcoin reach $82,000 March 23-29?",2026-03-28 16:00:00.000000 UTC,24,3.0,0.001,0.001,0.002
1688322,"Will Bitcoin reach $82,000 March 23-29?",2026-03-28 17:00:00.000000 UTC,4,0.0,0.001,0.001,0.001
1688322,"Will Bitcoin reach $82,000 March 23-29?",2026-03-28 18:00:00.000000 UTC,1,0.0,0.001,0.001,0.001
1688322,"Will Bitcoin reach $82,000 March 23-29?",2026-03-28 19:00:00.000000 UTC,8,6.0,0.001,0.001,0.001
1688322,"Will Bitcoin reach $82,000 March 23-29?",2026-03-29 10:00:00.000000 UTC,1,112.0,0.999,0.999,0.999
1688322,"Will Bitcoin reach $82,000 March 23-29?",2026-03-29 12:00:00.000000 UTC,1,2.0,0.999,0.999,0.999
1688322,"Will Bitcoin reach $82,000 March 23-29?",2026-03-29 20:00:00.000000 UTC,1,0.0,0.001,0.001,0.001
1688322,"Will Bitcoin reach $82,000 March 23-29?",2026-03-30 00:00:00.000000 UTC,1,0.0,0.001,0.001,0.001
1688322,"Will Bitcoin reach $82,000 March 23-29?",2026-03-30 01:00:00.000000 UTC,1,0.0,0.001,0.001,0.001
1688322,"Will Bitcoin reach $82,000 March 23-29?",2026-03-30 02:00:00.000000 UTC,3,0.0,0.001,0.001,0.001
1688325,"Will Bitcoin reach $80,000 March 23-29?",2026-03-23 06:00:00.000000 UTC,4,174.0,0.945,0.945,0.946
1688325,"Will Bitcoin reach $80,000 March 23-29?",2026-03-23 08:00:00.000000 UTC,6,14.0,0.05,0.043,0.051
1688325,"Will Bitcoin reach $80,000 March 23-29?",2026-03-23 10:00:00.000000 UTC,1,0.0,0.03,0.03,0.03
1688325,"Will Bitcoin reach $80,000 March 23-29?",2026-03-23 11:00:00.000000 UTC,18,508.0,0.416,0.048,0.952
1688325,"Will Bitcoin reach $80,000 March 23-29?",2026-03-23 13:00:00.000000 UTC,41,910.0,0.223,0.065,0.917
1688325,"Will Bitcoin reach $80,000 March 23-29?",2026-03-23 14:00:00.000000 UTC,24,473.0,0.267,0.091,0.9
1688325,"Will Bitcoin reach $80,000 March 23-29?",2026-03-23 15:00:00.000000 UTC,39,271.0,0.181,0.054,0.934
1688325,"Will Bitcoin reach $80,000 March 23-29?",2026-03-23 16:00:00.000000 UTC,13,121.0,0.131,0.061,0.925
1688325,"Will Bitcoin reach $80,000 March 23-29?",2026-03-23 17:00:00.000000 UTC,6,498.0,0.642,0.064,0.935
1688325,"Will Bitcoin reach $80,000 March 23-29?",2026-03-23 18:00:00.000000 UTC,7,39.0,0.072,0.07,0.073
1688325,"Will Bitcoin reach $80,000 March 23-29?",2026-03-23 19:00:00.000000 UTC,2,109.0,0.933,0.929,0.937
1688325,"Will Bitcoin reach $80,000 March 23-29?",2026-03-23 20:00:00.000000 UTC,42,480.0,0.123,0.053,0.94
1688325,"Will Bitcoin reach $80,000 March 23-29?",2026-03-23 21:00:00.000000 UTC,1,5.0,0.063,0.063,0.063
1688325,"Will Bitcoin reach $80,000 March 23-29?",2026-03-23 22:00:00.000000 UTC,1,0.0,0.06,0.06,0.06
1688325,"Will Bitcoin reach $80,000 March 23-29?",2026-03-23 23:00:00.000000 UTC,5,1.0,0.054,0.052,0.058
1688325,"Will Bitcoin reach $80,000 March 23-29?",2026-03-24 00:00:00.000000 UTC,20,8.0,0.057,0.055,0.059
1688325,"Will Bitcoin reach $80,000 March 23-29?",2026-03-24 01:00:00.000000 UTC,2,5.0,0.054,0.054,0.054
1688325,"Will Bitcoin reach $80,000 March 23-29?",2026-03-24 02:00:00.000000 UTC,2,1.0,0.051,0.051,0.052
1688325,"Will Bitcoin reach $80,000 March 23-29?",2026-03-24 05:00:00.000000 UTC,2,6.0,0.051,0.05,0.051
1688325,"Will Bitcoin reach $80,000 March 23-29?",2026-03-24 06:00:00.000000 UTC,1,31.0,0.05,0.05,0.05
1688325,"Will Bitcoin reach $80,000 March 23-29?",2026-03-24 07:00:00.000000 UTC,26,896.0,0.293,0.05,0.943
1688325,"Will Bitcoin reach $80,000 March 23-29?",2026-03-24 08:00:00.000000 UTC,9,176.0,0.644,0.06,0.94
1688325,"Will Bitcoin reach $80,000 March 23-29?",2026-03-24 09:00:00.000000 UTC,8,55.0,0.39,0.06,0.939
1688325,"Will Bitcoin reach $80,000 March 23-29?",2026-03-24 10:00:00.000000 UTC,1,15.0,0.937,0.937,0.937
1688325,"Will Bitcoin reach $80,000 March 23-29?",2026-03-24 11:00:00.000000 UTC,18,653.0,0.351,0.054,0.938
1688325,"Will Bitcoin reach $80,000 March 23-29?",2026-03-24 12:00:00.000000 UTC,11,647.0,0.134,0.051,0.945
1688325,"Will Bitcoin reach $80,000 March 23-29?",2026-03-24 13:00:00.000000 UTC,31,136.0,0.104,0.03,0.959
1688325,"Will Bitcoin reach $80,000 March 23-29?",2026-03-24 14:00:00.000000 UTC,13,46.0,0.109,0.032,0.962
1688325,"Will Bitcoin reach $80,000 March 23-29?",2026-03-24 15:00:00.000000 UTC,9,60.0,0.139,0.033,0.964
1688325,"Will Bitcoin reach $80,000 March 23-29?",2026-03-24 16:00:00.000000 UTC,8,36.0,0.144,0.02,0.97
1688325,"Will Bitcoin reach $80,000 March 23-29?",2026-03-24 17:00:00.000000 UTC,1,0.0,0.026,0.026,0.026
1688325,"Will Bitcoin reach $80,000 March 23-29?",2026-03-24 20:00:00.000000 UTC,14,242.0,0.298,0.021,0.976
1688325,"Will Bitcoin reach $80,000 March 23-29?",2026-03-24 21:00:00.000000 UTC,12,759.0,0.265,0.028,0.965
1688325,"Will Bitcoin reach $80,000 March 23-29?",2026-03-24 22:00:00.000000 UTC,5,2.0,0.035,0.032,0.038
1688325,"Will Bitcoin reach $80,000 March 23-29?",2026-03-24 23:00:00.000000 UTC,28,2363.0,0.527,0.027,0.967
1688325,"Will Bitcoin reach $80,000 March 23-29?",2026-03-25 00:00:00.000000 UTC,6,130.0,0.349,0.047,0.955
1688325,"Will Bitcoin reach $80,000 March 23-29?",2026-03-25 01:00:00.000000 UTC,14,879.0,0.369,0.038,0.963
1688325,"Will Bitcoin reach $80,000 March 23-29?",2026-03-25 02:00:00.000000 UTC,5,45.0,0.216,0.03,0.96
1688325,"Will Bitcoin reach $80,000 March 23-29?",2026-03-25 05:00:00.000000 UTC,15,345.0,0.283,0.035,0.963
1688325,"Will Bitcoin reach $80,000 March 23-29?",2026-03-25 06:00:00.000000 UTC,8,90.0,0.149,0.031,0.968
1688325,"Will Bitcoin reach $80,000 March 23-29?",2026-03-25 07:00:00.000000 UTC,14,667.0,0.567,0.03,0.97
1688325,"Will Bitcoin reach $80,000 March 23-29?",2026-03-25 08:00:00.000000 UTC,9,819.0,0.549,0.03,0.966
1688325,"Will Bitcoin reach $80,000 March 23-29?",2026-03-25 09:00:00.000000 UTC,6,58.0,0.499,0.037,0.961
1688325,"Will Bitcoin reach $80,000 March 23-29?",2026-03-25 10:00:00.000000 UTC,2,6.0,0.036,0.035,0.037
1688325,"Will Bitcoin reach $80,000 March 23-29?",2026-03-25 11:00:00.000000 UTC,7,3268.0,0.565,0.035,0.963
1688325,"Will Bitcoin reach $80,000 March 23-29?",2026-03-25 12:00:00.000000 UTC,10,889.0,0.127,0.034,0.965
1688325,"Will Bitcoin reach $80,000 March 23-29?",2026-03-25 13:00:00.000000 UTC,5,50.0,0.59,0.044,0.955
1688325,"Will Bitcoin reach $80,000 March 23-29?",2026-03-25 14:00:00.000000 UTC,7,51.0,0.297,0.029,0.963
1688325,"Will Bitcoin reach $80,000 March 23-29?",2026-03-25 15:00:00.000000 UTC,7,383.0,0.705,0.024,0.977
1688325,"Will Bitcoin reach $80,000 March 23-29?",2026-03-25 16:00:00.000000 UTC,15,3317.0,0.529,0.023,0.977
1688325,"Will Bitcoin reach $80,000 March 23-29?",2026-03-25 17:00:00.000000 UTC,3,583.0,0.659,0.036,0.971
1688325,"Will Bitcoin reach $80,000 March 23-29?",2026-03-25 18:00:00.000000 UTC,10,180.0,0.5,0.029,0.97
1688325,"Will Bitcoin reach $80,000 March 23-29?",2026-03-25 19:00:00.000000 UTC,15,739.0,0.216,0.021,0.976
1688325,"Will Bitcoin reach $80,000 March 23-29?",2026-03-25 20:00:00.000000 UTC,5,11.0,0.025,0.022,0.03
1688325,"Will Bitcoin reach $80,000 March 23-29?",2026-03-25 21:00:00.000000 UTC,2,0.0,0.023,0.02,0.026
1688325,"Will Bitcoin reach $80,000 March 23-29?",2026-03-25 22:00:00.000000 UTC,6,11.0,0.021,0.018,0.023
1688325,"Will Bitcoin reach $80,000 March 23-29?",2026-03-25 23:00:00.000000 UTC,10,1420.0,0.499,0.025,0.973
1688325,"Will Bitcoin reach $80,000 March 23-29?",2026-03-26 00:00:00.000000 UTC,5,1220.0,0.594,0.027,0.973
1688325,"Will Bitcoin reach $80,000 March 23-29?",2026-03-26 02:00:00.000000 UTC,2,3.0,0.019,0.019,0.02
1688325,"Will Bitcoin reach $80,000 March 23-29?",2026-03-26 03:00:00.000000 UTC,13,1382.0,0.314,0.015,0.985
1688325,"Will Bitcoin reach $80,000 March 23-29?",2026-03-26 04:00:00.000000 UTC,6,128.0,0.338,0.018,0.974
1688325,"Will Bitcoin reach $80,000 March 23-29?",2026-03-26 05:00:00.000000 UTC,4,4.0,0.256,0.019,0.966
1688325,"Will Bitcoin reach $80,000 March 23-29?",2026-03-26 06:00:00.000000 UTC,6,17.0,0.017,0.016,0.018
1688325,"Will Bitcoin reach $80,000 March 23-29?",2026-03-26 07:00:00.000000 UTC,7,14.0,0.014,0.013,0.015
1688325,"Will Bitcoin reach $80,000 March 23-29?",2026-03-26 08:00:00.000000 UTC,12,953.0,0.257,0.013,0.986
1688325,"Will Bitcoin reach $80,000 March 23-29?",2026-03-26 09:00:00.000000 UTC,8,13.0,0.133,0.01,0.989
1688325,"Will Bitcoin reach $80,000 March 23-29?",2026-03-26 11:00:00.000000 UTC,48,3057.0,0.316,0.01,0.989
1688325,"Will Bitcoin reach $80,000 March 23-29?",2026-03-26 13:00:00.000000 UTC,19,2227.0,0.216,0.008,0.994
1688325,"Will Bitcoin reach $80,000 March 23-29?",2026-03-26 14:00:00.000000 UTC,10,360.0,0.499,0.015,0.984
1688325,"Will Bitcoin reach $80,000 March 23-29?",2026-03-26 15:00:00.000000 UTC,17,597.0,0.183,0.005,0.994
1688325,"Will Bitcoin reach $80,000 March 23-29?",2026-03-26 16:00:00.000000 UTC,1,1.0,0.006,0.006,0.006
1688325,"Will Bitcoin reach $80,000 March 23-29?",2026-03-26 17:00:00.000000 UTC,4,13.0,0.005,0.005,0.006
1688325,"Will Bitcoin reach $80,000 March 23-29?",2026-03-26 18:00:00.000000 UTC,17,237.0,0.646,0.002,0.997
1688325,"Will Bitcoin reach $80,000 March 23-29?",2026-03-26 20:00:00.000000 UTC,1,1.0,0.003,0.003,0.003
1688325,"Will Bitcoin reach $80,000 March 23-29?",2026-03-26 22:00:00.000000 UTC,2,0.0,0.002,0.002,0.002
1688325,"Will Bitcoin reach $80,000 March 23-29?",2026-03-27 00:00:00.000000 UTC,21,102.0,0.05,0.002,0.997
1688325,"Will Bitcoin reach $80,000 March 23-29?",2026-03-27 01:00:00.000000 UTC,2,5.0,0.005,0.004,0.005
1688325,"Will Bitcoin reach $80,000 March 23-29?",2026-03-27 03:00:00.000000 UTC,1,0.0,0.003,0.003,0.003
1688325,"Will Bitcoin reach $80,000 March 23-29?",2026-03-27 04:00:00.000000 UTC,5,5.0,0.004,0.003,0.005
1688325,"Will Bitcoin reach $80,000 March 23-29?",2026-03-27 05:00:00.000000 UTC,6,276.0,0.168,0.002,0.997
1688325,"Will Bitcoin reach $80,000 March 23-29?",2026-03-27 08:00:00.000000 UTC,3,0.0,0.003,0.002,0.004
1688325,"Will Bitcoin reach $80,000 March 23-29?",2026-03-27 10:00:00.000000 UTC,1,0.0,0.002,0.002,0.002
1688325,"Will Bitcoin reach $80,000 March 23-29?",2026-03-27 11:00:00.000000 UTC,10,6.0,0.003,0.002,0.004
1688325,"Will Bitcoin reach $80,000 March 23-29?",2026-03-27 12:00:00.000000 UTC,2,0.0,0.003,0.003,0.003
1688325,"Will Bitcoin reach $80,000 March 23-29?",2026-03-27 14:00:00.000000 UTC,3,0.0,0.002,0.002,0.003
1688325,"Will Bitcoin reach $80,000 March 23-29?",2026-03-27 16:00:00.000000 UTC,1,0.0,0.002,0.002,0.002
1688325,"Will Bitcoin reach $80,000 March 23-29?",2026-03-27 17:00:00.000000 UTC,9,171.0,0.335,0.002,0.998
1688325,"Will Bitcoin reach $80,000 March 23-29?",2026-03-27 18:00:00.000000 UTC,14,5736.0,0.287,0.003,0.998
1688325,"Will Bitcoin reach $80,000 March 23-29?",2026-03-27 19:00:00.000000 UTC,10,1576.0,0.301,0.003,0.995
1688325,"Will Bitcoin reach $80,000 March 23-29?",2026-03-27 20:00:00.000000 UTC,6,232.0,0.5,0.003,0.998
1688325,"Will Bitcoin reach $80,000 March 23-29?",2026-03-27 21:00:00.000000 UTC,9,79.0,0.665,0.003,0.998
1688325,"Will Bitcoin reach $80,000 March 23-29?",2026-03-27 22:00:00.000000 UTC,4,460.0,0.998,0.998,0.998
1688325,"Will Bitcoin reach $80,000 March 23-29?",2026-03-27 23:00:00.000000 UTC,2,119.0,0.998,0.997,0.998
1688325,"Will Bitcoin reach $80,000 March 23-29?",2026-03-28 00:00:00.000000 UTC,2,333.0,0.997,0.997,0.998
1688325,"Will Bitcoin reach $80,000 March 23-29?",2026-03-28 01:00:00.000000 UTC,3,8.0,0.998,0.997,0.998
1688325,"Will Bitcoin reach $80,000 March 23-29?",2026-03-28 02:00:00.000000 UTC,19,1359.0,0.264,0.001,0.998
1688325,"Will Bitcoin reach $80,000 March 23-29?",2026-03-28 03:00:00.000000 UTC,2,0.0,0.001,0.001,0.001
1688325,"Will Bitcoin reach $80,000 March 23-29?",2026-03-28 04:00:00.000000 UTC,1,0.0,0.001,0.001,0.001
1688325,"Will Bitcoin reach $80,000 March 23-29?",2026-03-28 05:00:00.000000 UTC,1,0.0,0.001,0.001,0.001
1688325,"Will Bitcoin reach $80,000 March 23-29?",2026-03-28 06:00:00.000000 UTC,2,0.0,0.001,0.001,0.001
1688325,"Will Bitcoin reach $80,000 March 23-29?",2026-03-28 07:00:00.000000 UTC,8,130.0,0.251,0.002,0.997
1688325,"Will Bitcoin reach $80,000 March 23-29?",2026-03-28 08:00:00.000000 UTC,23,108.0,0.088,0.001,0.998
1688325,"Will Bitcoin reach $80,000 March 23-29?",2026-03-28 09:00:00.000000 UTC,16,60.0,0.063,0.001,0.998
1688325,"Will Bitcoin reach $80,000 March 23-29?",2026-03-28 10:00:00.000000 UTC,3,0.0,0.001,0.001,0.001
1688325,"Will Bitcoin reach $80,000 March 23-29?",2026-03-28 11:00:00.000000 UTC,1,0.0,0.001,0.001,0.001
1688325,"Will Bitcoin reach $80,000 March 23-29?",2026-03-28 12:00:00.000000 UTC,4,0.0,0.001,0.001,0.001
1688325,"Will Bitcoin reach $80,000 March 23-29?",2026-03-28 13:00:00.000000 UTC,3,0.0,0.001,0.001,0.001
1688325,"Will Bitcoin reach $80,000 March 23-29?",2026-03-28 14:00:00.000000 UTC,2,0.0,0.002,0.001,0.002
1688325,"Will Bitcoin reach $80,000 March 23-29?",2026-03-28 16:00:00.000000 UTC,5,0.0,0.001,0.001,0.001
1688325,"Will Bitcoin reach $80,000 March 23-29?",2026-03-28 18:00:00.000000 UTC,2,0.0,0.001,0.001,0.001
1688325,"Will Bitcoin reach $80,000 March 23-29?",2026-03-28 19:00:00.000000 UTC,3,64.0,0.334,0.001,0.998
1688325,"Will Bitcoin reach $80,000 March 23-29?",2026-03-28 20:00:00.000000 UTC,1,0.0,0.001,0.001,0.001
1688325,"Will Bitcoin reach $80,000 March 23-29?",2026-03-28 21:00:00.000000 UTC,11,1505.0,0.273,0.001,0.999
1688325,"Will Bitcoin reach $80,000 March 23-29?",2026-03-28 23:00:00.000000 UTC,1,0.0,0.002,0.002,0.002
1688325,"Will Bitcoin reach $80,000 March 23-29?",2026-03-29 05:00:00.000000 UTC,1,0.0,0.001,0.001,0.001
1688325,"Will Bitcoin reach $80,000 March 23-29?",2026-03-29 11:00:00.000000 UTC,1,20.0,0.999,0.999,0.999
1688325,"Will Bitcoin reach $80,000 March 23-29?",2026-03-29 12:00:00.000000 UTC,1,5.0,0.999,0.999,0.999
1688325,"Will Bitcoin reach $80,000 March 23-29?",2026-03-30 02:00:00.000000 UTC,1,0.0,0.001,0.001,0.001
1688329,"Will Bitcoin reach $78,000 March 23-29?",2026-03-23 06:00:00.000000 UTC,10,153.0,0.581,0.07,0.93
1688329,"Will Bitcoin reach $78,000 March 23-29?",2026-03-23 07:00:00.000000 UTC,14,485.0,0.196,0.07,0.92
1688329,"Will Bitcoin reach $78,000 March 23-29?",2026-03-23 08:00:00.000000 UTC,3,60.0,0.36,0.08,0.92
1688329,"Will Bitcoin reach $78,000 March 23-29?",2026-03-23 09:00:00.000000 UTC,1,15.0,0.07,0.07,0.07
1688329,"Will Bitcoin reach $78,000 March 23-29?",2026-03-23 10:00:00.000000 UTC,7,93.0,0.677,0.07,0.92
1688329,"Will Bitcoin reach $78,000 March 23-29?",2026-03-23 11:00:00.000000 UTC,37,4469.0,0.305,0.09,0.91
1688329,"Will Bitcoin reach $78,000 March 23-29?",2026-03-23 13:00:00.000000 UTC,27,3634.0,0.327,0.1,0.85
1688329,"Will Bitcoin reach $78,000 March 23-29?",2026-03-23 14:00:00.000000 UTC,55,1102.0,0.411,0.17,0.81
1688329,"Will Bitcoin reach $78,000 March 23-29?",2026-03-23 15:00:00.000000 UTC,12,154.0,0.331,0.13,0.86
1688329,"Will Bitcoin reach $78,000 March 23-29?",2026-03-23 16:00:00.000000 UTC,27,1116.0,0.201,0.1,0.87
1688329,"Will Bitcoin reach $78,000 March 23-29?",2026-03-23 17:00:00.000000 UTC,4,435.0,0.685,0.13,0.87
1688329,"Will Bitcoin reach $78,000 March 23-29?",2026-03-23 19:00:00.000000 UTC,12,492.0,0.568,0.12,0.88
1688329,"Will Bitcoin reach $78,000 March 23-29?",2026-03-23 20:00:00.000000 UTC,23,1307.0,0.35,0.11,0.89
1688329,"Will Bitcoin reach $78,000 March 23-29?",2026-03-23 21:00:00.000000 UTC,4,71.0,0.13,0.13,0.13
1688329,"Will Bitcoin reach $78,000 March 23-29?",2026-03-23 22:00:00.000000 UTC,2,7.0,0.11,0.1,0.12
1688329,"Will Bitcoin reach $78,000 March 23-29?",2026-03-23 23:00:00.000000 UTC,2,17.0,0.12,0.12,0.12
1688329,"Will Bitcoin reach $78,000 March 23-29?",2026-03-24 01:00:00.000000 UTC,2,5.0,0.5,0.13,0.87
1688329,"Will Bitcoin reach $78,000 March 23-29?",2026-03-24 02:00:00.000000 UTC,2,26.0,0.11,0.11,0.11
1688329,"Will Bitcoin reach $78,000 March 23-29?",2026-03-24 03:00:00.000000 UTC,2,17.0,0.1,0.1,0.1
1688329,"Will Bitcoin reach $78,000 March 23-29?",2026-03-24 04:00:00.000000 UTC,1,2.0,0.1,0.1,0.1
1688329,"Will Bitcoin reach $78,000 March 23-29?",2026-03-24 05:00:00.000000 UTC,4,10.0,0.092,0.09,0.1
1688329,"Will Bitcoin reach $78,000 March 23-29?",2026-03-24 06:00:00.000000 UTC,19,249.0,0.176,0.09,0.91
1688329,"Will Bitcoin reach $78,000 March 23-29?",2026-03-24 07:00:00.000000 UTC,8,432.0,0.406,0.1,0.9
1688329,"Will Bitcoin reach $78,000 March 23-29?",2026-03-24 08:00:00.000000 UTC,4,16.0,0.12,0.11,0.13
1688329,"Will Bitcoin reach $78,000 March 23-29?",2026-03-24 09:00:00.000000 UTC,1,3.0,0.13,0.13,0.13
1688329,"Will Bitcoin reach $78,000 March 23-29?",2026-03-24 10:00:00.000000 UTC,3,6.0,0.127,0.12,0.13
1688329,"Will Bitcoin reach $78,000 March 23-29?",2026-03-24 11:00:00.000000 UTC,12,109.0,0.178,0.11,0.86
1688329,"Will Bitcoin reach $78,000 March 23-29?",2026-03-24 12:00:00.000000 UTC,13,167.0,0.165,0.08,0.91
1688329,"Will Bitcoin reach $78,000 March 23-29?",2026-03-24 13:00:00.000000 UTC,11,98.0,0.385,0.06,0.93
1688329,"Will Bitcoin reach $78,000 March 23-29?",2026-03-24 14:00:00.000000 UTC,5,34.0,0.418,0.08,0.93
1688329,"Will Bitcoin reach $78,000 March 23-29?",2026-03-24 15:00:00.000000 UTC,4,31.0,0.29,0.07,0.93
1688329,"Will Bitcoin reach $78,000 March 23-29?",2026-03-24 16:00:00.000000 UTC,5,16.0,0.056,0.05,0.07
1688329,"Will Bitcoin reach $78,000 March 23-29?",2026-03-24 17:00:00.000000 UTC,2,4.0,0.05,0.05,0.05
1688329,"Will Bitcoin reach $78,000 March 23-29?",2026-03-24 18:00:00.000000 UTC,3,11.0,0.047,0.04,0.05
1688329,"Will Bitcoin reach $78,000 March 23-29?",2026-03-24 19:00:00.000000 UTC,11,465.0,0.215,0.05,0.94
1688329,"Will Bitcoin reach $78,000 March 23-29?",2026-03-24 20:00:00.000000 UTC,4,493.0,0.495,0.04,0.93
1688329,"Will Bitcoin reach $78,000 March 23-29?",2026-03-24 21:00:00.000000 UTC,3,68.0,0.357,0.08,0.91
1688329,"Will Bitcoin reach $78,000 March 23-29?",2026-03-24 22:00:00.000000 UTC,1,0.0,0.08,0.08,0.08
1688329,"Will Bitcoin reach $78,000 March 23-29?",2026-03-25 00:00:00.000000 UTC,5,31.0,0.096,0.08,0.1
1688329,"Will Bitcoin reach $78,000 March 23-29?",2026-03-25 01:00:00.000000 UTC,9,54.0,0.087,0.08,0.1
1688329,"Will Bitcoin reach $78,000 March 23-29?",2026-03-25 02:00:00.000000 UTC,3,14.0,0.08,0.08,0.08
1688329,"Will Bitcoin reach $78,000 March 23-29?",2026-03-25 04:00:00.000000 UTC,17,1378.0,0.435,0.09,0.93
1688329,"Will Bitcoin reach $78,000 March 23-29?",2026-03-25 06:00:00.000000 UTC,23,1463.0,0.448,0.08,0.93
1688329,"Will Bitcoin reach $78,000 March 23-29?",2026-03-25 07:00:00.000000 UTC,34,2804.0,0.522,0.07,0.93
1688329,"Will Bitcoin reach $78,000 March 23-29?",2026-03-25 08:00:00.000000 UTC,10,250.0,0.825,0.1,0.91
1688329,"Will Bitcoin reach $78,000 March 23-29?",2026-03-25 09:00:00.000000 UTC,10,34.0,0.58,0.08,0.91
1688329,"Will Bitcoin reach $78,000 March 23-29?",2026-03-25 10:00:00.000000 UTC,10,516.0,0.579,0.08,0.92
1688329,"Will Bitcoin reach $78,000 March 23-29?",2026-03-25 11:00:00.000000 UTC,21,2734.0,0.485,0.09,0.91
1688329,"Will Bitcoin reach $78,000 March 23-29?",2026-03-25 12:00:00.000000 UTC,13,123.0,0.082,0.07,0.09
1688329,"Will Bitcoin reach $78,000 March 23-29?",2026-03-25 13:00:00.000000 UTC,3,20.0,0.367,0.1,0.89
1688329,"Will Bitcoin reach $78,000 March 23-29?",2026-03-25 14:00:00.000000 UTC,51,670.0,0.077,0.06,0.09
1688329,"Will Bitcoin reach $78,000 March 23-29?",2026-03-25 15:00:00.000000 UTC,15,885.0,0.355,0.06,0.94
1688329,"Will Bitcoin reach $78,000 March 23-29?",2026-03-25 16:00:00.000000 UTC,21,946.0,0.521,0.07,0.94
1688329,"Will Bitcoin reach $78,000 March 23-29?",2026-03-25 17:00:00.000000 UTC,6,130.0,0.648,0.07,0.94
1688329,"Will Bitcoin reach $78,000 March 23-29?",2026-03-25 18:00:00.000000 UTC,5,893.0,0.94,0.94,0.94
1688329,"Will Bitcoin reach $78,000 March 23-29?",2026-03-25 19:00:00.000000 UTC,4,571.0,0.94,0.94,0.94
1688329,"Will Bitcoin reach $78,000 March 23-29?",2026-03-25 20:00:00.000000 UTC,16,602.0,0.28,0.05,0.94
1688329,"Will Bitcoin reach $78,000 March 23-29?",2026-03-25 21:00:00.000000 UTC,5,12.0,0.058,0.05,0.07
1688329,"Will Bitcoin reach $78,000 March 23-29?",2026-03-25 22:00:00.000000 UTC,10,467.0,0.328,0.06,0.94
1688329,"Will Bitcoin reach $78,000 March 23-29?",2026-03-25 23:00:00.000000 UTC,22,362.0,0.297,0.05,0.93
1688329,"Will Bitcoin reach $78,000 March 23-29?",2026-03-26 00:00:00.000000 UTC,6,11.0,0.198,0.05,0.94
1688329,"Will Bitcoin reach $78,000 March 23-29?",2026-03-26 02:00:00.000000 UTC,17,136.0,0.154,0.04,0.94
1688329,"Will Bitcoin reach $78,000 March 23-29?",2026-03-26 03:00:00.000000 UTC,2,1.0,0.03,0.03,0.03
1688329,"Will Bitcoin reach $78,000 March 23-29?",2026-03-26 04:00:00.000000 UTC,2,1.0,0.04,0.03,0.05
1688329,"Will Bitcoin reach $78,000 March 23-29?",2026-03-26 06:00:00.000000 UTC,16,274.0,0.267,0.031,0.962
1688329,"Will Bitcoin reach $78,000 March 23-29?",2026-03-26 07:00:00.000000 UTC,50,11990.0,0.33,0.03,0.969
1688329,"Will Bitcoin reach $78,000 March 23-29?",2026-03-26 08:00:00.000000 UTC,8,155.0,0.848,0.031,0.968
1688329,"Will Bitcoin reach $78,000 March 23-29?",2026-03-26 09:00:00.000000 UTC,16,182.0,0.148,0.025,0.97
1688329,"Will Bitcoin reach $78,000 March 23-29?",2026-03-26 10:00:00.000000 UTC,19,4996.0,0.374,0.027,0.971
1688329,"Will Bitcoin reach $78,000 March 23-29?",2026-03-26 11:00:00.000000 UTC,35,3919.0,0.514,0.023,0.98
1688329,"Will Bitcoin reach $78,000 March 23-29?",2026-03-26 12:00:00.000000 UTC,19,480.0,0.224,0.021,0.976
1688329,"Will Bitcoin reach $78,000 March 23-29?",2026-03-26 13:00:00.000000 UTC,22,2379.0,0.542,0.02,0.98
1688329,"Will Bitcoin reach $78,000 March 23-29?",2026-03-26 14:00:00.000000 UTC,30,1547.0,0.345,0.032,0.969
1688329,"Will Bitcoin reach $78,000 March 23-29?",2026-03-26 15:00:00.000000 UTC,6,584.0,0.177,0.013,0.969
1688329,"Will Bitcoin reach $78,000 March 23-29?",2026-03-26 16:00:00.000000 UTC,2,3.0,0.014,0.014,0.014
1688329,"Will Bitcoin reach $78,000 March 23-29?",2026-03-26 17:00:00.000000 UTC,6,3.0,0.009,0.008,0.01
1688329,"Will Bitcoin reach $78,000 March 23-29?",2026-03-26 19:00:00.000000 UTC,26,730.0,0.426,0.009,0.994
1688329,"Will Bitcoin reach $78,000 March 23-29?",2026-03-26 20:00:00.000000 UTC,9,7012.0,0.23,0.013,0.987
1688329,"Will Bitcoin reach $78,000 March 23-29?",2026-03-26 21:00:00.000000 UTC,2,0.0,0.018,0.018,0.018
1688329,"Will Bitcoin reach $78,000 March 23-29?",2026-03-26 22:00:00.000000 UTC,4,1.0,0.014,0.011,0.018
1688329,"Will Bitcoin reach $78,000 March 23-29?",2026-03-27 00:00:00.000000 UTC,1,0.0,0.014,0.014,0.014
1688329,"Will Bitcoin reach $78,000 March 23-29?",2026-03-27 01:00:00.000000 UTC,7,599.0,0.151,0.01,0.99
1688329,"Will Bitcoin reach $78,000 March 23-29?",2026-03-27 02:00:00.000000 UTC,1,0.0,0.014,0.014,0.014
1688329,"Will Bitcoin reach $78,000 March 23-29?",2026-03-27 06:00:00.000000 UTC,4,92.0,0.746,0.009,0.992
1688329,"Will Bitcoin reach $78,000 March 23-29?",2026-03-27 07:00:00.000000 UTC,7,479.0,0.568,0.003,0.993
1688329,"Will Bitcoin reach $78,000 March 23-29?",2026-03-27 08:00:00.000000 UTC,2,2.0,0.502,0.007,0.996
1688329,"Will Bitcoin reach $78,000 March 23-29?",2026-03-27 09:00:00.000000 UTC,3,0.0,0.005,0.004,0.005
1688329,"Will Bitcoin reach $78,000 March 23-29?",2026-03-27 10:00:00.000000 UTC,9,110.0,0.114,0.003,0.996
1688329,"Will Bitcoin reach $78,000 March 23-29?",2026-03-27 11:00:00.000000 UTC,4,2.0,0.006,0.005,0.007
1688329,"Will Bitcoin reach $78,000 March 23-29?",2026-03-27 12:00:00.000000 UTC,4,257.0,0.252,0.005,0.995
1688329,"Will Bitcoin reach $78,000 March 23-29?",2026-03-27 13:00:00.000000 UTC,2,0.0,0.005,0.005,0.005
1688329,"Will Bitcoin reach $78,000 March 23-29?",2026-03-27 14:00:00.000000 UTC,7,118.0,0.287,0.003,0.996
1688329,"Will Bitcoin reach $78,000 March 23-29?",2026-03-27 15:00:00.000000 UTC,4,0.0,0.003,0.003,0.003
1688329,"Will Bitcoin reach $78,000 March 23-29?",2026-03-27 16:00:00.000000 UTC,1,0.0,0.003,0.003,0.003
1688329,"Will Bitcoin reach $78,000 March 23-29?",2026-03-27 17:00:00.000000 UTC,4,3.0,0.005,0.004,0.007
1688329,"Will Bitcoin reach $78,000 March 23-29?",2026-03-27 18:00:00.000000 UTC,15,861.0,0.071,0.002,0.991
1688329,"Will Bitcoin reach $78,000 March 23-29?",2026-03-27 19:00:00.000000 UTC,3,0.0,0.004,0.004,0.004
1688329,"Will Bitcoin reach $78,000 March 23-29?",2026-03-27 20:00:00.000000 UTC,2,0.0,0.004,0.004,0.004
1688329,"Will Bitcoin reach $78,000 March 23-29?",2026-03-27 21:00:00.000000 UTC,3,0.0,0.003,0.003,0.003
1688329,"Will Bitcoin reach $78,000 March 23-29?",2026-03-27 22:00:00.000000 UTC,5,0.0,0.003,0.002,0.003
1688329,"Will Bitcoin reach $78,000 March 23-29?",2026-03-27 23:00:00.000000 UTC,1,0.0,0.003,0.003,0.003
1688329,"Will Bitcoin reach $78,000 March 23-29?",2026-03-28 00:00:00.000000 UTC,2,0.0,0.004,0.004,0.004
1688329,"Will Bitcoin reach $78,000 March 23-29?",2026-03-28 01:00:00.000000 UTC,2,249.0,0.499,0.004,0.995
1688329,"Will Bitcoin reach $78,000 March 23-29?",2026-03-28 02:00:00.000000 UTC,1,33.0,0.995,0.995,0.995
1688329,"Will Bitcoin reach $78,000 March 23-29?",2026-03-28 03:00:00.000000 UTC,1,1.0,0.004,0.004,0.004
1688329,"Will Bitcoin reach $78,000 March 23-29?",2026-03-28 04:00:00.000000 UTC,2,0.0,0.004,0.004,0.004
1688329,"Will Bitcoin reach $78,000 March 23-29?",2026-03-28 05:00:00.000000 UTC,4,45.0,0.499,0.004,0.995
1688329,"Will Bitcoin reach $78,000 March 23-29?",2026-03-28 06:00:00.000000 UTC,6,58.0,0.335,0.003,0.997
1688329,"Will Bitcoin reach $78,000 March 23-29?",2026-03-28 07:00:00.000000 UTC,2,114.0,0.996,0.994,0.997
1688329,"Will Bitcoin reach $78,000 March 23-29?",2026-03-28 08:00:00.000000 UTC,7,120.0,0.144,0.002,0.997
1688329,"Will Bitcoin reach $78,000 March 23-29?",2026-03-28 09:00:00.000000 UTC,1,0.0,0.003,0.003,0.003
1688329,"Will Bitcoin reach $78,000 March 23-29?",2026-03-28 10:00:00.000000 UTC,4,0.0,0.002,0.001,0.002
1688329,"Will Bitcoin reach $78,000 March 23-29?",2026-03-28 11:00:00.000000 UTC,2,0.0,0.001,0.001,0.001
1688329,"Will Bitcoin reach $78,000 March 23-29?",2026-03-28 12:00:00.000000 UTC,1,0.0,0.001,0.001,0.001
1688329,"Will Bitcoin reach $78,000 March 23-29?",2026-03-28 14:00:00.000000 UTC,2,0.0,0.002,0.001,0.002
1688329,"Will Bitcoin reach $78,000 March 23-29?",2026-03-28 15:00:00.000000 UTC,2,0.0,0.002,0.001,0.002
1688329,"Will Bitcoin reach $78,000 March 23-29?",2026-03-28 16:00:00.000000 UTC,6,0.0,0.001,0.001,0.001
1688329,"Will Bitcoin reach $78,000 March 23-29?",2026-03-28 20:00:00.000000 UTC,1,0.0,0.002,0.002,0.002
1688329,"Will Bitcoin reach $78,000 March 23-29?",2026-03-28 21:00:00.000000 UTC,15,7.0,0.002,0.001,0.002
1688329,"Will Bitcoin reach $78,000 March 23-29?",2026-03-28 22:00:00.000000 UTC,1,0.0,0.001,0.001,0.001
1688329,"Will Bitcoin reach $78,000 March 23-29?",2026-03-28 23:00:00.000000 UTC,8,898.0,0.375,0.001,0.999
1688329,"Will Bitcoin reach $78,000 March 23-29?",2026-03-29 00:00:00.000000 UTC,2,0.0,0.002,0.002,0.002
1688329,"Will Bitcoin reach $78,000 March 23-29?",2026-03-29 01:00:00.000000 UTC,1,0.0,0.002,0.002,0.002
1688329,"Will Bitcoin reach $78,000 March 23-29?",2026-03-29 05:00:00.000000 UTC,1,0.0,0.001,0.001,0.001
1688329,"Will Bitcoin reach $78,000 March 23-29?",2026-03-29 11:00:00.000000 UTC,1,20.0,0.999,0.999,0.999
1688329,"Will Bitcoin reach $78,000 March 23-29?",2026-03-29 12:00:00.000000 UTC,1,9.0,0.999,0.999,0.999
1688329,"Will Bitcoin reach $78,000 March 23-29?",2026-03-29 14:00:00.000000 UTC,1,240.0,0.999,0.999,0.999
1688329,"Will Bitcoin reach $78,000 March 23-29?",2026-03-29 17:00:00.000000 UTC,1,1249.0,0.999,0.999,0.999
1688334,"Will Bitcoin reach $76,000 March 23-29?",2026-03-23 05:00:00.000000 UTC,1,0.0,0.13,0.13,0.13
1688334,"Will Bitcoin reach $76,000 March 23-29?",2026-03-23 06:00:00.000000 UTC,20,749.0,0.355,0.13,0.87
1688334,"Will Bitcoin reach $76,000 March 23-29?",2026-03-23 07:00:00.000000 UTC,5,25.0,0.418,0.12,0.88
1688334,"Will Bitcoin reach $76,000 March 23-29?",2026-03-23 09:00:00.000000 UTC,1,33.0,0.14,0.14,0.14
1688334,"Will Bitcoin reach $76,000 March 23-29?",2026-03-23 10:00:00.000000 UTC,1,85.0,0.85,0.85,0.85
1688334,"Will Bitcoin reach $76,000 March 23-29?",2026-03-23 11:00:00.000000 UTC,45,2596.0,0.408,0.15,0.78
1688334,"Will Bitcoin reach $76,000 March 23-29?",2026-03-23 12:00:00.000000 UTC,7,100.0,0.381,0.25,0.73
1688334,"Will Bitcoin reach $76,000 March 23-29?",2026-03-23 13:00:00.000000 UTC,35,9707.0,0.465,0.3,0.7
1688334,"Will Bitcoin reach $76,000 March 23-29?",2026-03-23 14:00:00.000000 UTC,8,45.0,0.401,0.34,0.6
1688334,"Will Bitcoin reach $76,000 March 23-29?",2026-03-23 15:00:00.000000 UTC,17,105.0,0.382,0.25,0.76
1688334,"Will Bitcoin reach $76,000 March 23-29?",2026-03-23 16:00:00.000000 UTC,10,167.0,0.508,0.25,0.76
1688334,"Will Bitcoin reach $76,000 March 23-29?",2026-03-23 17:00:00.000000 UTC,2,32.0,0.265,0.24,0.29
1688334,"Will Bitcoin reach $76,000 March 23-29?",2026-03-23 18:00:00.000000 UTC,3,221.0,0.427,0.28,0.7
1688334,"Will Bitcoin reach $76,000 March 23-29?",2026-03-23 19:00:00.000000 UTC,3,37.0,0.443,0.29,0.74
1688334,"Will Bitcoin reach $76,000 March 23-29?",2026-03-23 20:00:00.000000 UTC,5,124.0,0.548,0.26,0.76
1688334,"Will Bitcoin reach $76,000 March 23-29?",2026-03-23 21:00:00.000000 UTC,1,6.0,0.73,0.73,0.73
1688334,"Will Bitcoin reach $76,000 March 23-29?",2026-03-23 22:00:00.000000 UTC,2,225.0,0.5,0.25,0.75
1688334,"Will Bitcoin reach $76,000 March 23-29?",2026-03-23 23:00:00.000000 UTC,13,2316.0,0.356,0.24,0.75
1688334,"Will Bitcoin reach $76,000 March 23-29?",2026-03-24 00:00:00.000000 UTC,62,534.0,0.385,0.25,0.73
1688334,"Will Bitcoin reach $76,000 March 23-29?",2026-03-24 01:00:00.000000 UTC,1,4.0,0.74,0.74,0.74
1688334,"Will Bitcoin reach $76,000 March 23-29?",2026-03-24 02:00:00.000000 UTC,12,617.0,0.367,0.23,0.75
1688334,"Will Bitcoin reach $76,000 March 23-29?",2026-03-24 04:00:00.000000 UTC,13,124.0,0.266,0.22,0.74
1688334,"Will Bitcoin reach $76,000 March 23-29?",2026-03-24 05:00:00.000000 UTC,1,3.0,0.77,0.77,0.77
1688334,"Will Bitcoin reach $76,000 March 23-29?",2026-03-24 06:00:00.000000 UTC,1,3.0,0.21,0.21,0.21
1688334,"Will Bitcoin reach $76,000 March 23-29?",2026-03-24 07:00:00.000000 UTC,97,156.0,0.336,0.23,0.76
1688334,"Will Bitcoin reach $76,000 March 23-29?",2026-03-24 08:00:00.000000 UTC,4,6.0,0.395,0.29,0.7
1688334,"Will Bitcoin reach $76,000 March 23-29?",2026-03-24 09:00:00.000000 UTC,13,208.0,0.423,0.29,0.72
1688334,"Will Bitcoin reach $76,000 March 23-29?",2026-03-24 10:00:00.000000 UTC,9,282.0,0.524,0.28,0.71
1688334,"Will Bitcoin reach $76,000 March 23-29?",2026-03-24 11:00:00.000000 UTC,1,10.0,0.29,0.29,0.29
1688334,"Will Bitcoin reach $76,000 March 23-29?",2026-03-24 12:00:00.000000 UTC,4,52.0,0.27,0.27,0.27
1688334,"Will Bitcoin reach $76,000 March 23-29?",2026-03-24 13:00:00.000000 UTC,6,54.0,0.685,0.22,0.8
1688334,"Will Bitcoin reach $76,000 March 23-29?",2026-03-24 14:00:00.000000 UTC,19,438.0,0.412,0.16,0.83
1688334,"Will Bitcoin reach $76,000 March 23-29?",2026-03-24 15:00:00.000000 UTC,14,175.0,0.456,0.17,0.82
1688334,"Will Bitcoin reach $76,000 March 23-29?",2026-03-24 16:00:00.000000 UTC,22,1796.0,0.627,0.17,0.85
1688334,"Will Bitcoin reach $76,000 March 23-29?",2026-03-24 17:00:00.000000 UTC,14,779.0,0.445,0.13,0.87
1688334,"Will Bitcoin reach $76,000 March 23-29?",2026-03-24 18:00:00.000000 UTC,5,31.0,0.15,0.14,0.16
1688334,"Will Bitcoin reach $76,000 March 23-29?",2026-03-24 19:00:00.000000 UTC,1,4.0,0.84,0.84,0.84
1688334,"Will Bitcoin reach $76,000 March 23-29?",2026-03-24 20:00:00.000000 UTC,3,14.0,0.393,0.13,0.86
1688334,"Will Bitcoin reach $76,000 March 23-29?",2026-03-24 21:00:00.000000 UTC,8,393.0,0.416,0.16,0.83
1688334,"Will Bitcoin reach $76,000 March 23-29?",2026-03-24 22:00:00.000000 UTC,1,4.0,0.8,0.8,0.8
1688334,"Will Bitcoin reach $76,000 March 23-29?",2026-03-24 23:00:00.000000 UTC,4,438.0,0.79,0.77,0.81
1688334,"Will Bitcoin reach $76,000 March 23-29?",2026-03-25 00:00:00.000000 UTC,9,55.0,0.21,0.19,0.24
1688334,"Will Bitcoin reach $76,000 March 23-29?",2026-03-25 02:00:00.000000 UTC,1,7.0,0.19,0.19,0.19
1688334,"Will Bitcoin reach $76,000 March 23-29?",2026-03-25 03:00:00.000000 UTC,1,4.0,0.79,0.79,0.79
1688334,"Will Bitcoin reach $76,000 March 23-29?",2026-03-25 04:00:00.000000 UTC,1,132.0,0.79,0.79,0.79
1688334,"Will Bitcoin reach $76,000 March 23-29?",2026-03-25 05:00:00.000000 UTC,5,436.0,0.668,0.21,0.79
1688334,"Will Bitcoin reach $76,000 March 23-29?",2026-03-25 06:00:00.000000 UTC,6,84.0,0.327,0.23,0.77
1688334,"Will Bitcoin reach $76,000 March 23-29?",2026-03-25 07:00:00.000000 UTC,8,138.0,0.426,0.22,0.77
1688334,"Will Bitcoin reach $76,000 March 23-29?",2026-03-25 08:00:00.000000 UTC,15,250.0,0.379,0.22,0.76
1688334,"Will Bitcoin reach $76,000 March 23-29?",2026-03-25 09:00:00.000000 UTC,4,170.0,0.235,0.23,0.24
1688334,"Will Bitcoin reach $76,000 March 23-29?",2026-03-25 10:00:00.000000 UTC,11,303.0,0.24,0.23,0.25
1688334,"Will Bitcoin reach $76,000 March 23-29?",2026-03-25 11:00:00.000000 UTC,15,674.0,0.333,0.25,0.72
1688334,"Will Bitcoin reach $76,000 March 23-29?",2026-03-25 12:00:00.000000 UTC,24,297.0,0.548,0.21,0.79
1688334,"Will Bitcoin reach $76,000 March 23-29?",2026-03-25 13:00:00.000000 UTC,36,1055.0,0.461,0.24,0.76
1688334,"Will Bitcoin reach $76,000 March 23-29?",2026-03-25 14:00:00.000000 UTC,30,623.0,0.282,0.21,0.77
1688334,"Will Bitcoin reach $76,000 March 23-29?",2026-03-25 15:00:00.000000 UTC,13,260.0,0.242,0.17,0.83
1688334,"Will Bitcoin reach $76,000 March 23-29?",2026-03-25 16:00:00.000000 UTC,39,786.0,0.583,0.19,0.82
1688334,"Will Bitcoin reach $76,000 March 23-29?",2026-03-25 17:00:00.000000 UTC,20,1025.0,0.677,0.17,0.82
1688334,"Will Bitcoin reach $76,000 March 23-29?",2026-03-25 18:00:00.000000 UTC,5,41.0,0.57,0.19,0.83
1688334,"Will Bitcoin reach $76,000 March 23-29?",2026-03-25 19:00:00.000000 UTC,107,1351.0,0.376,0.15,0.84
1688334,"Will Bitcoin reach $76,000 March 23-29?",2026-03-25 20:00:00.000000 UTC,21,54.0,0.151,0.15,0.17
1688334,"Will Bitcoin reach $76,000 March 23-29?",2026-03-25 21:00:00.000000 UTC,13,88.0,0.169,0.16,0.18
1688334,"Will Bitcoin reach $76,000 March 23-29?",2026-03-25 22:00:00.000000 UTC,20,643.0,0.406,0.17,0.83
1688334,"Will Bitcoin reach $76,000 March 23-29?",2026-03-25 23:00:00.000000 UTC,9,184.0,0.397,0.18,0.82
1688334,"Will Bitcoin reach $76,000 March 23-29?",2026-03-26 00:00:00.000000 UTC,13,420.0,0.664,0.18,0.82
1688334,"Will Bitcoin reach $76,000 March 23-29?",2026-03-26 01:00:00.000000 UTC,1,18.0,0.18,0.18,0.18
1688334,"Will Bitcoin reach $76,000 March 23-29?",2026-03-26 02:00:00.000000 UTC,17,545.0,0.28,0.13,0.82
1688334,"Will Bitcoin reach $76,000 March 23-29?",2026-03-26 03:00:00.000000 UTC,15,386.0,0.425,0.13,0.86
1688334,"Will Bitcoin reach $76,000 March 23-29?",2026-03-26 04:00:00.000000 UTC,23,254.0,0.327,0.13,0.86
1688334,"Will Bitcoin reach $76,000 March 23-29?",2026-03-26 05:00:00.000000 UTC,16,177.0,0.348,0.1,0.87
1688334,"Will Bitcoin reach $76,000 March 23-29?",2026-03-26 06:00:00.000000 UTC,2,2.0,0.1,0.09,0.11
1688334,"Will Bitcoin reach $76,000 March 23-29?",2026-03-26 07:00:00.000000 UTC,4,1.0,0.103,0.09,0.11
1688334,"Will Bitcoin reach $76,000 March 23-29?",2026-03-26 08:00:00.000000 UTC,16,129.0,0.143,0.08,0.88
1688334,"Will Bitcoin reach $76,000 March 23-29?",2026-03-26 09:00:00.000000 UTC,14,97.0,0.316,0.06,0.94
1688334,"Will Bitcoin reach $76,000 March 23-29?",2026-03-26 10:00:00.000000 UTC,3,104.0,0.357,0.07,0.93
1688334,"Will Bitcoin reach $76,000 March 23-29?",2026-03-26 11:00:00.000000 UTC,21,180.0,0.438,0.05,0.95
1688334,"Will Bitcoin reach $76,000 March 23-29?",2026-03-26 12:00:00.000000 UTC,6,33.0,0.065,0.06,0.07
1688334,"Will Bitcoin reach $76,000 March 23-29?",2026-03-26 13:00:00.000000 UTC,12,47.0,0.062,0.05,0.07
1688334,"Will Bitcoin reach $76,000 March 23-29?",2026-03-26 14:00:00.000000 UTC,32,664.0,0.209,0.06,0.93
1688334,"Will Bitcoin reach $76,000 March 23-29?",2026-03-26 15:00:00.000000 UTC,21,616.0,0.261,0.03,0.97
1688334,"Will Bitcoin reach $76,000 March 23-29?",2026-03-26 16:00:00.000000 UTC,8,258.0,0.386,0.042,0.959
1688334,"Will Bitcoin reach $76,000 March 23-29?",2026-03-26 17:00:00.000000 UTC,5,94.0,0.408,0.04,0.959
1688334,"Will Bitcoin reach $76,000 March 23-29?",2026-03-26 18:00:00.000000 UTC,6,17.0,0.038,0.033,0.04
1688334,"Will Bitcoin reach $76,000 March 23-29?",2026-03-26 19:00:00.000000 UTC,6,29.0,0.188,0.03,0.969
1688334,"Will Bitcoin reach $76,000 March 23-29?",2026-03-26 20:00:00.000000 UTC,10,235.0,0.59,0.032,0.964
1688334,"Will Bitcoin reach $76,000 March 23-29?",2026-03-26 21:00:00.000000 UTC,2,6.0,0.5,0.045,0.956
1688334,"Will Bitcoin reach $76,000 March 23-29?",2026-03-26 22:00:00.000000 UTC,2,4.0,0.044,0.044,0.044
1688334,"Will Bitcoin reach $76,000 March 23-29?",2026-03-26 23:00:00.000000 UTC,2,96.0,0.502,0.04,0.964
1688334,"Will Bitcoin reach $76,000 March 23-29?",2026-03-27 00:00:00.000000 UTC,27,1527.0,0.343,0.022,0.976
1688334,"Will Bitcoin reach $76,000 March 23-29?",2026-03-27 01:00:00.000000 UTC,26,1011.0,0.391,0.027,0.972
1688334,"Will Bitcoin reach $76,000 March 23-29?",2026-03-27 02:00:00.000000 UTC,8,207.0,0.383,0.032,0.968
1688334,"Will Bitcoin reach $76,000 March 23-29?",2026-03-27 03:00:00.000000 UTC,2,147.0,0.5,0.033,0.967
1688334,"Will Bitcoin reach $76,000 March 23-29?",2026-03-27 04:00:00.000000 UTC,8,463.0,0.154,0.035,0.96
1688334,"Will Bitcoin reach $76,000 March 23-29?",2026-03-27 05:00:00.000000 UTC,5,399.0,0.408,0.036,0.96
1688334,"Will Bitcoin reach $76,000 March 23-29?",2026-03-27 06:00:00.000000 UTC,26,301.0,0.21,0.024,0.975
1688334,"Will Bitcoin reach $76,000 March 23-29?",2026-03-27 07:00:00.000000 UTC,14,249.0,0.295,0.019,0.981
1688334,"Will Bitcoin reach $76,000 March 23-29?",2026-03-27 08:00:00.000000 UTC,46,2689.0,0.498,0.009,0.992
1688334,"Will Bitcoin reach $76,000 March 23-29?",2026-03-27 09:00:00.000000 UTC,8,1308.0,0.621,0.015,0.986
1688334,"Will Bitcoin reach $76,000 March 23-29?",2026-03-27 10:00:00.000000 UTC,4,2.0,0.011,0.005,0.014
1688334,"Will Bitcoin reach $76,000 March 23-29?",2026-03-27 11:00:00.000000 UTC,13,10.0,0.011,0.009,0.014
1688334,"Will Bitcoin reach $76,000 March 23-29?",2026-03-27 12:00:00.000000 UTC,3,3.0,0.01,0.009,0.01
1688334,"Will Bitcoin reach $76,000 March 23-29?",2026-03-27 13:00:00.000000 UTC,37,3423.0,0.806,0.009,0.992
1688334,"Will Bitcoin reach $76,000 March 23-29?",2026-03-27 14:00:00.000000 UTC,47,1166.0,0.72,0.008,0.993
1688334,"Will Bitcoin reach $76,000 March 23-29?",2026-03-27 15:00:00.000000 UTC,11,182.0,0.814,0.008,0.993
1688334,"Will Bitcoin reach $76,000 March 23-29?",2026-03-27 16:00:00.000000 UTC,12,899.0,0.5,0.008,0.992
1688334,"Will Bitcoin reach $76,000 March 23-29?",2026-03-27 17:00:00.000000 UTC,1,0.0,0.008,0.008,0.008
1688334,"Will Bitcoin reach $76,000 March 23-29?",2026-03-27 18:00:00.000000 UTC,7,447.0,0.851,0.007,0.993
1688334,"Will Bitcoin reach $76,000 March 23-29?",2026-03-27 19:00:00.000000 UTC,2,1.0,0.009,0.009,0.009
1688334,"Will Bitcoin reach $76,000 March 23-29?",2026-03-27 20:00:00.000000 UTC,11,108.0,0.098,0.006,0.994
1688334,"Will Bitcoin reach $76,000 March 23-29?",2026-03-27 21:00:00.000000 UTC,4,13.0,0.253,0.006,0.99
1688334,"Will Bitcoin reach $76,000 March 23-29?",2026-03-27 22:00:00.000000 UTC,7,2.0,0.147,0.005,0.993
1688334,"Will Bitcoin reach $76,000 March 23-29?",2026-03-27 23:00:00.000000 UTC,10,105.0,0.699,0.005,0.996
1688334,"Will Bitcoin reach $76,000 March 23-29?",2026-03-28 00:00:00.000000 UTC,9,343.0,0.335,0.006,0.993
1688334,"Will Bitcoin reach $76,000 March 23-29?",2026-03-28 01:00:00.000000 UTC,3,0.0,0.006,0.006,0.006
1688334,"Will Bitcoin reach $76,000 March 23-29?",2026-03-28 03:00:00.000000 UTC,4,139.0,0.746,0.006,0.992
1688334,"Will Bitcoin reach $76,000 March 23-29?",2026-03-28 04:00:00.000000 UTC,6,119.0,0.171,0.005,0.993
1688334,"Will Bitcoin reach $76,000 March 23-29?",2026-03-28 05:00:00.000000 UTC,2,1.0,0.005,0.005,0.006
1688334,"Will Bitcoin reach $76,000 March 23-29?",2026-03-28 06:00:00.000000 UTC,11,175.0,0.725,0.005,0.995
1688334,"Will Bitcoin reach $76,000 March 23-29?",2026-03-28 07:00:00.000000 UTC,42,398.0,0.12,0.001,0.997
1688334,"Will Bitcoin reach $76,000 March 23-29?",2026-03-28 08:00:00.000000 UTC,4,1.0,0.001,0.001,0.001
1688334,"Will Bitcoin reach $76,000 March 23-29?",2026-03-28 09:00:00.000000 UTC,5,2.0,0.002,0.002,0.002
1688334,"Will Bitcoin reach $76,000 March 23-29?",2026-03-28 10:00:00.000000 UTC,4,3.0,0.002,0.001,0.002
1688334,"Will Bitcoin reach $76,000 March 23-29?",2026-03-28 11:00:00.000000 UTC,4,1.0,0.002,0.001,0.002
1688334,"Will Bitcoin reach $76,000 March 23-29?",2026-03-28 13:00:00.000000 UTC,23,4218.0,0.434,0.002,0.994
1688334,"Will Bitcoin reach $76,000 March 23-29?",2026-03-28 14:00:00.000000 UTC,7,499.0,0.57,0.002,0.997
1688334,"Will Bitcoin reach $76,000 March 23-29?",2026-03-28 15:00:00.000000 UTC,3,0.0,0.003,0.003,0.003
1688334,"Will Bitcoin reach $76,000 March 23-29?",2026-03-28 16:00:00.000000 UTC,3,0.0,0.001,0.001,0.002
1688334,"Will Bitcoin reach $76,000 March 23-29?",2026-03-28 17:00:00.000000 UTC,1,0.0,0.003,0.003,0.003
1688334,"Will Bitcoin reach $76,000 March 23-29?",2026-03-28 18:00:00.000000 UTC,5,210.0,0.998,0.998,0.998
1688334,"Will Bitcoin reach $76,000 March 23-29?",2026-03-28 23:00:00.000000 UTC,3,2.0,0.333,0.001,0.997
1688334,"Will Bitcoin reach $76,000 March 23-29?",2026-03-29 01:00:00.000000 UTC,7,284.0,0.57,0.001,0.998
1688334,"Will Bitcoin reach $76,000 March 23-29?",2026-03-29 02:00:00.000000 UTC,5,169.0,0.2,0.001,0.997
1688334,"Will Bitcoin reach $76,000 March 23-29?",2026-03-29 03:00:00.000000 UTC,2,0.0,0.001,0.001,0.001
1688334,"Will Bitcoin reach $76,000 March 23-29?",2026-03-29 04:00:00.000000 UTC,2,0.0,0.001,0.001,0.001
1688334,"Will Bitcoin reach $76,000 March 23-29?",2026-03-29 05:00:00.000000 UTC,8,3.0,0.126,0.001,0.997
1688334,"Will Bitcoin reach $76,000 March 23-29?",2026-03-29 06:00:00.000000 UTC,10,3.0,0.001,0.001,0.003
1688334,"Will Bitcoin reach $76,000 March 23-29?",2026-03-29 07:00:00.000000 UTC,16,102.0,0.064,0.001,0.998
1688334,"Will Bitcoin reach $76,000 March 23-29?",2026-03-29 08:00:00.000000 UTC,20,3.0,0.001,0.001,0.002
1688334,"Will Bitcoin reach $76,000 March 23-29?",2026-03-29 09:00:00.000000 UTC,5,0.0,0.001,0.001,0.002
1688334,"Will Bitcoin reach $76,000 March 23-29?",2026-03-29 10:00:00.000000 UTC,25,904.0,0.161,0.001,0.999
1688334,"Will Bitcoin reach $76,000 March 23-29?",2026-03-29 12:00:00.000000 UTC,2,0.0,0.001,0.001,0.001
1688334,"Will Bitcoin reach $76,000 March 23-29?",2026-03-29 19:00:00.000000 UTC,1,0.0,0.001,0.001,0.001
1688334,"Will Bitcoin reach $76,000 March 23-29?",2026-03-29 23:00:00.000000 UTC,1,0.0,0.001,0.001,0.001
1688334,"Will Bitcoin reach $76,000 March 23-29?",2026-03-30 00:00:00.000000 UTC,1,0.0,0.001,0.001,0.001
1688334,"Will Bitcoin reach $76,000 March 23-29?",2026-03-30 01:00:00.000000 UTC,1,0.0,0.001,0.001,0.001
1688336,"Will Bitcoin reach $74,000 March 23-29?",2026-03-23 04:00:00.000000 UTC,1,3.0,0.5,0.5,0.5
1688336,"Will Bitcoin reach $74,000 March 23-29?",2026-03-23 06:00:00.000000 UTC,3,53.0,0.26,0.22,0.28
1688336,"Will Bitcoin reach $74,000 March 23-29?",2026-03-23 07:00:00.000000 UTC,2,98.0,0.755,0.74,0.77
1688336,"Will Bitcoin reach $74,000 March 23-29?",2026-03-23 08:00:00.000000 UTC,7,228.0,0.521,0.29,0.7
1688336,"Will Bitcoin reach $74,000 March 23-29?",2026-03-23 09:00:00.000000 UTC,6,74.0,0.272,0.27,0.28
1688336,"Will Bitcoin reach $74,000 March 23-29?",2026-03-23 10:00:00.000000 UTC,1,4.0,0.71,0.71,0.71
1688336,"Will Bitcoin reach $74,000 March 23-29?",2026-03-23 11:00:00.000000 UTC,31,279.0,0.518,0.28,0.69
1688336,"Will Bitcoin reach $74,000 March 23-29?",2026-03-23 12:00:00.000000 UTC,11,549.0,0.465,0.39,0.54
1688336,"Will Bitcoin reach $74,000 March 23-29?",2026-03-23 13:00:00.000000 UTC,11,990.0,0.577,0.57,0.59
1688336,"Will Bitcoin reach $74,000 March 23-29?",2026-03-23 14:00:00.000000 UTC,21,652.0,0.51,0.35,0.63
1688336,"Will Bitcoin reach $74,000 March 23-29?",2026-03-23 15:00:00.000000 UTC,44,855.0,0.518,0.4,0.61
1688336,"Will Bitcoin reach $74,000 March 23-29?",2026-03-23 16:00:00.000000 UTC,15,460.0,0.465,0.44,0.56
1688336,"Will Bitcoin reach $74,000 March 23-29?",2026-03-23 17:00:00.000000 UTC,3,60.0,0.49,0.44,0.52
1688336,"Will Bitcoin reach $74,000 March 23-29?",2026-03-23 18:00:00.000000 UTC,2,18.0,0.5,0.47,0.53
1688336,"Will Bitcoin reach $74,000 March 23-29?",2026-03-23 19:00:00.000000 UTC,7,47.0,0.501,0.47,0.55
1688336,"Will Bitcoin reach $74,000 March 23-29?",2026-03-23 20:00:00.000000 UTC,8,384.0,0.516,0.48,0.54
1688336,"Will Bitcoin reach $74,000 March 23-29?",2026-03-23 21:00:00.000000 UTC,2,9.0,0.5,0.48,0.52
1688336,"Will Bitcoin reach $74,000 March 23-29?",2026-03-23 22:00:00.000000 UTC,1,46.0,0.46,0.46,0.46
1688336,"Will Bitcoin reach $74,000 March 23-29?",2026-03-23 23:00:00.000000 UTC,4,102.0,0.475,0.44,0.51
1688336,"Will Bitcoin reach $74,000 March 23-29?",2026-03-24 00:00:00.000000 UTC,19,423.0,0.494,0.44,0.55
1688336,"Will Bitcoin reach $74,000 March 23-29?",2026-03-24 01:00:00.000000 UTC,8,65.0,0.505,0.43,0.56
1688336,"Will Bitcoin reach $74,000 March 23-29?",2026-03-24 02:00:00.000000 UTC,2,53.0,0.495,0.43,0.56
1688336,"Will Bitcoin reach $74,000 March 23-29?",2026-03-24 03:00:00.000000 UTC,9,140.0,0.466,0.42,0.56
1688336,"Will Bitcoin reach $74,000 March 23-29?",2026-03-24 04:00:00.000000 UTC,9,422.0,0.473,0.41,0.56
1688336,"Will Bitcoin reach $74,000 March 23-29?",2026-03-24 05:00:00.000000 UTC,4,29.0,0.388,0.37,0.4
1688336,"Will Bitcoin reach $74,000 March 23-29?",2026-03-24 07:00:00.000000 UTC,2,17.0,0.49,0.48,0.5
1688336,"Will Bitcoin reach $74,000 March 23-29?",2026-03-24 08:00:00.000000 UTC,14,194.0,0.478,0.45,0.52
1688336,"Will Bitcoin reach $74,000 March 23-29?",2026-03-24 09:00:00.000000 UTC,21,236.0,0.489,0.48,0.51
1688336,"Will Bitcoin reach $74,000 March 23-29?",2026-03-24 10:00:00.000000 UTC,2,13.0,0.495,0.45,0.54
1688336,"Will Bitcoin reach $74,000 March 23-29?",2026-03-24 11:00:00.000000 UTC,6,21.0,0.478,0.44,0.56
1688336,"Will Bitcoin reach $74,000 March 23-29?",2026-03-24 12:00:00.000000 UTC,4,50.0,0.5,0.5,0.5
1688336,"Will Bitcoin reach $74,000 March 23-29?",2026-03-24 13:00:00.000000 UTC,18,301.0,0.479,0.37,0.59
1688336,"Will Bitcoin reach $74,000 March 23-29?",2026-03-24 14:00:00.000000 UTC,57,1063.0,0.465,0.3,0.66
1688336,"Will Bitcoin reach $74,000 March 23-29?",2026-03-24 15:00:00.000000 UTC,15,418.0,0.563,0.35,0.65
1688336,"Will Bitcoin reach $74,000 March 23-29?",2026-03-24 16:00:00.000000 UTC,32,995.0,0.429,0.28,0.7
1688336,"Will Bitcoin reach $74,000 March 23-29?",2026-03-24 17:00:00.000000 UTC,32,401.0,0.376,0.24,0.73
1688336,"Will Bitcoin reach $74,000 March 23-29?",2026-03-24 18:00:00.000000 UTC,15,1405.0,0.537,0.26,0.73
1688336,"Will Bitcoin reach $74,000 March 23-29?",2026-03-24 19:00:00.000000 UTC,3,8.0,0.57,0.28,0.74
1688336,"Will Bitcoin reach $74,000 March 23-29?",2026-03-24 20:00:00.000000 UTC,12,269.0,0.519,0.26,0.74
1688336,"Will Bitcoin reach $74,000 March 23-29?",2026-03-24 21:00:00.000000 UTC,22,387.0,0.546,0.33,0.67
1688336,"Will Bitcoin reach $74,000 March 23-29?",2026-03-24 22:00:00.000000 UTC,6,109.0,0.495,0.36,0.65
1688336,"Will Bitcoin reach $74,000 March 23-29?",2026-03-24 23:00:00.000000 UTC,19,326.0,0.515,0.41,0.58
1688336,"Will Bitcoin reach $74,000 March 23-29?",2026-03-25 00:00:00.000000 UTC,22,223.0,0.527,0.39,0.6
1688336,"Will Bitcoin reach $74,000 March 23-29?",2026-03-25 01:00:00.000000 UTC,91,2806.0,0.454,0.41,0.6
1688336,"Will Bitcoin reach $74,000 March 23-29?",2026-03-25 02:00:00.000000 UTC,12,996.0,0.414,0.37,0.62
1688336,"Will Bitcoin reach $74,000 March 23-29?",2026-03-25 03:00:00.000000 UTC,5,26.0,0.488,0.39,0.61
1688336,"Will Bitcoin reach $74,000 March 23-29?",2026-03-25 04:00:00.000000 UTC,1,1.0,0.6,0.6,0.6
1688336,"Will Bitcoin reach $74,000 March 23-29?",2026-03-25 05:00:00.000000 UTC,23,498.0,0.477,0.45,0.53
1688336,"Will Bitcoin reach $74,000 March 23-29?",2026-03-25 06:00:00.000000 UTC,27,387.0,0.473,0.45,0.49
1688336,"Will Bitcoin reach $74,000 March 23-29?",2026-03-25 07:00:00.000000 UTC,22,140.0,0.48,0.43,0.57
1688336,"Will Bitcoin reach $74,000 March 23-29?",2026-03-25 08:00:00.000000 UTC,19,277.0,0.487,0.42,0.57
1688336,"Will Bitcoin reach $74,000 March 23-29?",2026-03-25 09:00:00.000000 UTC,63,541.0,0.494,0.44,0.52
1688336,"Will Bitcoin reach $74,000 March 23-29?",2026-03-25 10:00:00.000000 UTC,20,376.0,0.497,0.48,0.52
1688336,"Will Bitcoin reach $74,000 March 23-29?",2026-03-25 11:00:00.000000 UTC,47,427.0,0.52,0.42,0.59
1688336,"Will Bitcoin reach $74,000 March 23-29?",2026-03-25 12:00:00.000000 UTC,453,807.0,0.545,0.45,0.57
1688336,"Will Bitcoin reach $74,000 March 23-29?",2026-03-25 13:00:00.000000 UTC,70,781.0,0.484,0.41,0.59
1688336,"Will Bitcoin reach $74,000 March 23-29?",2026-03-25 14:00:00.000000 UTC,45,1179.0,0.489,0.46,0.54
1688336,"Will Bitcoin reach $74,000 March 23-29?",2026-03-25 15:00:00.000000 UTC,57,1064.0,0.491,0.38,0.63
1688336,"Will Bitcoin reach $74,000 March 23-29?",2026-03-25 16:00:00.000000 UTC,27,451.0,0.497,0.38,0.62
1688336,"Will Bitcoin reach $74,000 March 23-29?",2026-03-25 17:00:00.000000 UTC,35,297.0,0.541,0.39,0.65
1688336,"Will Bitcoin reach $74,000 March 23-29?",2026-03-25 18:00:00.000000 UTC,249,2897.0,0.512,0.35,0.65
1688336,"Will Bitcoin reach $74,000 March 23-29?",2026-03-25 19:00:00.000000 UTC,133,2163.0,0.563,0.36,0.65
1688336,"Will Bitcoin reach $74,000 March 23-29?",2026-03-25 20:00:00.000000 UTC,29,388.0,0.462,0.34,0.65
1688336,"Will Bitcoin reach $74,000 March 23-29?",2026-03-25 21:00:00.000000 UTC,62,839.0,0.505,0.38,0.61
1688336,"Will Bitcoin reach $74,000 March 23-29?",2026-03-25 22:00:00.000000 UTC,55,1093.0,0.505,0.38,0.6
1688336,"Will Bitcoin reach $74,000 March 23-29?",2026-03-25 23:00:00.000000 UTC,8,41.0,0.441,0.42,0.56
1688336,"Will Bitcoin reach $74,000 March 23-29?",2026-03-26 00:00:00.000000 UTC,40,1163.0,0.459,0.4,0.59
1688336,"Will Bitcoin reach $74,000 March 23-29?",2026-03-26 01:00:00.000000 UTC,9,153.0,0.54,0.42,0.58
1688336,"Will Bitcoin reach $74,000 March 23-29?",2026-03-26 02:00:00.000000 UTC,71,1395.0,0.435,0.33,0.67
1688336,"Will Bitcoin reach $74,000 March 23-29?",2026-03-26 03:00:00.000000 UTC,30,519.0,0.423,0.33,0.67
1688336,"Will Bitcoin reach $74,000 March 23-29?",2026-03-26 04:00:00.000000 UTC,9,89.0,0.516,0.32,0.68
1688336,"Will Bitcoin reach $74,000 March 23-29?",2026-03-26 05:00:00.000000 UTC,36,334.0,0.403,0.25,0.72
1688336,"Will Bitcoin reach $74,000 March 23-29?",2026-03-26 06:00:00.000000 UTC,9,41.0,0.352,0.22,0.78
1688336,"Will Bitcoin reach $74,000 March 23-29?",2026-03-26 07:00:00.000000 UTC,12,43.0,0.455,0.23,0.79
1688336,"Will Bitcoin reach $74,000 March 23-29?",2026-03-26 08:00:00.000000 UTC,31,416.0,0.274,0.19,0.78
1688336,"Will Bitcoin reach $74,000 March 23-29?",2026-03-26 09:00:00.000000 UTC,38,2795.0,0.423,0.16,0.84
1688336,"Will Bitcoin reach $74,000 March 23-29?",2026-03-26 10:00:00.000000 UTC,20,1461.0,0.434,0.17,0.83
1688336,"Will Bitcoin reach $74,000 March 23-29?",2026-03-26 11:00:00.000000 UTC,29,459.0,0.316,0.14,0.86
1688336,"Will Bitcoin reach $74,000 March 23-29?",2026-03-26 12:00:00.000000 UTC,6,26.0,0.383,0.15,0.85
1688336,"Will Bitcoin reach $74,000 March 23-29?",2026-03-26 13:00:00.000000 UTC,26,980.0,0.502,0.15,0.85
1688336,"Will Bitcoin reach $74,000 March 23-29?",2026-03-26 14:00:00.000000 UTC,12,304.0,0.615,0.17,0.86
1688336,"Will Bitcoin reach $74,000 March 23-29?",2026-03-26 15:00:00.000000 UTC,28,133.0,0.248,0.09,0.91
1688336,"Will Bitcoin reach $74,000 March 23-29?",2026-03-26 16:00:00.000000 UTC,6,22.0,0.105,0.09,0.12
1688336,"Will Bitcoin reach $74,000 March 23-29?",2026-03-26 17:00:00.000000 UTC,38,216.0,0.279,0.07,0.91
1688336,"Will Bitcoin reach $74,000 March 23-29?",2026-03-26 18:00:00.000000 UTC,33,1314.0,0.458,0.07,0.92
1688336,"Will Bitcoin reach $74,000 March 23-29?",2026-03-26 19:00:00.000000 UTC,6,93.0,0.635,0.09,0.92
1688336,"Will Bitcoin reach $74,000 March 23-29?",2026-03-26 20:00:00.000000 UTC,21,768.0,0.76,0.1,0.9
1688336,"Will Bitcoin reach $74,000 March 23-29?",2026-03-26 21:00:00.000000 UTC,19,1350.0,0.521,0.11,0.89
1688336,"Will Bitcoin reach $74,000 March 23-29?",2026-03-26 22:00:00.000000 UTC,4,71.0,0.685,0.1,0.88
1688336,"Will Bitcoin reach $74,000 March 23-29?",2026-03-26 23:00:00.000000 UTC,2,178.0,0.885,0.88,0.89
1688336,"Will Bitcoin reach $74,000 March 23-29?",2026-03-27 00:00:00.000000 UTC,43,2782.0,0.479,0.06,0.93
1688336,"Will Bitcoin reach $74,000 March 23-29?",2026-03-27 01:00:00.000000 UTC,44,1518.0,0.425,0.08,0.92
1688336,"Will Bitcoin reach $74,000 March 23-29?",2026-03-27 02:00:00.000000 UTC,6,75.0,0.362,0.08,0.91
1688336,"Will Bitcoin reach $74,000 March 23-29?",2026-03-27 03:00:00.000000 UTC,3,18.0,0.087,0.08,0.09
1688336,"Will Bitcoin reach $74,000 March 23-29?",2026-03-27 04:00:00.000000 UTC,8,89.0,0.498,0.07,0.92
1688336,"Will Bitcoin reach $74,000 March 23-29?",2026-03-27 05:00:00.000000 UTC,3,6.0,0.08,0.08,0.08
1688336,"Will Bitcoin reach $74,000 March 23-29?",2026-03-27 06:00:00.000000 UTC,7,34.0,0.19,0.06,0.93
1688336,"Will Bitcoin reach $74,000 March 23-29?",2026-03-27 07:00:00.000000 UTC,17,253.0,0.521,0.06,0.93
1688336,"Will Bitcoin reach $74,000 March 23-29?",2026-03-27 08:00:00.000000 UTC,16,92.0,0.152,0.021,0.965
1688336,"Will Bitcoin reach $74,000 March 23-29?",2026-03-27 09:00:00.000000 UTC,8,177.0,0.502,0.03,0.978
1688336,"Will Bitcoin reach $74,000 March 23-29?",2026-03-27 10:00:00.000000 UTC,45,55.0,0.124,0.01,0.985
1688336,"Will Bitcoin reach $74,000 March 23-29?",2026-03-27 11:00:00.000000 UTC,31,1371.0,0.265,0.013,0.984
1688336,"Will Bitcoin reach $74,000 March 23-29?",2026-03-27 12:00:00.000000 UTC,79,15453.0,0.282,0.01,0.989
1688336,"Will Bitcoin reach $74,000 March 23-29?",2026-03-27 13:00:00.000000 UTC,32,1664.0,0.589,0.019,0.978
1688336,"Will Bitcoin reach $74,000 March 23-29?",2026-03-27 14:00:00.000000 UTC,47,568.0,0.264,0.012,0.986
1688336,"Will Bitcoin reach $74,000 March 23-29?",2026-03-27 15:00:00.000000 UTC,66,484.0,0.337,0.01,0.99
1688336,"Will Bitcoin reach $74,000 March 23-29?",2026-03-27 16:00:00.000000 UTC,46,792.0,0.266,0.009,0.99
1688336,"Will Bitcoin reach $74,000 March 23-29?",2026-03-27 17:00:00.000000 UTC,4,8.0,0.013,0.011,0.015
1688336,"Will Bitcoin reach $74,000 March 23-29?",2026-03-27 18:00:00.000000 UTC,9,38.0,0.119,0.007,0.988
1688336,"Will Bitcoin reach $74,000 March 23-29?",2026-03-27 19:00:00.000000 UTC,38,399.0,0.115,0.009,0.994
1688336,"Will Bitcoin reach $74,000 March 23-29?",2026-03-27 20:00:00.000000 UTC,25,1331.0,0.48,0.006,0.993
1688336,"Will Bitcoin reach $74,000 March 23-29?",2026-03-27 21:00:00.000000 UTC,18,400.0,0.5,0.008,0.995
1688336,"Will Bitcoin reach $74,000 March 23-29?",2026-03-27 22:00:00.000000 UTC,4,6.0,0.5,0.006,0.993
1688336,"Will Bitcoin reach $74,000 March 23-29?",2026-03-27 23:00:00.000000 UTC,16,1425.0,0.867,0.01,0.99
1688336,"Will Bitcoin reach $74,000 March 23-29?",2026-03-28 00:00:00.000000 UTC,5,201.0,0.206,0.007,0.991
1688336,"Will Bitcoin reach $74,000 March 23-29?",2026-03-28 01:00:00.000000 UTC,5,137.0,0.797,0.007,0.994
1688336,"Will Bitcoin reach $74,000 March 23-29?",2026-03-28 02:00:00.000000 UTC,2,1.0,0.006,0.006,0.006
1688336,"Will Bitcoin reach $74,000 March 23-29?",2026-03-28 03:00:00.000000 UTC,2,99.0,0.498,0.007,0.99
1688336,"Will Bitcoin reach $74,000 March 23-29?",2026-03-28 04:00:00.000000 UTC,12,235.0,0.254,0.005,0.995
1688336,"Will Bitcoin reach $74,000 March 23-29?",2026-03-28 05:00:00.000000 UTC,11,541.0,0.277,0.006,0.994
1688336,"Will Bitcoin reach $74,000 March 23-29?",2026-03-28 07:00:00.000000 UTC,25,1823.0,0.715,0.009,0.991
1688336,"Will Bitcoin reach $74,000 March 23-29?",2026-03-28 08:00:00.000000 UTC,7,23.0,0.148,0.008,0.989
1688336,"Will Bitcoin reach $74,000 March 23-29?",2026-03-28 09:00:00.000000 UTC,31,384.0,0.135,0.006,0.992
1688336,"Will Bitcoin reach $74,000 March 23-29?",2026-03-28 10:00:00.000000 UTC,18,14.0,0.061,0.006,0.993
1688336,"Will Bitcoin reach $74,000 March 23-29?",2026-03-28 11:00:00.000000 UTC,3,551.0,0.993,0.992,0.993
1688336,"Will Bitcoin reach $74,000 March 23-29?",2026-03-28 12:00:00.000000 UTC,1,0.0,0.006,0.006,0.006
1688336,"Will Bitcoin reach $74,000 March 23-29?",2026-03-28 13:00:00.000000 UTC,41,4147.0,0.727,0.006,0.993
1688336,"Will Bitcoin reach $74,000 March 23-29?",2026-03-28 14:00:00.000000 UTC,26,323.0,0.197,0.006,0.991
1688336,"Will Bitcoin reach $74,000 March 23-29?",2026-03-28 15:00:00.000000 UTC,3,300.0,0.99,0.99,0.991
1688336,"Will Bitcoin reach $74,000 March 23-29?",2026-03-28 16:00:00.000000 UTC,4,57.0,0.5,0.008,0.991
1688336,"Will Bitcoin reach $74,000 March 23-29?",2026-03-28 17:00:00.000000 UTC,25,2218.0,0.44,0.004,0.996
1688336,"Will Bitcoin reach $74,000 March 23-29?",2026-03-28 18:00:00.000000 UTC,20,303.0,0.102,0.003,0.996
1688336,"Will Bitcoin reach $74,000 March 23-29?",2026-03-28 19:00:00.000000 UTC,4,1.0,0.004,0.003,0.004
1688336,"Will Bitcoin reach $74,000 March 23-29?",2026-03-28 20:00:00.000000 UTC,1,299.0,0.997,0.997,0.997
1688336,"Will Bitcoin reach $74,000 March 23-29?",2026-03-28 21:00:00.000000 UTC,2,3.0,0.005,0.005,0.006
1688336,"Will Bitcoin reach $74,000 March 23-29?",2026-03-28 22:00:00.000000 UTC,2,0.0,0.005,0.005,0.005
1688336,"Will Bitcoin reach $74,000 March 23-29?",2026-03-28 23:00:00.000000 UTC,26,477.0,0.194,0.001,0.997
1688336,"Will Bitcoin reach $74,000 March 23-29?",2026-03-29 00:00:00.000000 UTC,3,1.0,0.002,0.001,0.002
1688336,"Will Bitcoin reach $74,000 March 23-29?",2026-03-29 01:00:00.000000 UTC,12,3892.0,0.667,0.001,0.999
1688336,"Will Bitcoin reach $74,000 March 23-29?",2026-03-29 04:00:00.000000 UTC,8,790.0,0.874,0.002,0.999
1688336,"Will Bitcoin reach $74,000 March 23-29?",2026-03-29 05:00:00.000000 UTC,5,145.0,0.6,0.002,0.999
1688336,"Will Bitcoin reach $74,000 March 23-29?",2026-03-29 06:00:00.000000 UTC,24,100.0,0.085,0.002,0.999
1688336,"Will Bitcoin reach $74,000 March 23-29?",2026-03-29 07:00:00.000000 UTC,5,5138.0,0.8,0.002,0.999
1688336,"Will Bitcoin reach $74,000 March 23-29?",2026-03-29 08:00:00.000000 UTC,14,938.0,0.501,0.002,0.999
1688336,"Will Bitcoin reach $74,000 March 23-29?",2026-03-29 09:00:00.000000 UTC,2,97.0,0.501,0.003,0.999
1688336,"Will Bitcoin reach $74,000 March 23-29?",2026-03-29 10:00:00.000000 UTC,23,3698.0,0.131,0.001,0.999
1688336,"Will Bitcoin reach $74,000 March 23-29?",2026-03-29 11:00:00.000000 UTC,3,986.0,0.667,0.003,0.999
1688336,"Will Bitcoin reach $74,000 March 23-29?",2026-03-29 12:00:00.000000 UTC,6,18.0,0.167,0.001,0.999
1688336,"Will Bitcoin reach $74,000 March 23-29?",2026-03-29 13:00:00.000000 UTC,1,0.0,0.001,0.001,0.001
1688336,"Will Bitcoin reach $74,000 March 23-29?",2026-03-29 16:00:00.000000 UTC,16,11660.0,0.373,0.001,0.999
1688336,"Will Bitcoin reach $74,000 March 23-29?",2026-03-29 17:00:00.000000 UTC,7,3.0,0.002,0.001,0.004
1688336,"Will Bitcoin reach $74,000 March 23-29?",2026-03-29 18:00:00.000000 UTC,11,1667.0,0.364,0.001,0.999
1688336,"Will Bitcoin reach $74,000 March 23-29?",2026-03-29 19:00:00.000000 UTC,1,103.0,0.999,0.999,0.999
1688336,"Will Bitcoin reach $74,000 March 23-29?",2026-03-29 21:00:00.000000 UTC,1,5.0,0.999,0.999,0.999
1688336,"Will Bitcoin reach $74,000 March 23-29?",2026-03-29 22:00:00.000000 UTC,2,1378.0,0.5,0.001,0.999
1688336,"Will Bitcoin reach $74,000 March 23-29?",2026-03-29 23:00:00.000000 UTC,6,4.0,0.001,0.001,0.001
1688336,"Will Bitcoin reach $74,000 March 23-29?",2026-03-30 00:00:00.000000 UTC,1,0.0,0.001,0.001,0.001
1770248,"Will Bitcoin reach $68,000 on March 29?",2026-03-29 06:00:00.000000 UTC,1,0.0,0.07,0.07,0.07
1770248,"Will Bitcoin reach $68,000 on March 29?",2026-03-29 07:00:00.000000 UTC,3,3.0,0.24,0.11,0.31
1770248,"Will Bitcoin reach $68,000 on March 29?",2026-03-29 08:00:00.000000 UTC,23,301.0,0.502,0.31,0.66
1770248,"Will Bitcoin reach $68,000 on March 29?",2026-03-29 09:00:00.000000 UTC,13,263.0,0.5,0.32,0.67
1770248,"Will Bitcoin reach $68,000 on March 29?",2026-03-29 10:00:00.000000 UTC,14,189.0,0.379,0.27,0.69
1770248,"Will Bitcoin reach $68,000 on March 29?",2026-03-29 11:00:00.000000 UTC,20,333.0,0.588,0.36,0.68
1770248,"Will Bitcoin reach $68,000 on March 29?",2026-03-29 12:00:00.000000 UTC,35,1764.0,0.554,0.3,0.68
1770248,"Will Bitcoin reach $68,000 on March 29?",2026-03-29 13:00:00.000000 UTC,27,205.0,0.414,0.24,0.73
1770248,"Will Bitcoin reach $68,000 on March 29?",2026-03-29 14:00:00.000000 UTC,27,717.0,0.553,0.23,0.76
1770248,"Will Bitcoin reach $68,000 on March 29?",2026-03-29 15:00:00.000000 UTC,21,221.0,0.388,0.18,0.8
1770248,"Will Bitcoin reach $68,000 on March 29?",2026-03-29 16:00:00.000000 UTC,12,92.0,0.388,0.18,0.8
1770248,"Will Bitcoin reach $68,000 on March 29?",2026-03-29 17:00:00.000000 UTC,83,1431.0,0.372,0.1,0.88
1770248,"Will Bitcoin reach $68,000 on March 29?",2026-03-29 18:00:00.000000 UTC,23,67.0,0.145,0.11,0.87
1770248,"Will Bitcoin reach $68,000 on March 29?",2026-03-29 19:00:00.000000 UTC,55,2875.0,0.17,0.09,0.9
1770248,"Will Bitcoin reach $68,000 on March 29?",2026-03-29 20:00:00.000000 UTC,71,934.0,0.382,0.09,0.87
1770248,"Will Bitcoin reach $68,000 on March 29?",2026-03-29 21:00:00.000000 UTC,46,325.0,0.323,0.09,0.9
1770248,"Will Bitcoin reach $68,000 on March 29?",2026-03-29 22:00:00.000000 UTC,94,781.0,0.161,0.015,0.98
1770248,"Will Bitcoin reach $68,000 on March 29?",2026-03-29 23:00:00.000000 UTC,38,1109.0,0.247,0.03,0.967
1770248,"Will Bitcoin reach $68,000 on March 29?",2026-03-30 00:00:00.000000 UTC,334,7737.0,0.521,0.014,0.98
1770248,"Will Bitcoin reach $68,000 on March 29?",2026-03-30 01:00:00.000000 UTC,78,4053.0,0.426,0.029,0.97
1770248,"Will Bitcoin reach $68,000 on March 29?",2026-03-30 02:00:00.000000 UTC,306,2684.0,0.38,0.007,0.99
1770248,"Will Bitcoin reach $68,000 on March 29?",2026-03-30 03:00:00.000000 UTC,266,9277.0,0.438,0.001,0.999
1786305,"Will Bitcoin reach $82,000 March 30-April 5?",2026-03-30 05:00:00.000000 UTC,5,11.0,0.246,0.001,0.9
1786305,"Will Bitcoin reach $82,000 March 30-April 5?",2026-03-30 06:00:00.000000 UTC,3,33.0,0.653,0.002,0.99
1786305,"Will Bitcoin reach $82,000 March 30-April 5?",2026-03-30 07:00:00.000000 UTC,1,1.0,0.009,0.009,0.009
1786305,"Will Bitcoin reach $82,000 March 30-April 5?",2026-03-30 10:00:00.000000 UTC,4,1.0,0.008,0.008,0.008
1786305,"Will Bitcoin reach $82,000 March 30-April 5?",2026-03-30 11:00:00.000000 UTC,2,7.0,0.498,0.007,0.99
1786305,"Will Bitcoin reach $82,000 March 30-April 5?",2026-03-30 13:00:00.000000 UTC,1,1.0,0.007,0.007,0.007
1786305,"Will Bitcoin reach $82,000 March 30-April 5?",2026-03-30 14:00:00.000000 UTC,7,651.0,0.71,0.006,0.993
1786305,"Will Bitcoin reach $82,000 March 30-April 5?",2026-03-30 15:00:00.000000 UTC,6,510.0,0.336,0.008,0.99
1786305,"Will Bitcoin reach $82,000 March 30-April 5?",2026-03-30 16:00:00.000000 UTC,9,1126.0,0.227,0.007,0.989
1786305,"Will Bitcoin reach $82,000 March 30-April 5?",2026-03-30 20:00:00.000000 UTC,2,70.0,0.497,0.009,0.986
1786305,"Will Bitcoin reach $82,000 March 30-April 5?",2026-03-30 21:00:00.000000 UTC,1,152.0,0.986,0.986,0.986
1786305,"Will Bitcoin reach $82,000 March 30-April 5?",2026-03-30 22:00:00.000000 UTC,3,412.0,0.986,0.986,0.986
1786305,"Will Bitcoin reach $82,000 March 30-April 5?",2026-03-30 23:00:00.000000 UTC,2,130.0,0.498,0.011,0.986
1786305,"Will Bitcoin reach $82,000 March 30-April 5?",2026-03-31 00:00:00.000000 UTC,80,190.0,0.133,0.009,0.992
1786305,"Will Bitcoin reach $82,000 March 30-April 5?",2026-03-31 01:00:00.000000 UTC,61,55.0,0.573,0.008,0.992
1786305,"Will Bitcoin reach $82,000 March 30-April 5?",2026-03-31 02:00:00.000000 UTC,2,1.0,0.502,0.012,0.992
1786305,"Will Bitcoin reach $82,000 March 30-April 5?",2026-03-31 03:00:00.000000 UTC,3,14.0,0.337,0.009,0.992
1786305,"Will Bitcoin reach $82,000 March 30-April 5?",2026-03-31 04:00:00.000000 UTC,2,46.0,0.5,0.008,0.992
1786305,"Will Bitcoin reach $82,000 March 30-April 5?",2026-03-31 05:00:00.000000 UTC,8,153.0,0.379,0.012,0.99
1786305,"Will Bitcoin reach $82,000 March 30-April 5?",2026-03-31 08:00:00.000000 UTC,10,85.0,0.304,0.009,0.991
1786305,"Will Bitcoin reach $82,000 March 30-April 5?",2026-03-31 09:00:00.000000 UTC,9,61.0,0.336,0.008,0.989
1786305,"Will Bitcoin reach $82,000 March 30-April 5?",2026-03-31 10:00:00.000000 UTC,6,152.0,0.499,0.009,0.989
1786305,"Will Bitcoin reach $82,000 March 30-April 5?",2026-03-31 11:00:00.000000 UTC,3,350.0,0.989,0.988,0.989
1786305,"Will Bitcoin reach $82,000 March 30-April 5?",2026-03-31 12:00:00.000000 UTC,6,417.0,0.825,0.01,0.989
1786305,"Will Bitcoin reach $82,000 March 30-April 5?",2026-03-31 13:00:00.000000 UTC,1,1.0,0.009,0.009,0.009
1786305,"Will Bitcoin reach $82,000 March 30-April 5?",2026-03-31 14:00:00.000000 UTC,28,43808.0,0.586,0.01,0.991
1786305,"Will Bitcoin reach $82,000 March 30-April 5?",2026-03-31 15:00:00.000000 UTC,8,122.0,0.01,0.01,0.011
1786305,"Will Bitcoin reach $82,000 March 30-April 5?",2026-03-31 16:00:00.000000 UTC,2,0.0,0.011,0.011,0.011
1786305,"Will Bitcoin reach $82,000 March 30-April 5?",2026-03-31 17:00:00.000000 UTC,8,1.0,0.015,0.011,0.017
1786305,"Will Bitcoin reach $82,000 March 30-April 5?",2026-03-31 18:00:00.000000 UTC,6,19.0,0.014,0.012,0.015
1786305,"Will Bitcoin reach $82,000 March 30-April 5?",2026-03-31 19:00:00.000000 UTC,6,0.0,0.015,0.013,0.016
1786305,"Will Bitcoin reach $82,000 March 30-April 5?",2026-03-31 20:00:00.000000 UTC,13,1526.0,0.313,0.012,0.988
1786305,"Will Bitcoin reach $82,000 March 30-April 5?",2026-03-31 21:00:00.000000 UTC,18,19.0,0.283,0.011,0.988
1786305,"Will Bitcoin reach $82,000 March 30-April 5?",2026-03-31 22:00:00.000000 UTC,5,0.0,0.012,0.011,0.012
1786305,"Will Bitcoin reach $82,000 March 30-April 5?",2026-03-31 23:00:00.000000 UTC,6,0.0,0.011,0.011,0.011
1786305,"Will Bitcoin reach $82,000 March 30-April 5?",2026-04-01 00:00:00.000000 UTC,11,1349.0,0.277,0.011,0.988
1786305,"Will Bitcoin reach $82,000 March 30-April 5?",2026-04-01 01:00:00.000000 UTC,19,99.0,0.423,0.011,0.989
1786305,"Will Bitcoin reach $82,000 March 30-April 5?",2026-04-01 02:00:00.000000 UTC,5,0.0,0.011,0.011,0.012
1786305,"Will Bitcoin reach $82,000 March 30-April 5?",2026-04-01 03:00:00.000000 UTC,6,4.0,0.337,0.011,0.99
1786305,"Will Bitcoin reach $82,000 March 30-April 5?",2026-04-01 04:00:00.000000 UTC,6,24.0,0.827,0.012,0.99
1786305,"Will Bitcoin reach $82,000 March 30-April 5?",2026-04-01 05:00:00.000000 UTC,7,7.0,0.85,0.012,0.99
1786305,"Will Bitcoin reach $82,000 March 30-April 5?",2026-04-01 06:00:00.000000 UTC,17,2102.0,0.644,0.012,0.99
1786305,"Will Bitcoin reach $82,000 March 30-April 5?",2026-04-01 07:00:00.000000 UTC,16,1130.0,0.684,0.011,0.99
1786305,"Will Bitcoin reach $82,000 March 30-April 5?",2026-04-01 08:00:00.000000 UTC,32,1442.0,0.685,0.006,0.992
1786305,"Will Bitcoin reach $82,000 March 30-April 5?",2026-04-01 09:00:00.000000 UTC,29,2181.0,0.346,0.003,0.996
1786305,"Will Bitcoin reach $82,000 March 30-April 5?",2026-04-01 10:00:00.000000 UTC,8,145.0,0.624,0.002,0.996
1786305,"Will Bitcoin reach $82,000 March 30-April 5?",2026-04-01 11:00:00.000000 UTC,16,2139.0,0.686,0.004,0.996
1786305,"Will Bitcoin reach $82,000 March 30-April 5?",2026-04-01 12:00:00.000000 UTC,10,58.0,0.5,0.005,0.996
1786305,"Will Bitcoin reach $82,000 March 30-April 5?",2026-04-01 13:00:00.000000 UTC,27,14991.0,0.554,0.005,0.994
1786305,"Will Bitcoin reach $82,000 March 30-April 5?",2026-04-01 14:00:00.000000 UTC,7,1278.0,0.429,0.005,0.995
1786305,"Will Bitcoin reach $82,000 March 30-April 5?",2026-04-01 15:00:00.000000 UTC,35,7488.0,0.936,0.007,0.994
1786305,"Will Bitcoin reach $82,000 March 30-April 5?",2026-04-01 16:00:00.000000 UTC,13,376.0,0.462,0.006,0.995
1786305,"Will Bitcoin reach $82,000 March 30-April 5?",2026-04-01 17:00:00.000000 UTC,3,214.0,0.994,0.993,0.995
1786305,"Will Bitcoin reach $82,000 March 30-April 5?",2026-04-01 18:00:00.000000 UTC,15,1826.0,0.73,0.005,0.996
1786305,"Will Bitcoin reach $82,000 March 30-April 5?",2026-04-01 19:00:00.000000 UTC,6,62.0,0.665,0.005,0.996
1786305,"Will Bitcoin reach $82,000 March 30-April 5?",2026-04-01 20:00:00.000000 UTC,23,8287.0,0.65,0.006,0.995
1786305,"Will Bitcoin reach $82,000 March 30-April 5?",2026-04-01 21:00:00.000000 UTC,17,5992.0,0.412,0.006,0.995
1786305,"Will Bitcoin reach $82,000 March 30-April 5?",2026-04-01 22:00:00.000000 UTC,4,4.0,0.253,0.006,0.995
1786305,"Will Bitcoin reach $82,000 March 30-April 5?",2026-04-01 23:00:00.000000 UTC,6,216.0,0.995,0.994,0.995
1786305,"Will Bitcoin reach $82,000 March 30-April 5?",2026-04-02 00:00:00.000000 UTC,31,1749.0,0.611,0.002,0.997
1786305,"Will Bitcoin reach $82,000 March 30-April 5?",2026-04-02 01:00:00.000000 UTC,24,0.0,0.001,0.001,0.002
1786305,"Will Bitcoin reach $82,000 March 30-April 5?",2026-04-02 02:00:00.000000 UTC,37,196.0,0.109,0.001,0.996
1786305,"Will Bitcoin reach $82,000 March 30-April 5?",2026-04-02 03:00:00.000000 UTC,30,48.0,0.067,0.001,0.996
1786305,"Will Bitcoin reach $82,000 March 30-April 5?",2026-04-02 04:00:00.000000 UTC,25,24.0,0.043,0.001,0.996
1786305,"Will Bitcoin reach $82,000 March 30-April 5?",2026-04-02 05:00:00.000000 UTC,32,1067.0,0.22,0.001,0.996
1786305,"Will Bitcoin reach $82,000 March 30-April 5?",2026-04-02 06:00:00.000000 UTC,40,2305.0,0.127,0.001,0.998
1786305,"Will Bitcoin reach $82,000 March 30-April 5?",2026-04-02 07:00:00.000000 UTC,42,3115.0,0.547,0.001,0.999
1786305,"Will Bitcoin reach $82,000 March 30-April 5?",2026-04-02 08:00:00.000000 UTC,28,352.0,0.928,0.002,0.999
1786305,"Will Bitcoin reach $82,000 March 30-April 5?",2026-04-02 09:00:00.000000 UTC,42,1108.0,0.619,0.001,0.999
1786305,"Will Bitcoin reach $82,000 March 30-April 5?",2026-04-02 10:00:00.000000 UTC,28,222.0,0.5,0.001,0.999
1786305,"Will Bitcoin reach $82,000 March 30-April 5?",2026-04-02 11:00:00.000000 UTC,6,0.0,0.001,0.001,0.002
1786305,"Will Bitcoin reach $82,000 March 30-April 5?",2026-04-02 12:00:00.000000 UTC,6,72.0,0.334,0.001,0.999
1786305,"Will Bitcoin reach $82,000 March 30-April 5?",2026-04-02 13:00:00.000000 UTC,14,307.0,0.643,0.002,0.999
1786305,"Will Bitcoin reach $82,000 March 30-April 5?",2026-04-02 14:00:00.000000 UTC,17,373.0,0.236,0.001,0.999
1786305,"Will Bitcoin reach $82,000 March 30-April 5?",2026-04-02 15:00:00.000000 UTC,72,2057.0,0.251,0.001,0.999
1786305,"Will Bitcoin reach $82,000 March 30-April 5?",2026-04-02 16:00:00.000000 UTC,6,0.0,0.001,0.001,0.001
1786305,"Will Bitcoin reach $82,000 March 30-April 5?",2026-04-02 17:00:00.000000 UTC,12,0.0,0.001,0.001,0.001
1786305,"Will Bitcoin reach $82,000 March 30-April 5?",2026-04-02 18:00:00.000000 UTC,5,0.0,0.001,0.001,0.001
1786305,"Will Bitcoin reach $82,000 March 30-April 5?",2026-04-02 19:00:00.000000 UTC,20,9.0,0.001,0.001,0.001
1786305,"Will Bitcoin reach $82,000 March 30-April 5?",2026-04-02 20:00:00.000000 UTC,6,2.0,0.001,0.001,0.001
1786305,"Will Bitcoin reach $82,000 March 30-April 5?",2026-04-02 21:00:00.000000 UTC,10,477.0,0.2,0.001,0.998
1786305,"Will Bitcoin reach $82,000 March 30-April 5?",2026-04-02 22:00:00.000000 UTC,2,0.0,0.001,0.001,0.001
1786305,"Will Bitcoin reach $82,000 March 30-April 5?",2026-04-02 23:00:00.000000 UTC,6,499.0,0.167,0.001,0.998
1786305,"Will Bitcoin reach $82,000 March 30-April 5?",2026-04-03 00:00:00.000000 UTC,7,0.0,0.001,0.001,0.001
1786305,"Will Bitcoin reach $82,000 March 30-April 5?",2026-04-03 01:00:00.000000 UTC,28,28.0,0.037,0.001,0.998
1786305,"Will Bitcoin reach $82,000 March 30-April 5?",2026-04-03 02:00:00.000000 UTC,28,2.0,0.001,0.001,0.002
1786305,"Will Bitcoin reach $82,000 March 30-April 5?",2026-04-03 03:00:00.000000 UTC,20,0.0,0.001,0.001,0.001
1786305,"Will Bitcoin reach $82,000 March 30-April 5?",2026-04-03 04:00:00.000000 UTC,20,43.0,0.051,0.001,0.999
1786305,"Will Bitcoin reach $82,000 March 30-April 5?",2026-04-03 05:00:00.000000 UTC,6,5.0,0.001,0.001,0.002
1786305,"Will Bitcoin reach $82,000 March 30-April 5?",2026-04-03 06:00:00.000000 UTC,51,504.0,0.06,0.001,0.998
1786305,"Will Bitcoin reach $82,000 March 30-April 5?",2026-04-03 07:00:00.000000 UTC,53,2.0,0.001,0.001,0.002
1786305,"Will Bitcoin reach $82,000 March 30-April 5?",2026-04-03 08:00:00.000000 UTC,38,1.0,0.001,0.001,0.002
1786305,"Will Bitcoin reach $82,000 March 30-April 5?",2026-04-03 09:00:00.000000 UTC,56,5.0,0.019,0.001,0.998
1786305,"Will Bitcoin reach $82,000 March 30-April 5?",2026-04-03 10:00:00.000000 UTC,86,17.0,0.013,0.001,0.998
1786305,"Will Bitcoin reach $82,000 March 30-April 5?",2026-04-03 11:00:00.000000 UTC,1,0.0,0.001,0.001,0.001
1786305,"Will Bitcoin reach $82,000 March 30-April 5?",2026-04-03 12:00:00.000000 UTC,4,3.0,0.001,0.001,0.001
1786305,"Will Bitcoin reach $82,000 March 30-April 5?",2026-04-03 13:00:00.000000 UTC,1,0.0,0.001,0.001,0.001
1786305,"Will Bitcoin reach $82,000 March 30-April 5?",2026-04-03 14:00:00.000000 UTC,2,1.0,0.001,0.001,0.001
1786305,"Will Bitcoin reach $82,000 March 30-April 5?",2026-04-03 17:00:00.000000 UTC,4,2.0,0.001,0.001,0.001
1786305,"Will Bitcoin reach $82,000 March 30-April 5?",2026-04-03 18:00:00.000000 UTC,14,4169.0,0.215,0.001,0.999
1786305,"Will Bitcoin reach $82,000 March 30-April 5?",2026-04-03 19:00:00.000000 UTC,5,0.0,0.001,0.001,0.001
1786305,"Will Bitcoin reach $82,000 March 30-April 5?",2026-04-03 20:00:00.000000 UTC,8,0.0,0.001,0.001,0.001
1786305,"Will Bitcoin reach $82,000 March 30-April 5?",2026-04-03 21:00:00.000000 UTC,3,0.0,0.001,0.001,0.001
1786305,"Will Bitcoin reach $82,000 March 30-April 5?",2026-04-03 22:00:00.000000 UTC,16,4.0,0.001,0.001,0.001
1786305,"Will Bitcoin reach $82,000 March 30-April 5?",2026-04-03 23:00:00.000000 UTC,15,1.0,0.001,0.001,0.002
1786305,"Will Bitcoin reach $82,000 March 30-April 5?",2026-04-04 00:00:00.000000 UTC,2,1.0,0.001,0.001,0.001
1786305,"Will Bitcoin reach $82,000 March 30-April 5?",2026-04-04 01:00:00.000000 UTC,1,1.0,0.002,0.002,0.002
1786305,"Will Bitcoin reach $82,000 March 30-April 5?",2026-04-04 02:00:00.000000 UTC,2,0.0,0.001,0.001,0.001
1786305,"Will Bitcoin reach $82,000 March 30-April 5?",2026-04-04 03:00:00.000000 UTC,16,0.0,0.001,0.001,0.002
1786305,"Will Bitcoin reach $82,000 March 30-April 5?",2026-04-04 04:00:00.000000 UTC,4,2.0,0.001,0.001,0.001
1786305,"Will Bitcoin reach $82,000 March 30-April 5?",2026-04-04 09:00:00.000000 UTC,1,999.0,0.999,0.999,0.999
1786305,"Will Bitcoin reach $82,000 March 30-April 5?",2026-04-04 10:00:00.000000 UTC,1,382.0,0.999,0.999,0.999
1786305,"Will Bitcoin reach $82,000 March 30-April 5?",2026-04-04 12:00:00.000000 UTC,6,2103.0,0.999,0.999,0.999
1786305,"Will Bitcoin reach $82,000 March 30-April 5?",2026-04-04 13:00:00.000000 UTC,1,1.0,0.999,0.999,0.999
1786305,"Will Bitcoin reach $82,000 March 30-April 5?",2026-04-04 14:00:00.000000 UTC,2,1279.0,0.999,0.999,0.999
1786305,"Will Bitcoin reach $82,000 March 30-April 5?",2026-04-04 17:00:00.000000 UTC,1,999.0,0.999,0.999,0.999
1786305,"Will Bitcoin reach $82,000 March 30-April 5?",2026-04-04 18:00:00.000000 UTC,1,1998.0,0.999,0.999,0.999
1786305,"Will Bitcoin reach $82,000 March 30-April 5?",2026-04-04 22:00:00.000000 UTC,1,999.0,0.999,0.999,0.999
1786305,"Will Bitcoin reach $82,000 March 30-April 5?",2026-04-05 07:00:00.000000 UTC,3,1152.0,0.334,0.001,0.999
1786305,"Will Bitcoin reach $82,000 March 30-April 5?",2026-04-05 16:00:00.000000 UTC,7,5.0,0.001,0.001,0.001
1786305,"Will Bitcoin reach $82,000 March 30-April 5?",2026-04-05 22:00:00.000000 UTC,1,0.0,0.001,0.001,0.001
1786305,"Will Bitcoin reach $82,000 March 30-April 5?",2026-04-06 02:00:00.000000 UTC,1,0.0,0.001,0.001,0.001
1786305,"Will Bitcoin reach $82,000 March 30-April 5?",2026-04-06 03:00:00.000000 UTC,1,0.0,0.001,0.001,0.001
1786309,"Will Bitcoin reach $80,000 March 30-April 5?",2026-03-30 07:00:00.000000 UTC,18,31.0,0.013,0.01,0.017
1786309,"Will Bitcoin reach $80,000 March 30-April 5?",2026-03-30 12:00:00.000000 UTC,14,12848.0,0.839,0.021,0.978
1786309,"Will Bitcoin reach $80,000 March 30-April 5?",2026-03-30 14:00:00.000000 UTC,2,17.0,0.495,0.016,0.975
1786309,"Will Bitcoin reach $80,000 March 30-April 5?",2026-03-30 15:00:00.000000 UTC,1,0.0,0.017,0.017,0.017
1786309,"Will Bitcoin reach $80,000 March 30-April 5?",2026-03-30 17:00:00.000000 UTC,1,0.0,0.017,0.017,0.017
1786309,"Will Bitcoin reach $80,000 March 30-April 5?",2026-03-30 20:00:00.000000 UTC,1,2.0,0.016,0.016,0.016
1786309,"Will Bitcoin reach $80,000 March 30-April 5?",2026-03-30 23:00:00.000000 UTC,6,22.0,0.013,0.01,0.016
1786309,"Will Bitcoin reach $80,000 March 30-April 5?",2026-03-31 00:00:00.000000 UTC,1,0.0,0.011,0.011,0.011
1786309,"Will Bitcoin reach $80,000 March 30-April 5?",2026-03-31 01:00:00.000000 UTC,2,0.0,0.011,0.011,0.011
1786309,"Will Bitcoin reach $80,000 March 30-April 5?",2026-03-31 02:00:00.000000 UTC,3,197.0,0.661,0.011,0.987
1786309,"Will Bitcoin reach $80,000 March 30-April 5?",2026-03-31 03:00:00.000000 UTC,3,205.0,0.338,0.013,0.987
1786309,"Will Bitcoin reach $80,000 March 30-April 5?",2026-03-31 04:00:00.000000 UTC,4,236.0,0.742,0.015,0.986
1786309,"Will Bitcoin reach $80,000 March 30-April 5?",2026-03-31 05:00:00.000000 UTC,6,224.0,0.983,0.981,0.984
1786309,"Will Bitcoin reach $80,000 March 30-April 5?",2026-03-31 06:00:00.000000 UTC,4,149.0,0.5,0.014,0.986
1786309,"Will Bitcoin reach $80,000 March 30-April 5?",2026-03-31 09:00:00.000000 UTC,1,1.0,0.014,0.014,0.014
1786309,"Will Bitcoin reach $80,000 March 30-April 5?",2026-03-31 12:00:00.000000 UTC,2,61.0,0.5,0.014,0.986
1786309,"Will Bitcoin reach $80,000 March 30-April 5?",2026-03-31 13:00:00.000000 UTC,2,36.0,0.499,0.013,0.986
1786309,"Will Bitcoin reach $80,000 March 30-April 5?",2026-03-31 14:00:00.000000 UTC,14,1527.0,0.222,0.013,0.985
1786309,"Will Bitcoin reach $80,000 March 30-April 5?",2026-03-31 15:00:00.000000 UTC,16,6.0,0.015,0.014,0.015
1786309,"Will Bitcoin reach $80,000 March 30-April 5?",2026-03-31 16:00:00.000000 UTC,4,0.0,0.014,0.014,0.015
1786309,"Will Bitcoin reach $80,000 March 30-April 5?",2026-03-31 17:00:00.000000 UTC,7,370.0,0.155,0.016,0.981
1786309,"Will Bitcoin reach $80,000 March 30-April 5?",2026-03-31 18:00:00.000000 UTC,7,5.0,0.569,0.016,0.983
1786309,"Will Bitcoin reach $80,000 March 30-April 5?",2026-03-31 19:00:00.000000 UTC,4,9.0,0.983,0.983,0.983
1786309,"Will Bitcoin reach $80,000 March 30-April 5?",2026-03-31 20:00:00.000000 UTC,3,3.0,0.983,0.983,0.983
1786309,"Will Bitcoin reach $80,000 March 30-April 5?",2026-03-31 21:00:00.000000 UTC,4,22.0,0.982,0.981,0.983
1786309,"Will Bitcoin reach $80,000 March 30-April 5?",2026-03-31 22:00:00.000000 UTC,3,4.0,0.983,0.983,0.983
1786309,"Will Bitcoin reach $80,000 March 30-April 5?",2026-03-31 23:00:00.000000 UTC,3,4.0,0.983,0.983,0.983
1786309,"Will Bitcoin reach $80,000 March 30-April 5?",2026-04-01 00:00:00.000000 UTC,11,532.0,0.632,0.016,0.985
1786309,"Will Bitcoin reach $80,000 March 30-April 5?",2026-04-01 01:00:00.000000 UTC,7,36.0,0.847,0.016,0.985
1786309,"Will Bitcoin reach $80,000 March 30-April 5?",2026-04-01 02:00:00.000000 UTC,11,544.0,0.808,0.017,0.985
1786309,"Will Bitcoin reach $80,000 March 30-April 5?",2026-04-01 03:00:00.000000 UTC,5,0.0,0.016,0.016,0.016
1786309,"Will Bitcoin reach $80,000 March 30-April 5?",2026-04-01 04:00:00.000000 UTC,5,0.0,0.016,0.016,0.016
1786309,"Will Bitcoin reach $80,000 March 30-April 5?",2026-04-01 05:00:00.000000 UTC,6,111.0,0.178,0.016,0.985
1786309,"Will Bitcoin reach $80,000 March 30-April 5?",2026-04-01 06:00:00.000000 UTC,12,314.0,0.741,0.016,0.985
1786309,"Will Bitcoin reach $80,000 March 30-April 5?",2026-04-01 07:00:00.000000 UTC,15,366.0,0.34,0.016,0.985
1786309,"Will Bitcoin reach $80,000 March 30-April 5?",2026-04-01 08:00:00.000000 UTC,20,311.0,0.794,0.011,0.99
1786309,"Will Bitcoin reach $80,000 March 30-April 5?",2026-04-01 09:00:00.000000 UTC,30,1640.0,0.433,0.004,0.996
1786309,"Will Bitcoin reach $80,000 March 30-April 5?",2026-04-01 10:00:00.000000 UTC,11,1045.0,0.275,0.005,0.994
1786309,"Will Bitcoin reach $80,000 March 30-April 5?",2026-04-01 11:00:00.000000 UTC,9,3480.0,0.553,0.004,0.992
1786309,"Will Bitcoin reach $80,000 March 30-April 5?",2026-04-01 13:00:00.000000 UTC,48,11832.0,0.5,0.007,0.993
1786309,"Will Bitcoin reach $80,000 March 30-April 5?",2026-04-01 14:00:00.000000 UTC,6,254.0,0.172,0.007,0.99
1786309,"Will Bitcoin reach $80,000 March 30-April 5?",2026-04-01 15:00:00.000000 UTC,5,1122.0,0.796,0.006,0.994
1786309,"Will Bitcoin reach $80,000 March 30-April 5?",2026-04-01 17:00:00.000000 UTC,10,4286.0,0.402,0.006,0.991
1786309,"Will Bitcoin reach $80,000 March 30-April 5?",2026-04-01 18:00:00.000000 UTC,7,703.0,0.569,0.006,0.992
1786309,"Will Bitcoin reach $80,000 March 30-April 5?",2026-04-01 19:00:00.000000 UTC,5,23.0,0.797,0.005,0.995
1786309,"Will Bitcoin reach $80,000 March 30-April 5?",2026-04-01 20:00:00.000000 UTC,10,994.0,0.107,0.007,0.991
1786309,"Will Bitcoin reach $80,000 March 30-April 5?",2026-04-01 21:00:00.000000 UTC,7,10.0,0.008,0.005,0.01
1786309,"Will Bitcoin reach $80,000 March 30-April 5?",2026-04-01 22:00:00.000000 UTC,2,0.0,0.005,0.005,0.005
1786309,"Will Bitcoin reach $80,000 March 30-April 5?",2026-04-01 23:00:00.000000 UTC,5,2.0,0.204,0.005,0.992
1786309,"Will Bitcoin reach $80,000 March 30-April 5?",2026-04-02 00:00:00.000000 UTC,9,16.0,0.992,0.992,0.992
1786309,"Will Bitcoin reach $80,000 March 30-April 5?",2026-04-02 01:00:00.000000 UTC,37,15010.0,0.404,0.005,0.992
1786309,"Will Bitcoin reach $80,000 March 30-April 5?",2026-04-02 02:00:00.000000 UTC,41,208.0,0.1,0.001,0.995
1786309,"Will Bitcoin reach $80,000 March 30-April 5?",2026-04-02 03:00:00.000000 UTC,15,0.0,0.001,0.001,0.002
1786309,"Will Bitcoin reach $80,000 March 30-April 5?",2026-04-02 04:00:00.000000 UTC,31,396.0,0.066,0.001,0.999
1786309,"Will Bitcoin reach $80,000 March 30-April 5?",2026-04-02 05:00:00.000000 UTC,10,2.0,0.001,0.001,0.002
1786309,"Will Bitcoin reach $80,000 March 30-April 5?",2026-04-02 06:00:00.000000 UTC,23,2.0,0.001,0.001,0.002
1786309,"Will Bitcoin reach $80,000 March 30-April 5?",2026-04-02 07:00:00.000000 UTC,24,1.0,0.001,0.001,0.001
1786309,"Will Bitcoin reach $80,000 March 30-April 5?",2026-04-02 08:00:00.000000 UTC,20,2.0,0.001,0.001,0.002
1786309,"Will Bitcoin reach $80,000 March 30-April 5?",2026-04-02 09:00:00.000000 UTC,29,0.0,0.001,0.001,0.001
1786309,"Will Bitcoin reach $80,000 March 30-April 5?",2026-04-02 10:00:00.000000 UTC,7,0.0,0.001,0.001,0.001
1786309,"Will Bitcoin reach $80,000 March 30-April 5?",2026-04-02 11:00:00.000000 UTC,4,1000.0,0.251,0.001,0.998
1786309,"Will Bitcoin reach $80,000 March 30-April 5?",2026-04-02 12:00:00.000000 UTC,10,2.0,0.001,0.001,0.002
1786309,"Will Bitcoin reach $80,000 March 30-April 5?",2026-04-02 13:00:00.000000 UTC,12,1.0,0.001,0.001,0.002
1786309,"Will Bitcoin reach $80,000 March 30-April 5?",2026-04-02 14:00:00.000000 UTC,11,1.0,0.001,0.001,0.002
1786309,"Will Bitcoin reach $80,000 March 30-April 5?",2026-04-02 15:00:00.000000 UTC,23,469.0,0.305,0.001,0.999
1786309,"Will Bitcoin reach $80,000 March 30-April 5?",2026-04-02 16:00:00.000000 UTC,5,0.0,0.001,0.001,0.001
1786309,"Will Bitcoin reach $80,000 March 30-April 5?",2026-04-02 17:00:00.000000 UTC,7,0.0,0.001,0.001,0.002
1786309,"Will Bitcoin reach $80,000 March 30-April 5?",2026-04-02 18:00:00.000000 UTC,5,0.0,0.001,0.001,0.001
1786309,"Will Bitcoin reach $80,000 March 30-April 5?",2026-04-02 19:00:00.000000 UTC,66,1826.0,0.153,0.001,0.998
1786309,"Will Bitcoin reach $80,000 March 30-April 5?",2026-04-02 20:00:00.000000 UTC,33,3.0,0.002,0.002,0.003
1786309,"Will Bitcoin reach $80,000 March 30-April 5?",2026-04-02 21:00:00.000000 UTC,8,0.0,0.002,0.001,0.002
1786309,"Will Bitcoin reach $80,000 March 30-April 5?",2026-04-02 22:00:00.000000 UTC,5,0.0,0.002,0.002,0.003
1786309,"Will Bitcoin reach $80,000 March 30-April 5?",2026-04-02 23:00:00.000000 UTC,2,0.0,0.002,0.002,0.002
1786309,"Will Bitcoin reach $80,000 March 30-April 5?",2026-04-03 00:00:00.000000 UTC,34,1166.0,0.09,0.001,0.999
1786309,"Will Bitcoin reach $80,000 March 30-April 5?",2026-04-03 01:00:00.000000 UTC,15,0.0,0.001,0.001,0.002
1786309,"Will Bitcoin reach $80,000 March 30-April 5?",2026-04-03 02:00:00.000000 UTC,29,2.0,0.002,0.001,0.003
1786309,"Will Bitcoin reach $80,000 March 30-April 5?",2026-04-03 03:00:00.000000 UTC,20,0.0,0.001,0.001,0.001
1786309,"Will Bitcoin reach $80,000 March 30-April 5?",2026-04-03 04:00:00.000000 UTC,13,0.0,0.001,0.001,0.001
1786309,"Will Bitcoin reach $80,000 March 30-April 5?",2026-04-03 05:00:00.000000 UTC,26,207.0,0.039,0.001,0.999
1786309,"Will Bitcoin reach $80,000 March 30-April 5?",2026-04-03 06:00:00.000000 UTC,24,3.0,0.001,0.001,0.002
1786309,"Will Bitcoin reach $80,000 March 30-April 5?",2026-04-03 07:00:00.000000 UTC,21,1.0,0.001,0.001,0.002
1786309,"Will Bitcoin reach $80,000 March 30-April 5?",2026-04-03 08:00:00.000000 UTC,27,0.0,0.001,0.001,0.002
1786309,"Will Bitcoin reach $80,000 March 30-April 5?",2026-04-03 09:00:00.000000 UTC,41,1.0,0.001,0.001,0.002
1786309,"Will Bitcoin reach $80,000 March 30-April 5?",2026-04-03 10:00:00.000000 UTC,12,0.0,0.001,0.001,0.001
1786309,"Will Bitcoin reach $80,000 March 30-April 5?",2026-04-03 11:00:00.000000 UTC,2,0.0,0.001,0.001,0.001
1786309,"Will Bitcoin reach $80,000 March 30-April 5?",2026-04-03 13:00:00.000000 UTC,1,0.0,0.001,0.001,0.001
1786309,"Will Bitcoin reach $80,000 March 30-April 5?",2026-04-03 17:00:00.000000 UTC,2,2.0,0.001,0.001,0.001
1786309,"Will Bitcoin reach $80,000 March 30-April 5?",2026-04-03 18:00:00.000000 UTC,3,2.0,0.001,0.001,0.001
1786309,"Will Bitcoin reach $80,000 March 30-April 5?",2026-04-03 20:00:00.000000 UTC,1,0.0,0.001,0.001,0.001
1786309,"Will Bitcoin reach $80,000 March 30-April 5?",2026-04-03 22:00:00.000000 UTC,1,1.0,0.001,0.001,0.001
1786309,"Will Bitcoin reach $80,000 March 30-April 5?",2026-04-03 23:00:00.000000 UTC,1,0.0,0.001,0.001,0.001
1786309,"Will Bitcoin reach $80,000 March 30-April 5?",2026-04-04 03:00:00.000000 UTC,3,0.0,0.001,0.001,0.001
1786309,"Will Bitcoin reach $80,000 March 30-April 5?",2026-04-04 12:00:00.000000 UTC,6,0.0,0.001,0.001,0.001
1786309,"Will Bitcoin reach $80,000 March 30-April 5?",2026-04-05 07:00:00.000000 UTC,6,2.0,0.001,0.001,0.001
1786309,"Will Bitcoin reach $80,000 March 30-April 5?",2026-04-05 12:00:00.000000 UTC,1,0.0,0.001,0.001,0.001
1786309,"Will Bitcoin reach $80,000 March 30-April 5?",2026-04-05 16:00:00.000000 UTC,1,0.0,0.001,0.001,0.001
1786309,"Will Bitcoin reach $80,000 March 30-April 5?",2026-04-05 23:00:00.000000 UTC,7,5.0,0.001,0.001,0.001
1786309,"Will Bitcoin reach $80,000 March 30-April 5?",2026-04-06 00:00:00.000000 UTC,16,30277.0,0.188,0.001,0.999
1786309,"Will Bitcoin reach $80,000 March 30-April 5?",2026-04-06 01:00:00.000000 UTC,1,0.0,0.001,0.001,0.001
1786314,"Will Bitcoin reach $78,000 March 30-April 5?",2026-03-30 06:00:00.000000 UTC,12,223.0,0.176,0.02,0.956
1786314,"Will Bitcoin reach $78,000 March 30-April 5?",2026-03-30 07:00:00.000000 UTC,1,1.0,0.021,0.021,0.021
1786314,"Will Bitcoin reach $78,000 March 30-April 5?",2026-03-30 08:00:00.000000 UTC,38,70.0,0.124,0.016,0.982
1786314,"Will Bitcoin reach $78,000 March 30-April 5?",2026-03-30 09:00:00.000000 UTC,14,2393.0,0.565,0.024,0.975
1786314,"Will Bitcoin reach $78,000 March 30-April 5?",2026-03-30 10:00:00.000000 UTC,17,1714.0,0.527,0.025,0.974
1786314,"Will Bitcoin reach $78,000 March 30-April 5?",2026-03-30 11:00:00.000000 UTC,42,3541.0,0.409,0.021,0.976
1786314,"Will Bitcoin reach $78,000 March 30-April 5?",2026-03-30 12:00:00.000000 UTC,43,1972.0,0.4,0.021,0.971
1786314,"Will Bitcoin reach $78,000 March 30-April 5?",2026-03-30 13:00:00.000000 UTC,1,4.0,0.025,0.025,0.025
1786314,"Will Bitcoin reach $78,000 March 30-April 5?",2026-03-30 14:00:00.000000 UTC,32,4109.0,0.585,0.031,0.97
1786314,"Will Bitcoin reach $78,000 March 30-April 5?",2026-03-30 15:00:00.000000 UTC,32,20444.0,0.528,0.03,0.963
1786314,"Will Bitcoin reach $78,000 March 30-April 5?",2026-03-30 16:00:00.000000 UTC,1,0.0,0.044,0.044,0.044
1786314,"Will Bitcoin reach $78,000 March 30-April 5?",2026-03-30 17:00:00.000000 UTC,9,2302.0,0.452,0.042,0.97
1786314,"Will Bitcoin reach $78,000 March 30-April 5?",2026-03-30 19:00:00.000000 UTC,1,1.0,0.033,0.033,0.033
1786314,"Will Bitcoin reach $78,000 March 30-April 5?",2026-03-30 21:00:00.000000 UTC,1,2.0,0.025,0.025,0.025
1786314,"Will Bitcoin reach $78,000 March 30-April 5?",2026-03-30 22:00:00.000000 UTC,4,12.0,0.019,0.014,0.025
1786314,"Will Bitcoin reach $78,000 March 30-April 5?",2026-03-30 23:00:00.000000 UTC,2,9.0,0.024,0.024,0.024
1786314,"Will Bitcoin reach $78,000 March 30-April 5?",2026-03-31 00:00:00.000000 UTC,1,2.0,0.025,0.025,0.025
1786314,"Will Bitcoin reach $78,000 March 30-April 5?",2026-03-31 01:00:00.000000 UTC,7,686.0,0.567,0.026,0.973
1786314,"Will Bitcoin reach $78,000 March 30-April 5?",2026-03-31 02:00:00.000000 UTC,2,33.0,0.97,0.968,0.972
1786314,"Will Bitcoin reach $78,000 March 30-April 5?",2026-03-31 03:00:00.000000 UTC,1,97.0,0.973,0.973,0.973
1786314,"Will Bitcoin reach $78,000 March 30-April 5?",2026-03-31 04:00:00.000000 UTC,5,376.0,0.781,0.026,0.973
1786314,"Will Bitcoin reach $78,000 March 30-April 5?",2026-03-31 05:00:00.000000 UTC,5,200.0,0.96,0.96,0.961
1786314,"Will Bitcoin reach $78,000 March 30-April 5?",2026-03-31 06:00:00.000000 UTC,3,158.0,0.964,0.96,0.971
1786314,"Will Bitcoin reach $78,000 March 30-April 5?",2026-03-31 07:00:00.000000 UTC,5,241.0,0.782,0.025,0.971
1786314,"Will Bitcoin reach $78,000 March 30-April 5?",2026-03-31 08:00:00.000000 UTC,2,56.0,0.971,0.971,0.971
1786314,"Will Bitcoin reach $78,000 March 30-April 5?",2026-03-31 09:00:00.000000 UTC,8,225.0,0.616,0.025,0.971
1786314,"Will Bitcoin reach $78,000 March 30-April 5?",2026-03-31 10:00:00.000000 UTC,16,979.0,0.5,0.024,0.976
1786314,"Will Bitcoin reach $78,000 March 30-April 5?",2026-03-31 11:00:00.000000 UTC,2,41.0,0.499,0.023,0.976
1786314,"Will Bitcoin reach $78,000 March 30-April 5?",2026-03-31 13:00:00.000000 UTC,1,0.0,0.023,0.023,0.023
1786314,"Will Bitcoin reach $78,000 March 30-April 5?",2026-03-31 14:00:00.000000 UTC,19,1826.0,0.275,0.015,0.977
1786314,"Will Bitcoin reach $78,000 March 30-April 5?",2026-03-31 15:00:00.000000 UTC,14,111.0,0.296,0.019,0.977
1786314,"Will Bitcoin reach $78,000 March 30-April 5?",2026-03-31 16:00:00.000000 UTC,7,0.0,0.022,0.022,0.022
1786314,"Will Bitcoin reach $78,000 March 30-April 5?",2026-03-31 17:00:00.000000 UTC,13,8173.0,0.104,0.028,0.966
1786314,"Will Bitcoin reach $78,000 March 30-April 5?",2026-03-31 18:00:00.000000 UTC,4,0.0,0.036,0.033,0.037
1786314,"Will Bitcoin reach $78,000 March 30-April 5?",2026-03-31 19:00:00.000000 UTC,5,1.0,0.033,0.032,0.033
1786314,"Will Bitcoin reach $78,000 March 30-April 5?",2026-03-31 20:00:00.000000 UTC,7,1.0,0.03,0.03,0.031
1786314,"Will Bitcoin reach $78,000 March 30-April 5?",2026-03-31 21:00:00.000000 UTC,5,3.0,0.03,0.03,0.03
1786314,"Will Bitcoin reach $78,000 March 30-April 5?",2026-03-31 22:00:00.000000 UTC,6,105.0,0.498,0.03,0.967
1786314,"Will Bitcoin reach $78,000 March 30-April 5?",2026-03-31 23:00:00.000000 UTC,7,0.0,0.03,0.03,0.03
1786314,"Will Bitcoin reach $78,000 March 30-April 5?",2026-04-01 00:00:00.000000 UTC,10,6.0,0.029,0.027,0.034
1786314,"Will Bitcoin reach $78,000 March 30-April 5?",2026-04-01 01:00:00.000000 UTC,3,0.0,0.034,0.034,0.034
1786314,"Will Bitcoin reach $78,000 March 30-April 5?",2026-04-01 02:00:00.000000 UTC,6,293.0,0.185,0.028,0.967
1786314,"Will Bitcoin reach $78,000 March 30-April 5?",2026-04-01 03:00:00.000000 UTC,6,0.0,0.025,0.023,0.027
1786314,"Will Bitcoin reach $78,000 March 30-April 5?",2026-04-01 04:00:00.000000 UTC,7,1359.0,0.698,0.03,0.969
1786314,"Will Bitcoin reach $78,000 March 30-April 5?",2026-04-01 05:00:00.000000 UTC,11,315.0,0.204,0.035,0.964
1786314,"Will Bitcoin reach $78,000 March 30-April 5?",2026-04-01 06:00:00.000000 UTC,16,1118.0,0.499,0.037,0.963
1786314,"Will Bitcoin reach $78,000 March 30-April 5?",2026-04-01 07:00:00.000000 UTC,12,176.0,0.113,0.025,0.962
1786314,"Will Bitcoin reach $78,000 March 30-April 5?",2026-04-01 08:00:00.000000 UTC,17,22.0,0.079,0.019,0.98
1786314,"Will Bitcoin reach $78,000 March 30-April 5?",2026-04-01 09:00:00.000000 UTC,14,172.0,0.707,0.017,0.983
1786314,"Will Bitcoin reach $78,000 March 30-April 5?",2026-04-01 10:00:00.000000 UTC,6,35.0,0.338,0.013,0.987
1786314,"Will Bitcoin reach $78,000 March 30-April 5?",2026-04-01 11:00:00.000000 UTC,8,491.0,0.258,0.015,0.985
1786314,"Will Bitcoin reach $78,000 March 30-April 5?",2026-04-01 12:00:00.000000 UTC,18,4252.0,0.5,0.016,0.984
1786314,"Will Bitcoin reach $78,000 March 30-April 5?",2026-04-01 13:00:00.000000 UTC,62,12090.0,0.697,0.016,0.983
1786314,"Will Bitcoin reach $78,000 March 30-April 5?",2026-04-01 14:00:00.000000 UTC,23,2498.0,0.562,0.021,0.982
1786314,"Will Bitcoin reach $78,000 March 30-April 5?",2026-04-01 15:00:00.000000 UTC,9,360.0,0.34,0.019,0.983
1786314,"Will Bitcoin reach $78,000 March 30-April 5?",2026-04-01 16:00:00.000000 UTC,6,125.0,0.5,0.014,0.985
1786314,"Will Bitcoin reach $78,000 March 30-April 5?",2026-04-01 17:00:00.000000 UTC,5,791.0,0.404,0.019,0.98
1786314,"Will Bitcoin reach $78,000 March 30-April 5?",2026-04-01 18:00:00.000000 UTC,14,274.0,0.569,0.017,0.984
1786314,"Will Bitcoin reach $78,000 March 30-April 5?",2026-04-01 19:00:00.000000 UTC,13,1532.0,0.537,0.011,0.988
1786314,"Will Bitcoin reach $78,000 March 30-April 5?",2026-04-01 20:00:00.000000 UTC,8,227.0,0.5,0.011,0.988
1786314,"Will Bitcoin reach $78,000 March 30-April 5?",2026-04-01 21:00:00.000000 UTC,12,458.0,0.093,0.011,0.987
1786314,"Will Bitcoin reach $78,000 March 30-April 5?",2026-04-01 22:00:00.000000 UTC,6,58.0,0.174,0.012,0.983
1786314,"Will Bitcoin reach $78,000 March 30-April 5?",2026-04-01 23:00:00.000000 UTC,5,53.0,0.4,0.012,0.982
1786314,"Will Bitcoin reach $78,000 March 30-April 5?",2026-04-02 00:00:00.000000 UTC,6,75.0,0.175,0.012,0.984
1786314,"Will Bitcoin reach $78,000 March 30-April 5?",2026-04-02 01:00:00.000000 UTC,4,7.0,0.255,0.012,0.984
1786314,"Will Bitcoin reach $78,000 March 30-April 5?",2026-04-02 02:00:00.000000 UTC,23,45.0,0.31,0.012,0.988
1786314,"Will Bitcoin reach $78,000 March 30-April 5?",2026-04-02 03:00:00.000000 UTC,39,376.0,0.312,0.011,0.988
1786314,"Will Bitcoin reach $78,000 March 30-April 5?",2026-04-02 04:00:00.000000 UTC,19,906.0,0.269,0.01,0.993
1786314,"Will Bitcoin reach $78,000 March 30-April 5?",2026-04-02 05:00:00.000000 UTC,6,125.0,0.666,0.003,0.998
1786314,"Will Bitcoin reach $78,000 March 30-April 5?",2026-04-02 06:00:00.000000 UTC,14,20.0,0.359,0.003,0.998
1786314,"Will Bitcoin reach $78,000 March 30-April 5?",2026-04-02 07:00:00.000000 UTC,15,461.0,0.401,0.003,0.998
1786314,"Will Bitcoin reach $78,000 March 30-April 5?",2026-04-02 08:00:00.000000 UTC,26,482.0,0.31,0.002,0.998
1786314,"Will Bitcoin reach $78,000 March 30-April 5?",2026-04-02 09:00:00.000000 UTC,28,223.0,0.145,0.002,0.997
1786314,"Will Bitcoin reach $78,000 March 30-April 5?",2026-04-02 10:00:00.000000 UTC,7,0.0,0.002,0.002,0.002
1786314,"Will Bitcoin reach $78,000 March 30-April 5?",2026-04-02 11:00:00.000000 UTC,4,0.0,0.003,0.002,0.007
1786314,"Will Bitcoin reach $78,000 March 30-April 5?",2026-04-02 12:00:00.000000 UTC,5,0.0,0.003,0.003,0.003
1786314,"Will Bitcoin reach $78,000 March 30-April 5?",2026-04-02 13:00:00.000000 UTC,19,2596.0,0.211,0.001,0.998
1786314,"Will Bitcoin reach $78,000 March 30-April 5?",2026-04-02 14:00:00.000000 UTC,9,0.0,0.001,0.001,0.002
1786314,"Will Bitcoin reach $78,000 March 30-April 5?",2026-04-02 15:00:00.000000 UTC,27,1171.0,0.222,0.001,0.998
1786314,"Will Bitcoin reach $78,000 March 30-April 5?",2026-04-02 16:00:00.000000 UTC,3,0.0,0.003,0.003,0.003
1786314,"Will Bitcoin reach $78,000 March 30-April 5?",2026-04-02 17:00:00.000000 UTC,3,0.0,0.005,0.003,0.006
1786314,"Will Bitcoin reach $78,000 March 30-April 5?",2026-04-02 18:00:00.000000 UTC,9,0.0,0.003,0.003,0.003
1786314,"Will Bitcoin reach $78,000 March 30-April 5?",2026-04-02 19:00:00.000000 UTC,48,13287.0,0.889,0.003,0.995
1786314,"Will Bitcoin reach $78,000 March 30-April 5?",2026-04-02 20:00:00.000000 UTC,11,8.0,0.186,0.005,0.994
1786314,"Will Bitcoin reach $78,000 March 30-April 5?",2026-04-02 21:00:00.000000 UTC,10,203.0,0.103,0.004,0.993
1786314,"Will Bitcoin reach $78,000 March 30-April 5?",2026-04-02 22:00:00.000000 UTC,8,75.0,0.128,0.004,0.993
1786314,"Will Bitcoin reach $78,000 March 30-April 5?",2026-04-02 23:00:00.000000 UTC,18,727.0,0.61,0.005,0.994
1786314,"Will Bitcoin reach $78,000 March 30-April 5?",2026-04-03 00:00:00.000000 UTC,18,1117.0,0.169,0.003,0.998
1786314,"Will Bitcoin reach $78,000 March 30-April 5?",2026-04-03 01:00:00.000000 UTC,14,9.0,0.074,0.003,0.998
1786314,"Will Bitcoin reach $78,000 March 30-April 5?",2026-04-03 02:00:00.000000 UTC,23,122.0,0.825,0.004,0.998
1786314,"Will Bitcoin reach $78,000 March 30-April 5?",2026-04-03 03:00:00.000000 UTC,35,4546.0,0.515,0.003,0.998
1786314,"Will Bitcoin reach $78,000 March 30-April 5?",2026-04-03 04:00:00.000000 UTC,13,711.0,0.232,0.003,0.993
1786314,"Will Bitcoin reach $78,000 March 30-April 5?",2026-04-03 05:00:00.000000 UTC,10,100.0,0.104,0.004,0.991
1786314,"Will Bitcoin reach $78,000 March 30-April 5?",2026-04-03 06:00:00.000000 UTC,14,10.0,0.076,0.004,0.991
1786314,"Will Bitcoin reach $78,000 March 30-April 5?",2026-04-03 07:00:00.000000 UTC,23,15.0,0.047,0.004,0.992
1786314,"Will Bitcoin reach $78,000 March 30-April 5?",2026-04-03 08:00:00.000000 UTC,22,1.0,0.005,0.003,0.005
1786314,"Will Bitcoin reach $78,000 March 30-April 5?",2026-04-03 09:00:00.000000 UTC,29,1.0,0.003,0.003,0.005
1786314,"Will Bitcoin reach $78,000 March 30-April 5?",2026-04-03 10:00:00.000000 UTC,3,0.0,0.003,0.003,0.003
1786314,"Will Bitcoin reach $78,000 March 30-April 5?",2026-04-03 11:00:00.000000 UTC,16,1251.0,0.562,0.003,0.997
1786314,"Will Bitcoin reach $78,000 March 30-April 5?",2026-04-03 12:00:00.000000 UTC,12,549.0,0.997,0.996,0.997
1786314,"Will Bitcoin reach $78,000 March 30-April 5?",2026-04-03 13:00:00.000000 UTC,10,689.0,0.997,0.996,0.998
1786314,"Will Bitcoin reach $78,000 March 30-April 5?",2026-04-03 14:00:00.000000 UTC,10,1839.0,0.998,0.997,0.998
1786314,"Will Bitcoin reach $78,000 March 30-April 5?",2026-04-03 15:00:00.000000 UTC,21,955.0,0.381,0.001,0.998
1786314,"Will Bitcoin reach $78,000 March 30-April 5?",2026-04-03 16:00:00.000000 UTC,9,8.0,0.112,0.001,0.997
1786314,"Will Bitcoin reach $78,000 March 30-April 5?",2026-04-03 17:00:00.000000 UTC,9,301.0,0.112,0.001,0.997
1786314,"Will Bitcoin reach $78,000 March 30-April 5?",2026-04-03 18:00:00.000000 UTC,10,498.0,0.598,0.001,0.998
1786314,"Will Bitcoin reach $78,000 March 30-April 5?",2026-04-03 19:00:00.000000 UTC,5,0.0,0.001,0.001,0.001
1786314,"Will Bitcoin reach $78,000 March 30-April 5?",2026-04-03 20:00:00.000000 UTC,13,2015.0,0.155,0.001,0.997
1786314,"Will Bitcoin reach $78,000 March 30-April 5?",2026-04-03 21:00:00.000000 UTC,10,1021.0,0.3,0.001,0.998
1786314,"Will Bitcoin reach $78,000 March 30-April 5?",2026-04-03 22:00:00.000000 UTC,3,0.0,0.001,0.001,0.002
1786314,"Will Bitcoin reach $78,000 March 30-April 5?",2026-04-03 23:00:00.000000 UTC,7,0.0,0.001,0.001,0.003
1786314,"Will Bitcoin reach $78,000 March 30-April 5?",2026-04-04 00:00:00.000000 UTC,9,0.0,0.001,0.001,0.001
1786314,"Will Bitcoin reach $78,000 March 30-April 5?",2026-04-04 01:00:00.000000 UTC,6,0.0,0.001,0.001,0.001
1786314,"Will Bitcoin reach $78,000 March 30-April 5?",2026-04-04 02:00:00.000000 UTC,12,0.0,0.001,0.001,0.002
1786314,"Will Bitcoin reach $78,000 March 30-April 5?",2026-04-04 03:00:00.000000 UTC,11,3.0,0.273,0.001,0.998
1786314,"Will Bitcoin reach $78,000 March 30-April 5?",2026-04-04 04:00:00.000000 UTC,15,1.0,0.001,0.001,0.001
1786314,"Will Bitcoin reach $78,000 March 30-April 5?",2026-04-04 05:00:00.000000 UTC,15,0.0,0.001,0.001,0.001
1786314,"Will Bitcoin reach $78,000 March 30-April 5?",2026-04-04 06:00:00.000000 UTC,40,13196.0,0.3,0.001,0.999
1786314,"Will Bitcoin reach $78,000 March 30-April 5?",2026-04-04 07:00:00.000000 UTC,46,2837.0,0.067,0.001,0.997
1786314,"Will Bitcoin reach $78,000 March 30-April 5?",2026-04-04 08:00:00.000000 UTC,25,653.0,0.121,0.001,0.998
1786314,"Will Bitcoin reach $78,000 March 30-April 5?",2026-04-04 09:00:00.000000 UTC,17,543.0,0.118,0.001,0.998
1786314,"Will Bitcoin reach $78,000 March 30-April 5?",2026-04-04 12:00:00.000000 UTC,11,0.0,0.001,0.001,0.001
1786314,"Will Bitcoin reach $78,000 March 30-April 5?",2026-04-04 13:00:00.000000 UTC,1,0.0,0.001,0.001,0.001
1786314,"Will Bitcoin reach $78,000 March 30-April 5?",2026-04-04 15:00:00.000000 UTC,1,1.0,0.001,0.001,0.001
1786314,"Will Bitcoin reach $78,000 March 30-April 5?",2026-04-04 17:00:00.000000 UTC,4,2.0,0.001,0.001,0.001
1786314,"Will Bitcoin reach $78,000 March 30-April 5?",2026-04-04 21:00:00.000000 UTC,1,0.0,0.001,0.001,0.001
1786314,"Will Bitcoin reach $78,000 March 30-April 5?",2026-04-04 22:00:00.000000 UTC,1,0.0,0.001,0.001,0.001
1786314,"Will Bitcoin reach $78,000 March 30-April 5?",2026-04-05 02:00:00.000000 UTC,1,0.0,0.001,0.001,0.001
1786314,"Will Bitcoin reach $78,000 March 30-April 5?",2026-04-05 09:00:00.000000 UTC,1,0.0,0.001,0.001,0.001
1786314,"Will Bitcoin reach $78,000 March 30-April 5?",2026-04-05 20:00:00.000000 UTC,1,0.0,0.001,0.001,0.001
1786314,"Will Bitcoin reach $78,000 March 30-April 5?",2026-04-05 22:00:00.000000 UTC,1,0.0,0.001,0.001,0.001
1786314,"Will Bitcoin reach $78,000 March 30-April 5?",2026-04-06 00:00:00.000000 UTC,21,31206.0,0.191,0.001,0.999
1786314,"Will Bitcoin reach $78,000 March 30-April 5?",2026-04-06 02:00:00.000000 UTC,1,0.0,0.001,0.001,0.001
1786320,"Will Bitcoin reach $76,000 March 30-April 5?",2026-03-30 06:00:00.000000 UTC,11,346.0,0.123,0.04,0.94
1786320,"Will Bitcoin reach $76,000 March 30-April 5?",2026-03-30 07:00:00.000000 UTC,13,415.0,0.318,0.04,0.94
1786320,"Will Bitcoin reach $76,000 March 30-April 5?",2026-03-30 08:00:00.000000 UTC,72,1234.0,0.262,0.05,0.95
1786320,"Will Bitcoin reach $76,000 March 30-April 5?",2026-03-30 09:00:00.000000 UTC,53,3855.0,0.482,0.04,0.95
1786320,"Will Bitcoin reach $76,000 March 30-April 5?",2026-03-30 10:00:00.000000 UTC,114,7754.0,0.282,0.04,0.95
1786320,"Will Bitcoin reach $76,000 March 30-April 5?",2026-03-30 11:00:00.000000 UTC,55,1953.0,0.2,0.04,0.95
1786320,"Will Bitcoin reach $76,000 March 30-April 5?",2026-03-30 12:00:00.000000 UTC,70,3563.0,0.383,0.05,0.94
1786320,"Will Bitcoin reach $76,000 March 30-April 5?",2026-03-30 13:00:00.000000 UTC,7,501.0,0.559,0.05,0.94
1786320,"Will Bitcoin reach $76,000 March 30-April 5?",2026-03-30 14:00:00.000000 UTC,18,12043.0,0.208,0.05,0.95
1786320,"Will Bitcoin reach $76,000 March 30-April 5?",2026-03-30 15:00:00.000000 UTC,57,17774.0,0.399,0.05,0.95
1786320,"Will Bitcoin reach $76,000 March 30-April 5?",2026-03-30 16:00:00.000000 UTC,9,112.0,0.357,0.06,0.94
1786320,"Will Bitcoin reach $76,000 March 30-April 5?",2026-03-30 17:00:00.000000 UTC,22,9175.0,0.209,0.039,0.96
1786320,"Will Bitcoin reach $76,000 March 30-April 5?",2026-03-30 19:00:00.000000 UTC,1,4.0,0.029,0.029,0.029
1786320,"Will Bitcoin reach $76,000 March 30-April 5?",2026-03-30 20:00:00.000000 UTC,7,5.0,0.023,0.021,0.029
1786320,"Will Bitcoin reach $76,000 March 30-April 5?",2026-03-30 21:00:00.000000 UTC,5,145.0,0.405,0.029,0.971
1786320,"Will Bitcoin reach $76,000 March 30-April 5?",2026-03-30 22:00:00.000000 UTC,3,29.0,0.343,0.03,0.965
1786320,"Will Bitcoin reach $76,000 March 30-April 5?",2026-03-30 23:00:00.000000 UTC,4,617.0,0.498,0.037,0.959
1786320,"Will Bitcoin reach $76,000 March 30-April 5?",2026-03-31 00:00:00.000000 UTC,8,361.0,0.729,0.031,0.964
1786320,"Will Bitcoin reach $76,000 March 30-April 5?",2026-03-31 01:00:00.000000 UTC,22,9865.0,0.497,0.05,0.95
1786320,"Will Bitcoin reach $76,000 March 30-April 5?",2026-03-31 02:00:00.000000 UTC,8,7.0,0.168,0.052,0.951
1786320,"Will Bitcoin reach $76,000 March 30-April 5?",2026-03-31 03:00:00.000000 UTC,4,92.0,0.5,0.047,0.951
1786320,"Will Bitcoin reach $76,000 March 30-April 5?",2026-03-31 04:00:00.000000 UTC,3,10.0,0.057,0.056,0.058
1786320,"Will Bitcoin reach $76,000 March 30-April 5?",2026-03-31 05:00:00.000000 UTC,1,38.0,0.95,0.95,0.95
1786320,"Will Bitcoin reach $76,000 March 30-April 5?",2026-03-31 06:00:00.000000 UTC,1,2.0,0.042,0.042,0.042
1786320,"Will Bitcoin reach $76,000 March 30-April 5?",2026-03-31 07:00:00.000000 UTC,9,178.0,0.347,0.043,0.956
1786320,"Will Bitcoin reach $76,000 March 30-April 5?",2026-03-31 08:00:00.000000 UTC,18,49.0,0.044,0.041,0.055
1786320,"Will Bitcoin reach $76,000 March 30-April 5?",2026-03-31 09:00:00.000000 UTC,9,77.0,0.247,0.041,0.957
1786320,"Will Bitcoin reach $76,000 March 30-April 5?",2026-03-31 10:00:00.000000 UTC,11,218.0,0.208,0.025,0.975
1786320,"Will Bitcoin reach $76,000 March 30-April 5?",2026-03-31 11:00:00.000000 UTC,2,1.0,0.034,0.034,0.034
1786320,"Will Bitcoin reach $76,000 March 30-April 5?",2026-03-31 13:00:00.000000 UTC,5,217.0,0.594,0.034,0.97
1786320,"Will Bitcoin reach $76,000 March 30-April 5?",2026-03-31 14:00:00.000000 UTC,20,2083.0,0.265,0.025,0.959
1786320,"Will Bitcoin reach $76,000 March 30-April 5?",2026-03-31 15:00:00.000000 UTC,32,5025.0,0.47,0.027,0.97
1786320,"Will Bitcoin reach $76,000 March 30-April 5?",2026-03-31 16:00:00.000000 UTC,16,557.0,0.388,0.051,0.949
1786320,"Will Bitcoin reach $76,000 March 30-April 5?",2026-03-31 17:00:00.000000 UTC,12,323.0,0.498,0.042,0.947
1786320,"Will Bitcoin reach $76,000 March 30-April 5?",2026-03-31 18:00:00.000000 UTC,3,3.0,0.053,0.041,0.059
1786320,"Will Bitcoin reach $76,000 March 30-April 5?",2026-03-31 19:00:00.000000 UTC,8,17.0,0.273,0.037,0.956
1786320,"Will Bitcoin reach $76,000 March 30-April 5?",2026-03-31 20:00:00.000000 UTC,13,162.0,0.255,0.045,0.95
1786320,"Will Bitcoin reach $76,000 March 30-April 5?",2026-03-31 21:00:00.000000 UTC,7,4.0,0.048,0.043,0.054
1786320,"Will Bitcoin reach $76,000 March 30-April 5?",2026-03-31 22:00:00.000000 UTC,9,126.0,0.348,0.04,0.951
1786320,"Will Bitcoin reach $76,000 March 30-April 5?",2026-03-31 23:00:00.000000 UTC,31,1518.0,0.219,0.033,0.956
1786320,"Will Bitcoin reach $76,000 March 30-April 5?",2026-04-01 00:00:00.000000 UTC,6,8.0,0.042,0.034,0.048
1786320,"Will Bitcoin reach $76,000 March 30-April 5?",2026-04-01 01:00:00.000000 UTC,21,4219.0,0.215,0.033,0.965
1786320,"Will Bitcoin reach $76,000 March 30-April 5?",2026-04-01 02:00:00.000000 UTC,3,10.0,0.041,0.04,0.042
1786320,"Will Bitcoin reach $76,000 March 30-April 5?",2026-04-01 03:00:00.000000 UTC,8,0.0,0.036,0.03,0.04
1786320,"Will Bitcoin reach $76,000 March 30-April 5?",2026-04-01 04:00:00.000000 UTC,1,0.0,0.047,0.047,0.047
1786320,"Will Bitcoin reach $76,000 March 30-April 5?",2026-04-01 05:00:00.000000 UTC,18,507.0,0.202,0.041,0.959
1786320,"Will Bitcoin reach $76,000 March 30-April 5?",2026-04-01 06:00:00.000000 UTC,35,1158.0,0.338,0.045,0.954
1786320,"Will Bitcoin reach $76,000 March 30-April 5?",2026-04-01 07:00:00.000000 UTC,20,2300.0,0.538,0.061,0.932
1786320,"Will Bitcoin reach $76,000 March 30-April 5?",2026-04-01 08:00:00.000000 UTC,16,46.0,0.275,0.035,0.965
1786320,"Will Bitcoin reach $76,000 March 30-April 5?",2026-04-01 09:00:00.000000 UTC,33,354.0,0.456,0.026,0.973
1786320,"Will Bitcoin reach $76,000 March 30-April 5?",2026-04-01 10:00:00.000000 UTC,6,20.0,0.187,0.025,0.97
1786320,"Will Bitcoin reach $76,000 March 30-April 5?",2026-04-01 11:00:00.000000 UTC,7,33.0,0.164,0.023,0.97
1786320,"Will Bitcoin reach $76,000 March 30-April 5?",2026-04-01 12:00:00.000000 UTC,2,20.0,0.975,0.975,0.975
1786320,"Will Bitcoin reach $76,000 March 30-April 5?",2026-04-01 13:00:00.000000 UTC,49,6072.0,0.374,0.025,0.974
1786320,"Will Bitcoin reach $76,000 March 30-April 5?",2026-04-01 14:00:00.000000 UTC,38,1336.0,0.5,0.03,0.975
1786320,"Will Bitcoin reach $76,000 March 30-April 5?",2026-04-01 15:00:00.000000 UTC,11,100.0,0.37,0.031,0.95
1786320,"Will Bitcoin reach $76,000 March 30-April 5?",2026-04-01 16:00:00.000000 UTC,5,325.0,0.406,0.042,0.947
1786320,"Will Bitcoin reach $76,000 March 30-April 5?",2026-04-01 17:00:00.000000 UTC,14,1688.0,0.63,0.048,0.959
1786320,"Will Bitcoin reach $76,000 March 30-April 5?",2026-04-01 18:00:00.000000 UTC,12,805.0,0.578,0.034,0.97
1786320,"Will Bitcoin reach $76,000 March 30-April 5?",2026-04-01 19:00:00.000000 UTC,8,3.0,0.266,0.033,0.966
1786320,"Will Bitcoin reach $76,000 March 30-April 5?",2026-04-01 20:00:00.000000 UTC,14,296.0,0.767,0.033,0.968
1786320,"Will Bitcoin reach $76,000 March 30-April 5?",2026-04-01 21:00:00.000000 UTC,16,4459.0,0.383,0.033,0.965
1786320,"Will Bitcoin reach $76,000 March 30-April 5?",2026-04-01 22:00:00.000000 UTC,10,417.0,0.594,0.033,0.969
1786320,"Will Bitcoin reach $76,000 March 30-April 5?",2026-04-01 23:00:00.000000 UTC,7,106.0,0.702,0.032,0.969
1786320,"Will Bitcoin reach $76,000 March 30-April 5?",2026-04-02 00:00:00.000000 UTC,8,140.0,0.852,0.034,0.97
1786320,"Will Bitcoin reach $76,000 March 30-April 5?",2026-04-02 01:00:00.000000 UTC,28,1265.0,0.464,0.02,0.98
1786320,"Will Bitcoin reach $76,000 March 30-April 5?",2026-04-02 02:00:00.000000 UTC,18,40.0,0.124,0.01,0.988
1786320,"Will Bitcoin reach $76,000 March 30-April 5?",2026-04-02 03:00:00.000000 UTC,6,23.0,0.825,0.01,0.99
1786320,"Will Bitcoin reach $76,000 March 30-April 5?",2026-04-02 04:00:00.000000 UTC,17,480.0,0.299,0.009,0.99
1786320,"Will Bitcoin reach $76,000 March 30-April 5?",2026-04-02 05:00:00.000000 UTC,16,4794.0,0.499,0.01,0.987
1786320,"Will Bitcoin reach $76,000 March 30-April 5?",2026-04-02 06:00:00.000000 UTC,6,3.0,0.339,0.015,0.986
1786320,"Will Bitcoin reach $76,000 March 30-April 5?",2026-04-02 07:00:00.000000 UTC,8,604.0,0.742,0.01,0.986
1786320,"Will Bitcoin reach $76,000 March 30-April 5?",2026-04-02 08:00:00.000000 UTC,8,28.0,0.868,0.01,0.991
1786320,"Will Bitcoin reach $76,000 March 30-April 5?",2026-04-02 09:00:00.000000 UTC,23,256.0,0.437,0.01,0.991
1786320,"Will Bitcoin reach $76,000 March 30-April 5?",2026-04-02 10:00:00.000000 UTC,13,323.0,0.538,0.009,0.992
1786320,"Will Bitcoin reach $76,000 March 30-April 5?",2026-04-02 11:00:00.000000 UTC,9,4171.0,0.228,0.01,0.99
1786320,"Will Bitcoin reach $76,000 March 30-April 5?",2026-04-02 12:00:00.000000 UTC,5,201.0,0.991,0.989,0.992
1786320,"Will Bitcoin reach $76,000 March 30-April 5?",2026-04-02 13:00:00.000000 UTC,16,1576.0,0.62,0.006,0.993
1786320,"Will Bitcoin reach $76,000 March 30-April 5?",2026-04-02 14:00:00.000000 UTC,9,595.0,0.225,0.004,0.993
1786320,"Will Bitcoin reach $76,000 March 30-April 5?",2026-04-02 15:00:00.000000 UTC,8,5.0,0.004,0.003,0.008
1786320,"Will Bitcoin reach $76,000 March 30-April 5?",2026-04-02 16:00:00.000000 UTC,3,1.0,0.005,0.003,0.007
1786320,"Will Bitcoin reach $76,000 March 30-April 5?",2026-04-02 17:00:00.000000 UTC,4,0.0,0.005,0.003,0.008
1786320,"Will Bitcoin reach $76,000 March 30-April 5?",2026-04-02 18:00:00.000000 UTC,6,0.0,0.003,0.003,0.003
1786320,"Will Bitcoin reach $76,000 March 30-April 5?",2026-04-02 19:00:00.000000 UTC,16,1642.0,0.374,0.005,0.992
1786320,"Will Bitcoin reach $76,000 March 30-April 5?",2026-04-02 20:00:00.000000 UTC,10,82.0,0.202,0.006,0.987
1786320,"Will Bitcoin reach $76,000 March 30-April 5?",2026-04-02 21:00:00.000000 UTC,6,857.0,0.335,0.007,0.988
1786320,"Will Bitcoin reach $76,000 March 30-April 5?",2026-04-02 22:00:00.000000 UTC,3,0.0,0.009,0.009,0.009
1786320,"Will Bitcoin reach $76,000 March 30-April 5?",2026-04-02 23:00:00.000000 UTC,6,0.0,0.01,0.009,0.01
1786320,"Will Bitcoin reach $76,000 March 30-April 5?",2026-04-03 00:00:00.000000 UTC,7,3.0,0.009,0.007,0.01
1786320,"Will Bitcoin reach $76,000 March 30-April 5?",2026-04-03 01:00:00.000000 UTC,7,4.0,0.006,0.005,0.007
1786320,"Will Bitcoin reach $76,000 March 30-April 5?",2026-04-03 02:00:00.000000 UTC,17,2599.0,0.529,0.009,0.994
1786320,"Will Bitcoin reach $76,000 March 30-April 5?",2026-04-03 03:00:00.000000 UTC,9,33.0,0.227,0.009,0.988
1786320,"Will Bitcoin reach $76,000 March 30-April 5?",2026-04-03 04:00:00.000000 UTC,7,29.0,0.29,0.01,0.989
1786320,"Will Bitcoin reach $76,000 March 30-April 5?",2026-04-03 05:00:00.000000 UTC,14,0.0,0.006,0.004,0.009
1786320,"Will Bitcoin reach $76,000 March 30-April 5?",2026-04-03 06:00:00.000000 UTC,10,0.0,0.009,0.009,0.01
1786320,"Will Bitcoin reach $76,000 March 30-April 5?",2026-04-03 07:00:00.000000 UTC,13,1.0,0.005,0.004,0.009
1786320,"Will Bitcoin reach $76,000 March 30-April 5?",2026-04-03 08:00:00.000000 UTC,9,78.0,0.113,0.003,0.994
1786320,"Will Bitcoin reach $76,000 March 30-April 5?",2026-04-03 09:00:00.000000 UTC,11,0.0,0.003,0.003,0.003
1786320,"Will Bitcoin reach $76,000 March 30-April 5?",2026-04-03 10:00:00.000000 UTC,7,249.0,0.145,0.003,0.996
1786320,"Will Bitcoin reach $76,000 March 30-April 5?",2026-04-03 11:00:00.000000 UTC,17,1241.0,0.295,0.003,0.996
1786320,"Will Bitcoin reach $76,000 March 30-April 5?",2026-04-03 12:00:00.000000 UTC,8,124.0,0.253,0.006,0.992
1786320,"Will Bitcoin reach $76,000 March 30-April 5?",2026-04-03 13:00:00.000000 UTC,11,77.0,0.275,0.006,0.992
1786320,"Will Bitcoin reach $76,000 March 30-April 5?",2026-04-03 14:00:00.000000 UTC,8,0.0,0.005,0.005,0.007
1786320,"Will Bitcoin reach $76,000 March 30-April 5?",2026-04-03 15:00:00.000000 UTC,16,13.0,0.067,0.005,0.996
1786320,"Will Bitcoin reach $76,000 March 30-April 5?",2026-04-03 16:00:00.000000 UTC,7,2.0,0.147,0.005,0.996
1786320,"Will Bitcoin reach $76,000 March 30-April 5?",2026-04-03 17:00:00.000000 UTC,7,1044.0,0.996,0.993,0.996
1786320,"Will Bitcoin reach $76,000 March 30-April 5?",2026-04-03 18:00:00.000000 UTC,8,1415.0,0.872,0.006,0.996
1786320,"Will Bitcoin reach $76,000 March 30-April 5?",2026-04-03 19:00:00.000000 UTC,8,13.0,0.996,0.996,0.996
1786320,"Will Bitcoin reach $76,000 March 30-April 5?",2026-04-03 20:00:00.000000 UTC,8,23.0,0.872,0.006,0.996
1786320,"Will Bitcoin reach $76,000 March 30-April 5?",2026-04-03 21:00:00.000000 UTC,11,17.0,0.906,0.006,0.996
1786320,"Will Bitcoin reach $76,000 March 30-April 5?",2026-04-03 22:00:00.000000 UTC,8,10.0,0.872,0.006,0.996
1786320,"Will Bitcoin reach $76,000 March 30-April 5?",2026-04-03 23:00:00.000000 UTC,4,503.0,0.996,0.996,0.996
1786320,"Will Bitcoin reach $76,000 March 30-April 5?",2026-04-04 00:00:00.000000 UTC,23,610.0,0.133,0.003,0.997
1786320,"Will Bitcoin reach $76,000 March 30-April 5?",2026-04-04 01:00:00.000000 UTC,18,1190.0,0.997,0.997,0.997
1786320,"Will Bitcoin reach $76,000 March 30-April 5?",2026-04-04 02:00:00.000000 UTC,10,279.0,0.998,0.997,0.998
1786320,"Will Bitcoin reach $76,000 March 30-April 5?",2026-04-04 03:00:00.000000 UTC,14,14.0,0.785,0.003,0.998
1786320,"Will Bitcoin reach $76,000 March 30-April 5?",2026-04-04 04:00:00.000000 UTC,8,10.0,0.874,0.003,0.998
1786320,"Will Bitcoin reach $76,000 March 30-April 5?",2026-04-04 05:00:00.000000 UTC,22,1518.0,0.59,0.002,0.998
1786320,"Will Bitcoin reach $76,000 March 30-April 5?",2026-04-04 06:00:00.000000 UTC,6,0.0,0.002,0.002,0.002
1786320,"Will Bitcoin reach $76,000 March 30-April 5?",2026-04-04 07:00:00.000000 UTC,18,1013.0,0.224,0.002,0.996
1786320,"Will Bitcoin reach $76,000 March 30-April 5?",2026-04-04 08:00:00.000000 UTC,13,322.0,0.155,0.002,0.995
1786320,"Will Bitcoin reach $76,000 March 30-April 5?",2026-04-04 09:00:00.000000 UTC,5,199.0,0.201,0.002,0.995
1786320,"Will Bitcoin reach $76,000 March 30-April 5?",2026-04-04 10:00:00.000000 UTC,15,2.0,0.002,0.002,0.002
1786320,"Will Bitcoin reach $76,000 March 30-April 5?",2026-04-04 11:00:00.000000 UTC,12,435.0,0.333,0.002,0.997
1786320,"Will Bitcoin reach $76,000 March 30-April 5?",2026-04-04 12:00:00.000000 UTC,22,505.0,0.454,0.002,0.997
1786320,"Will Bitcoin reach $76,000 March 30-April 5?",2026-04-04 13:00:00.000000 UTC,26,10.0,0.155,0.002,0.996
1786320,"Will Bitcoin reach $76,000 March 30-April 5?",2026-04-04 14:00:00.000000 UTC,23,1.0,0.002,0.002,0.003
1786320,"Will Bitcoin reach $76,000 March 30-April 5?",2026-04-04 15:00:00.000000 UTC,21,450.0,0.097,0.001,0.998
1786320,"Will Bitcoin reach $76,000 March 30-April 5?",2026-04-04 16:00:00.000000 UTC,19,0.0,0.001,0.001,0.002
1786320,"Will Bitcoin reach $76,000 March 30-April 5?",2026-04-04 17:00:00.000000 UTC,22,0.0,0.002,0.001,0.003
1786320,"Will Bitcoin reach $76,000 March 30-April 5?",2026-04-04 18:00:00.000000 UTC,13,0.0,0.001,0.001,0.001
1786320,"Will Bitcoin reach $76,000 March 30-April 5?",2026-04-04 19:00:00.000000 UTC,9,1.0,0.001,0.001,0.002
1786320,"Will Bitcoin reach $76,000 March 30-April 5?",2026-04-04 20:00:00.000000 UTC,9,0.0,0.002,0.001,0.002
1786320,"Will Bitcoin reach $76,000 March 30-April 5?",2026-04-04 21:00:00.000000 UTC,7,0.0,0.001,0.001,0.001
1786320,"Will Bitcoin reach $76,000 March 30-April 5?",2026-04-04 22:00:00.000000 UTC,5,4.0,0.599,0.001,0.998
1786320,"Will Bitcoin reach $76,000 March 30-April 5?",2026-04-04 23:00:00.000000 UTC,6,423.0,0.832,0.003,0.998
1786320,"Will Bitcoin reach $76,000 March 30-April 5?",2026-04-05 00:00:00.000000 UTC,47,5837.0,0.447,0.001,0.999
1786320,"Will Bitcoin reach $76,000 March 30-April 5?",2026-04-05 01:00:00.000000 UTC,2,0.0,0.001,0.001,0.001
1786320,"Will Bitcoin reach $76,000 March 30-April 5?",2026-04-05 02:00:00.000000 UTC,1,0.0,0.001,0.001,0.001
1786320,"Will Bitcoin reach $76,000 March 30-April 5?",2026-04-05 07:00:00.000000 UTC,8,10.0,0.001,0.001,0.001
1786320,"Will Bitcoin reach $76,000 March 30-April 5?",2026-04-05 11:00:00.000000 UTC,1,0.0,0.001,0.001,0.001
1786320,"Will Bitcoin reach $76,000 March 30-April 5?",2026-04-05 14:00:00.000000 UTC,1,0.0,0.001,0.001,0.001
1786320,"Will Bitcoin reach $76,000 March 30-April 5?",2026-04-05 20:00:00.000000 UTC,1,1.0,0.001,0.001,0.001
1786320,"Will Bitcoin reach $76,000 March 30-April 5?",2026-04-05 22:00:00.000000 UTC,13,4334.0,0.155,0.001,0.999
1786320,"Will Bitcoin reach $76,000 March 30-April 5?",2026-04-05 23:00:00.000000 UTC,4,2.0,0.001,0.001,0.001
1786320,"Will Bitcoin reach $76,000 March 30-April 5?",2026-04-06 00:00:00.000000 UTC,14,33.0,0.072,0.001,0.995
1786320,"Will Bitcoin reach $76,000 March 30-April 5?",2026-04-06 01:00:00.000000 UTC,12,524.0,0.084,0.001,0.999
1786323,"Will Bitcoin reach $74,000 March 30-April 5?",2026-03-30 05:00:00.000000 UTC,4,261.0,0.152,0.15,0.16
1786323,"Will Bitcoin reach $74,000 March 30-April 5?",2026-03-30 07:00:00.000000 UTC,19,247.0,0.302,0.08,0.89
1786323,"Will Bitcoin reach $74,000 March 30-April 5?",2026-03-30 08:00:00.000000 UTC,180,4927.0,0.278,0.1,0.89
1786323,"Will Bitcoin reach $74,000 March 30-April 5?",2026-03-30 09:00:00.000000 UTC,78,3749.0,0.522,0.11,0.86
1786323,"Will Bitcoin reach $74,000 March 30-April 5?",2026-03-30 10:00:00.000000 UTC,262,8308.0,0.371,0.09,0.88
1786323,"Will Bitcoin reach $74,000 March 30-April 5?",2026-03-30 11:00:00.000000 UTC,79,1025.0,0.236,0.11,0.88
1786323,"Will Bitcoin reach $74,000 March 30-April 5?",2026-03-30 12:00:00.000000 UTC,109,1715.0,0.277,0.13,0.88
1786323,"Will Bitcoin reach $74,000 March 30-April 5?",2026-03-30 13:00:00.000000 UTC,17,630.0,0.478,0.12,0.88
1786323,"Will Bitcoin reach $74,000 March 30-April 5?",2026-03-30 14:00:00.000000 UTC,58,3610.0,0.5,0.11,0.88
1786323,"Will Bitcoin reach $74,000 March 30-April 5?",2026-03-30 15:00:00.000000 UTC,78,4649.0,0.463,0.13,0.88
1786323,"Will Bitcoin reach $74,000 March 30-April 5?",2026-03-30 16:00:00.000000 UTC,9,108.0,0.709,0.13,0.89
1786323,"Will Bitcoin reach $74,000 March 30-April 5?",2026-03-30 17:00:00.000000 UTC,76,2397.0,0.329,0.07,0.92
1786323,"Will Bitcoin reach $74,000 March 30-April 5?",2026-03-30 18:00:00.000000 UTC,5,4.0,0.248,0.07,0.91
1786323,"Will Bitcoin reach $74,000 March 30-April 5?",2026-03-30 19:00:00.000000 UTC,5,60.0,0.416,0.07,0.94
1786323,"Will Bitcoin reach $74,000 March 30-April 5?",2026-03-30 20:00:00.000000 UTC,15,207.0,0.301,0.06,0.94
1786323,"Will Bitcoin reach $74,000 March 30-April 5?",2026-03-30 21:00:00.000000 UTC,13,667.0,0.595,0.07,0.93
1786323,"Will Bitcoin reach $74,000 March 30-April 5?",2026-03-30 22:00:00.000000 UTC,1,1.0,0.07,0.07,0.07
1786323,"Will Bitcoin reach $74,000 March 30-April 5?",2026-03-30 23:00:00.000000 UTC,3,139.0,0.92,0.92,0.92
1786323,"Will Bitcoin reach $74,000 March 30-April 5?",2026-03-31 00:00:00.000000 UTC,39,1429.0,0.506,0.07,0.92
1786323,"Will Bitcoin reach $74,000 March 30-April 5?",2026-03-31 01:00:00.000000 UTC,130,4012.0,0.383,0.08,0.92
1786323,"Will Bitcoin reach $74,000 March 30-April 5?",2026-03-31 02:00:00.000000 UTC,15,2012.0,0.573,0.13,0.87
1786323,"Will Bitcoin reach $74,000 March 30-April 5?",2026-03-31 03:00:00.000000 UTC,14,748.0,0.505,0.11,0.89
1786323,"Will Bitcoin reach $74,000 March 30-April 5?",2026-03-31 04:00:00.000000 UTC,6,132.0,0.5,0.12,0.89
1786323,"Will Bitcoin reach $74,000 March 30-April 5?",2026-03-31 05:00:00.000000 UTC,89,2534.0,0.387,0.09,0.9
1786323,"Will Bitcoin reach $74,000 March 30-April 5?",2026-03-31 06:00:00.000000 UTC,42,1459.0,0.435,0.09,0.89
1786323,"Will Bitcoin reach $74,000 March 30-April 5?",2026-03-31 07:00:00.000000 UTC,23,1096.0,0.307,0.08,0.89
1786323,"Will Bitcoin reach $74,000 March 30-April 5?",2026-03-31 08:00:00.000000 UTC,9,57.0,0.358,0.08,0.93
1786323,"Will Bitcoin reach $74,000 March 30-April 5?",2026-03-31 09:00:00.000000 UTC,11,212.0,0.62,0.06,0.93
1786323,"Will Bitcoin reach $74,000 March 30-April 5?",2026-03-31 10:00:00.000000 UTC,1,3.0,0.06,0.06,0.06
1786323,"Will Bitcoin reach $74,000 March 30-April 5?",2026-03-31 11:00:00.000000 UTC,6,66.0,0.352,0.06,0.94
1786323,"Will Bitcoin reach $74,000 March 30-April 5?",2026-03-31 12:00:00.000000 UTC,3,60.0,0.937,0.93,0.94
1786323,"Will Bitcoin reach $74,000 March 30-April 5?",2026-03-31 13:00:00.000000 UTC,15,258.0,0.705,0.06,0.94
1786323,"Will Bitcoin reach $74,000 March 30-April 5?",2026-03-31 14:00:00.000000 UTC,37,906.0,0.422,0.05,0.94
1786323,"Will Bitcoin reach $74,000 March 30-April 5?",2026-03-31 15:00:00.000000 UTC,37,607.0,0.461,0.05,0.95
1786323,"Will Bitcoin reach $74,000 March 30-April 5?",2026-03-31 16:00:00.000000 UTC,8,93.0,0.292,0.08,0.89
1786323,"Will Bitcoin reach $74,000 March 30-April 5?",2026-03-31 17:00:00.000000 UTC,24,217.0,0.294,0.08,0.88
1786323,"Will Bitcoin reach $74,000 March 30-April 5?",2026-03-31 18:00:00.000000 UTC,8,26.0,0.1,0.09,0.12
1786323,"Will Bitcoin reach $74,000 March 30-April 5?",2026-03-31 19:00:00.000000 UTC,11,73.0,0.179,0.09,0.89
1786323,"Will Bitcoin reach $74,000 March 30-April 5?",2026-03-31 20:00:00.000000 UTC,3,84.0,0.89,0.89,0.89
1786323,"Will Bitcoin reach $74,000 March 30-April 5?",2026-03-31 21:00:00.000000 UTC,10,350.0,0.574,0.11,0.89
1786323,"Will Bitcoin reach $74,000 March 30-April 5?",2026-03-31 22:00:00.000000 UTC,10,291.0,0.496,0.1,0.89
1786323,"Will Bitcoin reach $74,000 March 30-April 5?",2026-03-31 23:00:00.000000 UTC,5,426.0,0.574,0.11,0.89
1786323,"Will Bitcoin reach $74,000 March 30-April 5?",2026-04-01 00:00:00.000000 UTC,12,30.0,0.295,0.09,0.89
1786323,"Will Bitcoin reach $74,000 March 30-April 5?",2026-04-01 01:00:00.000000 UTC,5,11.0,0.418,0.1,0.88
1786323,"Will Bitcoin reach $74,000 March 30-April 5?",2026-04-01 02:00:00.000000 UTC,8,56.0,0.398,0.09,0.9
1786323,"Will Bitcoin reach $74,000 March 30-April 5?",2026-04-01 03:00:00.000000 UTC,7,66.0,0.211,0.09,0.89
1786323,"Will Bitcoin reach $74,000 March 30-April 5?",2026-04-01 04:00:00.000000 UTC,3,18.0,0.113,0.11,0.12
1786323,"Will Bitcoin reach $74,000 March 30-April 5?",2026-04-01 05:00:00.000000 UTC,18,264.0,0.539,0.12,0.88
1786323,"Will Bitcoin reach $74,000 March 30-April 5?",2026-04-01 06:00:00.000000 UTC,18,230.0,0.467,0.14,0.86
1786323,"Will Bitcoin reach $74,000 March 30-April 5?",2026-04-01 07:00:00.000000 UTC,16,2109.0,0.322,0.12,0.84
1786323,"Will Bitcoin reach $74,000 March 30-April 5?",2026-04-01 08:00:00.000000 UTC,11,1254.0,0.255,0.11,0.85
1786323,"Will Bitcoin reach $74,000 March 30-April 5?",2026-04-01 09:00:00.000000 UTC,12,3900.0,0.303,0.1,0.88
1786323,"Will Bitcoin reach $74,000 March 30-April 5?",2026-04-01 10:00:00.000000 UTC,6,84.0,0.363,0.1,0.89
1786323,"Will Bitcoin reach $74,000 March 30-April 5?",2026-04-01 11:00:00.000000 UTC,11,650.0,0.459,0.1,0.89
1786323,"Will Bitcoin reach $74,000 March 30-April 5?",2026-04-01 12:00:00.000000 UTC,17,600.0,0.335,0.09,0.9
1786323,"Will Bitcoin reach $74,000 March 30-April 5?",2026-04-01 13:00:00.000000 UTC,63,5953.0,0.422,0.06,0.94
1786323,"Will Bitcoin reach $74,000 March 30-April 5?",2026-04-01 14:00:00.000000 UTC,51,852.0,0.25,0.07,0.9
1786323,"Will Bitcoin reach $74,000 March 30-April 5?",2026-04-01 15:00:00.000000 UTC,15,139.0,0.372,0.11,0.89
1786323,"Will Bitcoin reach $74,000 March 30-April 5?",2026-04-01 16:00:00.000000 UTC,9,48.0,0.29,0.12,0.86
1786323,"Will Bitcoin reach $74,000 March 30-April 5?",2026-04-01 17:00:00.000000 UTC,3,743.0,0.37,0.1,0.88
1786323,"Will Bitcoin reach $74,000 March 30-April 5?",2026-04-01 18:00:00.000000 UTC,20,1486.0,0.377,0.08,0.9
1786323,"Will Bitcoin reach $74,000 March 30-April 5?",2026-04-01 19:00:00.000000 UTC,15,699.0,0.367,0.09,0.9
1786323,"Will Bitcoin reach $74,000 March 30-April 5?",2026-04-01 20:00:00.000000 UTC,11,1902.0,0.46,0.09,0.9
1786323,"Will Bitcoin reach $74,000 March 30-April 5?",2026-04-01 21:00:00.000000 UTC,6,49.0,0.093,0.09,0.1
1786323,"Will Bitcoin reach $74,000 March 30-April 5?",2026-04-01 22:00:00.000000 UTC,4,87.0,0.505,0.11,0.9
1786323,"Will Bitcoin reach $74,000 March 30-April 5?",2026-04-01 23:00:00.000000 UTC,1,0.0,0.09,0.09,0.09
1786323,"Will Bitcoin reach $74,000 March 30-April 5?",2026-04-02 00:00:00.000000 UTC,14,982.0,0.553,0.09,0.9
1786323,"Will Bitcoin reach $74,000 March 30-April 5?",2026-04-02 01:00:00.000000 UTC,17,289.0,0.319,0.05,0.95
1786323,"Will Bitcoin reach $74,000 March 30-April 5?",2026-04-02 02:00:00.000000 UTC,9,83.0,0.143,0.04,0.96
1786323,"Will Bitcoin reach $74,000 March 30-April 5?",2026-04-02 03:00:00.000000 UTC,8,39.0,0.274,0.04,0.96
1786323,"Will Bitcoin reach $74,000 March 30-April 5?",2026-04-02 04:00:00.000000 UTC,39,30268.0,0.437,0.03,0.962
1786323,"Will Bitcoin reach $74,000 March 30-April 5?",2026-04-02 05:00:00.000000 UTC,8,100.0,0.268,0.032,0.962
1786323,"Will Bitcoin reach $74,000 March 30-April 5?",2026-04-02 06:00:00.000000 UTC,6,80.0,0.499,0.032,0.969
1786323,"Will Bitcoin reach $74,000 March 30-April 5?",2026-04-02 07:00:00.000000 UTC,5,9.0,0.22,0.033,0.961
1786323,"Will Bitcoin reach $74,000 March 30-April 5?",2026-04-02 08:00:00.000000 UTC,10,74.0,0.403,0.022,0.973
1786323,"Will Bitcoin reach $74,000 March 30-April 5?",2026-04-02 09:00:00.000000 UTC,6,601.0,0.815,0.026,0.974
1786323,"Will Bitcoin reach $74,000 March 30-April 5?",2026-04-02 10:00:00.000000 UTC,1,1.0,0.025,0.025,0.025
1786323,"Will Bitcoin reach $74,000 March 30-April 5?",2026-04-02 11:00:00.000000 UTC,6,21.0,0.18,0.017,0.976
1786323,"Will Bitcoin reach $74,000 March 30-April 5?",2026-04-02 12:00:00.000000 UTC,1,1.0,0.012,0.012,0.012
1786323,"Will Bitcoin reach $74,000 March 30-April 5?",2026-04-02 13:00:00.000000 UTC,26,900.0,0.237,0.008,0.99
1786323,"Will Bitcoin reach $74,000 March 30-April 5?",2026-04-02 14:00:00.000000 UTC,39,5064.0,0.879,0.019,0.98
1786323,"Will Bitcoin reach $74,000 March 30-April 5?",2026-04-02 15:00:00.000000 UTC,2,317.0,0.969,0.965,0.973
1786323,"Will Bitcoin reach $74,000 March 30-April 5?",2026-04-02 16:00:00.000000 UTC,2,4.0,0.035,0.035,0.035
1786323,"Will Bitcoin reach $74,000 March 30-April 5?",2026-04-02 17:00:00.000000 UTC,4,95.0,0.5,0.03,0.97
1786323,"Will Bitcoin reach $74,000 March 30-April 5?",2026-04-02 18:00:00.000000 UTC,6,700.0,0.66,0.025,0.982
1786323,"Will Bitcoin reach $74,000 March 30-April 5?",2026-04-02 19:00:00.000000 UTC,22,986.0,0.853,0.019,0.986
1786323,"Will Bitcoin reach $74,000 March 30-April 5?",2026-04-02 20:00:00.000000 UTC,5,59.0,0.401,0.011,0.986
1786323,"Will Bitcoin reach $74,000 March 30-April 5?",2026-04-02 21:00:00.000000 UTC,2,15.0,0.502,0.016,0.988
1786323,"Will Bitcoin reach $74,000 March 30-April 5?",2026-04-02 22:00:00.000000 UTC,17,169.0,0.817,0.011,0.99
1786323,"Will Bitcoin reach $74,000 March 30-April 5?",2026-04-02 23:00:00.000000 UTC,8,25.0,0.5,0.01,0.988
1786323,"Will Bitcoin reach $74,000 March 30-April 5?",2026-04-03 01:00:00.000000 UTC,6,23.0,0.666,0.014,0.991
1786323,"Will Bitcoin reach $74,000 March 30-April 5?",2026-04-03 02:00:00.000000 UTC,9,126.0,0.119,0.005,0.991
1786323,"Will Bitcoin reach $74,000 March 30-April 5?",2026-04-03 03:00:00.000000 UTC,3,147.0,0.337,0.012,0.988
1786323,"Will Bitcoin reach $74,000 March 30-April 5?",2026-04-03 04:00:00.000000 UTC,10,12.0,0.206,0.009,0.99
1786323,"Will Bitcoin reach $74,000 March 30-April 5?",2026-04-03 05:00:00.000000 UTC,3,2.0,0.009,0.008,0.009
1786323,"Will Bitcoin reach $74,000 March 30-April 5?",2026-04-03 06:00:00.000000 UTC,5,5.0,0.203,0.006,0.99
1786323,"Will Bitcoin reach $74,000 March 30-April 5?",2026-04-03 07:00:00.000000 UTC,7,829.0,0.288,0.006,0.99
1786323,"Will Bitcoin reach $74,000 March 30-April 5?",2026-04-03 08:00:00.000000 UTC,5,73.0,0.401,0.007,0.99
1786323,"Will Bitcoin reach $74,000 March 30-April 5?",2026-04-03 09:00:00.000000 UTC,4,0.0,0.007,0.007,0.007
1786323,"Will Bitcoin reach $74,000 March 30-April 5?",2026-04-03 10:00:00.000000 UTC,9,1026.0,0.335,0.006,0.992
1786323,"Will Bitcoin reach $74,000 March 30-April 5?",2026-04-03 11:00:00.000000 UTC,2,783.0,0.99,0.99,0.99
1786323,"Will Bitcoin reach $74,000 March 30-April 5?",2026-04-03 12:00:00.000000 UTC,2,344.0,0.988,0.987,0.99
1786323,"Will Bitcoin reach $74,000 March 30-April 5?",2026-04-03 13:00:00.000000 UTC,2,19.0,0.988,0.988,0.988
1786323,"Will Bitcoin reach $74,000 March 30-April 5?",2026-04-03 14:00:00.000000 UTC,1,0.0,0.012,0.012,0.012
1786323,"Will Bitcoin reach $74,000 March 30-April 5?",2026-04-03 15:00:00.000000 UTC,7,18.0,0.147,0.005,0.994
1786323,"Will Bitcoin reach $74,000 March 30-April 5?",2026-04-03 16:00:00.000000 UTC,1,0.0,0.004,0.004,0.004
1786323,"Will Bitcoin reach $74,000 March 30-April 5?",2026-04-03 17:00:00.000000 UTC,6,75.0,0.334,0.004,0.994
1786323,"Will Bitcoin reach $74,000 March 30-April 5?",2026-04-03 18:00:00.000000 UTC,2,166.0,0.499,0.004,0.994
1786323,"Will Bitcoin reach $74,000 March 30-April 5?",2026-04-03 19:00:00.000000 UTC,3,20.0,0.334,0.004,0.994
1786323,"Will Bitcoin reach $74,000 March 30-April 5?",2026-04-03 20:00:00.000000 UTC,10,138.0,0.699,0.006,0.995
1786323,"Will Bitcoin reach $74,000 March 30-April 5?",2026-04-03 21:00:00.000000 UTC,4,7.0,0.011,0.011,0.012
1786323,"Will Bitcoin reach $74,000 March 30-April 5?",2026-04-03 23:00:00.000000 UTC,5,1.0,0.006,0.006,0.007
1786323,"Will Bitcoin reach $74,000 March 30-April 5?",2026-04-04 00:00:00.000000 UTC,11,93.0,0.275,0.005,0.995
1786323,"Will Bitcoin reach $74,000 March 30-April 5?",2026-04-04 01:00:00.000000 UTC,4,0.0,0.005,0.005,0.005
1786323,"Will Bitcoin reach $74,000 March 30-April 5?",2026-04-04 02:00:00.000000 UTC,2,76.0,0.497,0.005,0.99
1786323,"Will Bitcoin reach $74,000 March 30-April 5?",2026-04-04 03:00:00.000000 UTC,11,0.0,0.005,0.004,0.006
1786323,"Will Bitcoin reach $74,000 March 30-April 5?",2026-04-04 04:00:00.000000 UTC,3,0.0,0.004,0.004,0.004
1786323,"Will Bitcoin reach $74,000 March 30-April 5?",2026-04-04 05:00:00.000000 UTC,15,797.0,0.203,0.004,0.99
1786323,"Will Bitcoin reach $74,000 March 30-April 5?",2026-04-04 07:00:00.000000 UTC,7,1530.0,0.289,0.005,0.99
1786323,"Will Bitcoin reach $74,000 March 30-April 5?",2026-04-04 08:00:00.000000 UTC,3,0.0,0.005,0.005,0.005
1786323,"Will Bitcoin reach $74,000 March 30-April 5?",2026-04-04 09:00:00.000000 UTC,15,994.0,0.203,0.003,0.997
1786323,"Will Bitcoin reach $74,000 March 30-April 5?",2026-04-04 10:00:00.000000 UTC,1,0.0,0.003,0.003,0.003
1786323,"Will Bitcoin reach $74,000 March 30-April 5?",2026-04-04 11:00:00.000000 UTC,3,283.0,0.666,0.003,0.998
1786323,"Will Bitcoin reach $74,000 March 30-April 5?",2026-04-04 12:00:00.000000 UTC,5,54.0,0.203,0.003,0.998
1786323,"Will Bitcoin reach $74,000 March 30-April 5?",2026-04-04 13:00:00.000000 UTC,3,0.0,0.006,0.006,0.006
1786323,"Will Bitcoin reach $74,000 March 30-April 5?",2026-04-04 14:00:00.000000 UTC,5,1129.0,0.6,0.003,0.998
1786323,"Will Bitcoin reach $74,000 March 30-April 5?",2026-04-04 15:00:00.000000 UTC,10,1947.0,0.302,0.003,0.998
1786323,"Will Bitcoin reach $74,000 March 30-April 5?",2026-04-04 16:00:00.000000 UTC,6,0.0,0.003,0.003,0.004
1786323,"Will Bitcoin reach $74,000 March 30-April 5?",2026-04-04 17:00:00.000000 UTC,10,16.0,0.3,0.003,0.993
1786323,"Will Bitcoin reach $74,000 March 30-April 5?",2026-04-04 18:00:00.000000 UTC,2,1.0,0.5,0.003,0.998
1786323,"Will Bitcoin reach $74,000 March 30-April 5?",2026-04-04 19:00:00.000000 UTC,15,1754.0,0.731,0.005,0.998
1786323,"Will Bitcoin reach $74,000 March 30-April 5?",2026-04-04 20:00:00.000000 UTC,4,2.0,0.5,0.003,0.996
1786323,"Will Bitcoin reach $74,000 March 30-April 5?",2026-04-04 21:00:00.000000 UTC,4,0.0,0.004,0.004,0.005
1786323,"Will Bitcoin reach $74,000 March 30-April 5?",2026-04-04 22:00:00.000000 UTC,5,0.0,0.004,0.004,0.005
1786323,"Will Bitcoin reach $74,000 March 30-April 5?",2026-04-04 23:00:00.000000 UTC,2,0.0,0.004,0.004,0.004
1786323,"Will Bitcoin reach $74,000 March 30-April 5?",2026-04-05 00:00:00.000000 UTC,6,0.0,0.004,0.004,0.004
1786323,"Will Bitcoin reach $74,000 March 30-April 5?",2026-04-05 01:00:00.000000 UTC,6,0.0,0.004,0.003,0.004
1786323,"Will Bitcoin reach $74,000 March 30-April 5?",2026-04-05 02:00:00.000000 UTC,9,21.0,0.226,0.004,0.997
1786323,"Will Bitcoin reach $74,000 March 30-April 5?",2026-04-05 03:00:00.000000 UTC,12,848.0,0.418,0.003,0.998
1786323,"Will Bitcoin reach $74,000 March 30-April 5?",2026-04-05 04:00:00.000000 UTC,3,31.0,0.998,0.998,0.998
1786323,"Will Bitcoin reach $74,000 March 30-April 5?",2026-04-05 05:00:00.000000 UTC,13,150.0,0.921,0.003,0.998
1786323,"Will Bitcoin reach $74,000 March 30-April 5?",2026-04-05 06:00:00.000000 UTC,6,252.0,0.832,0.003,0.998
1786323,"Will Bitcoin reach $74,000 March 30-April 5?",2026-04-05 07:00:00.000000 UTC,21,1065.0,0.096,0.001,0.998
1786323,"Will Bitcoin reach $74,000 March 30-April 5?",2026-04-05 08:00:00.000000 UTC,34,1091.0,0.119,0.001,0.998
1786323,"Will Bitcoin reach $74,000 March 30-April 5?",2026-04-05 09:00:00.000000 UTC,14,0.0,0.001,0.001,0.002
1786323,"Will Bitcoin reach $74,000 March 30-April 5?",2026-04-05 10:00:00.000000 UTC,32,225.0,0.032,0.001,0.999
1786323,"Will Bitcoin reach $74,000 March 30-April 5?",2026-04-05 11:00:00.000000 UTC,40,126.0,0.101,0.001,0.999
1786323,"Will Bitcoin reach $74,000 March 30-April 5?",2026-04-05 12:00:00.000000 UTC,29,921.0,0.448,0.001,0.999
1786323,"Will Bitcoin reach $74,000 March 30-April 5?",2026-04-05 13:00:00.000000 UTC,8,58.0,0.126,0.001,0.999
1786323,"Will Bitcoin reach $74,000 March 30-April 5?",2026-04-05 14:00:00.000000 UTC,2,0.0,0.001,0.001,0.001
1786323,"Will Bitcoin reach $74,000 March 30-April 5?",2026-04-05 15:00:00.000000 UTC,1,0.0,0.001,0.001,0.001
1786323,"Will Bitcoin reach $74,000 March 30-April 5?",2026-04-05 16:00:00.000000 UTC,1,0.0,0.001,0.001,0.001
1786323,"Will Bitcoin reach $74,000 March 30-April 5?",2026-04-05 18:00:00.000000 UTC,5,65.0,0.6,0.001,0.999
1786323,"Will Bitcoin reach $74,000 March 30-April 5?",2026-04-05 19:00:00.000000 UTC,3,508.0,0.334,0.001,0.999
1786323,"Will Bitcoin reach $74,000 March 30-April 5?",2026-04-05 20:00:00.000000 UTC,2,0.0,0.001,0.001,0.001
1786323,"Will Bitcoin reach $74,000 March 30-April 5?",2026-04-05 21:00:00.000000 UTC,9,5.0,0.001,0.001,0.001
1786323,"Will Bitcoin reach $74,000 March 30-April 5?",2026-04-05 23:00:00.000000 UTC,10,37.0,0.101,0.001,0.998
1786323,"Will Bitcoin reach $74,000 March 30-April 5?",2026-04-06 00:00:00.000000 UTC,7,4959.0,0.286,0.001,0.998
1786323,"Will Bitcoin reach $74,000 March 30-April 5?",2026-04-06 01:00:00.000000 UTC,28,1834.0,0.144,0.001,0.999
1786323,"Will Bitcoin reach $74,000 March 30-April 5?",2026-04-06 02:00:00.000000 UTC,2,110.0,0.5,0.001,0.999
1786325,"Will Bitcoin reach $72,000 March 30-April 5?",2026-03-30 05:00:00.000000 UTC,2,239.0,0.345,0.34,0.35
1786325,"Will Bitcoin reach $72,000 March 30-April 5?",2026-03-30 07:00:00.000000 UTC,23,399.0,0.379,0.06,0.93
1786325,"Will Bitcoin reach $72,000 March 30-April 5?",2026-03-30 08:00:00.000000 UTC,140,6101.0,0.39,0.28,0.69
1786325,"Will Bitcoin reach $72,000 March 30-April 5?",2026-03-30 09:00:00.000000 UTC,25,885.0,0.489,0.28,0.7
1786325,"Will Bitcoin reach $72,000 March 30-April 5?",2026-03-30 10:00:00.000000 UTC,86,1807.0,0.387,0.26,0.72
1786325,"Will Bitcoin reach $72,000 March 30-April 5?",2026-03-30 11:00:00.000000 UTC,36,529.0,0.437,0.32,0.71
1786325,"Will Bitcoin reach $72,000 March 30-April 5?",2026-03-30 12:00:00.000000 UTC,36,1526.0,0.432,0.3,0.7
1786325,"Will Bitcoin reach $72,000 March 30-April 5?",2026-03-30 13:00:00.000000 UTC,29,1831.0,0.509,0.28,0.71
1786325,"Will Bitcoin reach $72,000 March 30-April 5?",2026-03-30 14:00:00.000000 UTC,24,507.0,0.335,0.24,0.75
1786325,"Will Bitcoin reach $72,000 March 30-April 5?",2026-03-30 15:00:00.000000 UTC,43,1974.0,0.527,0.28,0.69
1786325,"Will Bitcoin reach $72,000 March 30-April 5?",2026-03-30 16:00:00.000000 UTC,16,167.0,0.448,0.26,0.74
1786325,"Will Bitcoin reach $72,000 March 30-April 5?",2026-03-30 17:00:00.000000 UTC,100,2699.0,0.491,0.19,0.8
1786325,"Will Bitcoin reach $72,000 March 30-April 5?",2026-03-30 18:00:00.000000 UTC,12,280.0,0.298,0.19,0.81
1786325,"Will Bitcoin reach $72,000 March 30-April 5?",2026-03-30 19:00:00.000000 UTC,12,191.0,0.342,0.16,0.84
1786325,"Will Bitcoin reach $72,000 March 30-April 5?",2026-03-30 20:00:00.000000 UTC,5,31.0,0.302,0.17,0.8
1786325,"Will Bitcoin reach $72,000 March 30-April 5?",2026-03-30 21:00:00.000000 UTC,6,193.0,0.7,0.19,0.81
1786325,"Will Bitcoin reach $72,000 March 30-April 5?",2026-03-30 22:00:00.000000 UTC,3,38.0,0.593,0.2,0.79
1786325,"Will Bitcoin reach $72,000 March 30-April 5?",2026-03-30 23:00:00.000000 UTC,2,6.0,0.205,0.2,0.21
1786325,"Will Bitcoin reach $72,000 March 30-April 5?",2026-03-31 00:00:00.000000 UTC,25,1223.0,0.514,0.18,0.77
1786325,"Will Bitcoin reach $72,000 March 30-April 5?",2026-03-31 01:00:00.000000 UTC,101,3124.0,0.447,0.21,0.77
1786325,"Will Bitcoin reach $72,000 March 30-April 5?",2026-03-31 02:00:00.000000 UTC,6,23.0,0.507,0.32,0.69
1786325,"Will Bitcoin reach $72,000 March 30-April 5?",2026-03-31 03:00:00.000000 UTC,3,29.0,0.433,0.3,0.69
1786325,"Will Bitcoin reach $72,000 March 30-April 5?",2026-03-31 04:00:00.000000 UTC,20,417.0,0.499,0.27,0.72
1786325,"Will Bitcoin reach $72,000 March 30-April 5?",2026-03-31 05:00:00.000000 UTC,52,1495.0,0.582,0.24,0.74
1786325,"Will Bitcoin reach $72,000 March 30-April 5?",2026-03-31 06:00:00.000000 UTC,34,1229.0,0.521,0.25,0.75
1786325,"Will Bitcoin reach $72,000 March 30-April 5?",2026-03-31 07:00:00.000000 UTC,3,98.0,0.237,0.23,0.24
1786325,"Will Bitcoin reach $72,000 March 30-April 5?",2026-03-31 08:00:00.000000 UTC,6,17.0,0.227,0.21,0.25
1786325,"Will Bitcoin reach $72,000 March 30-April 5?",2026-03-31 09:00:00.000000 UTC,19,191.0,0.336,0.13,0.83
1786325,"Will Bitcoin reach $72,000 March 30-April 5?",2026-03-31 10:00:00.000000 UTC,10,83.0,0.273,0.13,0.82
1786325,"Will Bitcoin reach $72,000 March 30-April 5?",2026-03-31 11:00:00.000000 UTC,10,54.0,0.358,0.15,0.84
1786325,"Will Bitcoin reach $72,000 March 30-April 5?",2026-03-31 12:00:00.000000 UTC,22,86.0,0.439,0.16,0.83
1786325,"Will Bitcoin reach $72,000 March 30-April 5?",2026-03-31 13:00:00.000000 UTC,23,225.0,0.407,0.16,0.83
1786325,"Will Bitcoin reach $72,000 March 30-April 5?",2026-03-31 14:00:00.000000 UTC,16,132.0,0.269,0.13,0.77
1786325,"Will Bitcoin reach $72,000 March 30-April 5?",2026-03-31 15:00:00.000000 UTC,6,76.0,0.302,0.16,0.82
1786325,"Will Bitcoin reach $72,000 March 30-April 5?",2026-03-31 16:00:00.000000 UTC,7,168.0,0.444,0.2,0.75
1786325,"Will Bitcoin reach $72,000 March 30-April 5?",2026-03-31 17:00:00.000000 UTC,21,288.0,0.438,0.22,0.75
1786325,"Will Bitcoin reach $72,000 March 30-April 5?",2026-03-31 18:00:00.000000 UTC,8,36.0,0.254,0.23,0.28
1786325,"Will Bitcoin reach $72,000 March 30-April 5?",2026-03-31 19:00:00.000000 UTC,17,539.0,0.423,0.22,0.74
1786325,"Will Bitcoin reach $72,000 March 30-April 5?",2026-03-31 20:00:00.000000 UTC,13,188.0,0.455,0.26,0.73
1786325,"Will Bitcoin reach $72,000 March 30-April 5?",2026-03-31 21:00:00.000000 UTC,5,19.0,0.314,0.3,0.33
1786325,"Will Bitcoin reach $72,000 March 30-April 5?",2026-03-31 22:00:00.000000 UTC,3,8.0,0.307,0.3,0.31
1786325,"Will Bitcoin reach $72,000 March 30-April 5?",2026-03-31 23:00:00.000000 UTC,5,38.0,0.296,0.28,0.32
1786325,"Will Bitcoin reach $72,000 March 30-April 5?",2026-04-01 00:00:00.000000 UTC,10,17.0,0.346,0.25,0.69
1786325,"Will Bitcoin reach $72,000 March 30-April 5?",2026-04-01 01:00:00.000000 UTC,3,11.0,0.277,0.26,0.3
1786325,"Will Bitcoin reach $72,000 March 30-April 5?",2026-04-01 02:00:00.000000 UTC,2,36.0,0.48,0.24,0.72
1786325,"Will Bitcoin reach $72,000 March 30-April 5?",2026-04-01 03:00:00.000000 UTC,1,2.0,0.26,0.26,0.26
1786325,"Will Bitcoin reach $72,000 March 30-April 5?",2026-04-01 04:00:00.000000 UTC,5,53.0,0.536,0.29,0.7
1786325,"Will Bitcoin reach $72,000 March 30-April 5?",2026-04-01 05:00:00.000000 UTC,7,68.0,0.339,0.31,0.35
1786325,"Will Bitcoin reach $72,000 March 30-April 5?",2026-04-01 06:00:00.000000 UTC,17,195.0,0.445,0.34,0.66
1786325,"Will Bitcoin reach $72,000 March 30-April 5?",2026-04-01 07:00:00.000000 UTC,19,879.0,0.513,0.37,0.61
1786325,"Will Bitcoin reach $72,000 March 30-April 5?",2026-04-01 08:00:00.000000 UTC,12,161.0,0.519,0.34,0.66
1786325,"Will Bitcoin reach $72,000 March 30-April 5?",2026-04-01 09:00:00.000000 UTC,14,1689.0,0.341,0.3,0.67
1786325,"Will Bitcoin reach $72,000 March 30-April 5?",2026-04-01 10:00:00.000000 UTC,31,1413.0,0.526,0.28,0.7
1786325,"Will Bitcoin reach $72,000 March 30-April 5?",2026-04-01 11:00:00.000000 UTC,6,67.0,0.553,0.31,0.68
1786325,"Will Bitcoin reach $72,000 March 30-April 5?",2026-04-01 12:00:00.000000 UTC,18,927.0,0.529,0.27,0.71
1786325,"Will Bitcoin reach $72,000 March 30-April 5?",2026-04-01 13:00:00.000000 UTC,13,318.0,0.533,0.21,0.75
1786325,"Will Bitcoin reach $72,000 March 30-April 5?",2026-04-01 14:00:00.000000 UTC,14,475.0,0.581,0.23,0.75
1786325,"Will Bitcoin reach $72,000 March 30-April 5?",2026-04-01 15:00:00.000000 UTC,8,298.0,0.539,0.28,0.69
1786325,"Will Bitcoin reach $72,000 March 30-April 5?",2026-04-01 16:00:00.000000 UTC,51,1815.0,0.491,0.3,0.71
1786325,"Will Bitcoin reach $72,000 March 30-April 5?",2026-04-01 17:00:00.000000 UTC,24,2641.0,0.508,0.29,0.69
1786325,"Will Bitcoin reach $72,000 March 30-April 5?",2026-04-01 18:00:00.000000 UTC,12,351.0,0.347,0.24,0.72
1786325,"Will Bitcoin reach $72,000 March 30-April 5?",2026-04-01 19:00:00.000000 UTC,11,150.0,0.395,0.26,0.73
1786325,"Will Bitcoin reach $72,000 March 30-April 5?",2026-04-01 20:00:00.000000 UTC,11,426.0,0.386,0.24,0.74
1786325,"Will Bitcoin reach $72,000 March 30-April 5?",2026-04-01 21:00:00.000000 UTC,20,1344.0,0.585,0.25,0.74
1786325,"Will Bitcoin reach $72,000 March 30-April 5?",2026-04-01 22:00:00.000000 UTC,13,655.0,0.621,0.25,0.74
1786325,"Will Bitcoin reach $72,000 March 30-April 5?",2026-04-01 23:00:00.000000 UTC,1,4.0,0.25,0.25,0.25
1786325,"Will Bitcoin reach $72,000 March 30-April 5?",2026-04-02 00:00:00.000000 UTC,13,3888.0,0.615,0.24,0.74
1786325,"Will Bitcoin reach $72,000 March 30-April 5?",2026-04-02 01:00:00.000000 UTC,25,386.0,0.333,0.14,0.85
1786325,"Will Bitcoin reach $72,000 March 30-April 5?",2026-04-02 02:00:00.000000 UTC,14,1020.0,0.548,0.1,0.91
1786325,"Will Bitcoin reach $72,000 March 30-April 5?",2026-04-02 03:00:00.000000 UTC,7,63.0,0.33,0.1,0.9
1786325,"Will Bitcoin reach $72,000 March 30-April 5?",2026-04-02 04:00:00.000000 UTC,11,377.0,0.387,0.08,0.91
1786325,"Will Bitcoin reach $72,000 March 30-April 5?",2026-04-02 05:00:00.000000 UTC,7,1207.0,0.439,0.07,0.92
1786325,"Will Bitcoin reach $72,000 March 30-April 5?",2026-04-02 06:00:00.000000 UTC,6,17.0,0.212,0.06,0.93
1786325,"Will Bitcoin reach $72,000 March 30-April 5?",2026-04-02 07:00:00.000000 UTC,11,186.0,0.382,0.06,0.93
1786325,"Will Bitcoin reach $72,000 March 30-April 5?",2026-04-02 09:00:00.000000 UTC,3,12.0,0.06,0.06,0.06
1786325,"Will Bitcoin reach $72,000 March 30-April 5?",2026-04-02 10:00:00.000000 UTC,3,4.0,0.057,0.05,0.06
1786325,"Will Bitcoin reach $72,000 March 30-April 5?",2026-04-02 11:00:00.000000 UTC,3,136.0,0.353,0.06,0.94
1786325,"Will Bitcoin reach $72,000 March 30-April 5?",2026-04-02 12:00:00.000000 UTC,3,8.0,0.353,0.05,0.95
1786325,"Will Bitcoin reach $72,000 March 30-April 5?",2026-04-02 13:00:00.000000 UTC,23,1219.0,0.317,0.02,0.97
1786325,"Will Bitcoin reach $72,000 March 30-April 5?",2026-04-02 14:00:00.000000 UTC,12,299.0,0.419,0.041,0.946
1786325,"Will Bitcoin reach $72,000 March 30-April 5?",2026-04-02 15:00:00.000000 UTC,4,6.0,0.057,0.048,0.07
1786325,"Will Bitcoin reach $72,000 March 30-April 5?",2026-04-02 16:00:00.000000 UTC,7,6.0,0.066,0.054,0.077
1786325,"Will Bitcoin reach $72,000 March 30-April 5?",2026-04-02 17:00:00.000000 UTC,4,3.0,0.066,0.05,0.077
1786325,"Will Bitcoin reach $72,000 March 30-April 5?",2026-04-02 18:00:00.000000 UTC,9,77.0,0.252,0.048,0.95
1786325,"Will Bitcoin reach $72,000 March 30-April 5?",2026-04-02 19:00:00.000000 UTC,7,22.0,0.054,0.05,0.062
1786325,"Will Bitcoin reach $72,000 March 30-April 5?",2026-04-02 20:00:00.000000 UTC,10,108.0,0.143,0.05,0.943
1786325,"Will Bitcoin reach $72,000 March 30-April 5?",2026-04-02 21:00:00.000000 UTC,6,5.0,0.044,0.042,0.05
1786325,"Will Bitcoin reach $72,000 March 30-April 5?",2026-04-02 22:00:00.000000 UTC,2,6.0,0.041,0.03,0.052
1786325,"Will Bitcoin reach $72,000 March 30-April 5?",2026-04-02 23:00:00.000000 UTC,1,0.0,0.032,0.032,0.032
1786325,"Will Bitcoin reach $72,000 March 30-April 5?",2026-04-03 01:00:00.000000 UTC,2,9.0,0.497,0.03,0.964
1786325,"Will Bitcoin reach $72,000 March 30-April 5?",2026-04-03 02:00:00.000000 UTC,6,137.0,0.186,0.023,0.973
1786325,"Will Bitcoin reach $72,000 March 30-April 5?",2026-04-03 03:00:00.000000 UTC,3,12.0,0.34,0.02,0.975
1786325,"Will Bitcoin reach $72,000 March 30-April 5?",2026-04-03 04:00:00.000000 UTC,3,20.0,0.026,0.026,0.026
1786325,"Will Bitcoin reach $72,000 March 30-April 5?",2026-04-03 05:00:00.000000 UTC,12,183.0,0.106,0.025,0.972
1786325,"Will Bitcoin reach $72,000 March 30-April 5?",2026-04-03 06:00:00.000000 UTC,4,19.0,0.264,0.027,0.972
1786325,"Will Bitcoin reach $72,000 March 30-April 5?",2026-04-03 07:00:00.000000 UTC,3,491.0,0.656,0.029,0.971
1786325,"Will Bitcoin reach $72,000 March 30-April 5?",2026-04-03 08:00:00.000000 UTC,17,43.0,0.027,0.016,0.033
1786325,"Will Bitcoin reach $72,000 March 30-April 5?",2026-04-03 09:00:00.000000 UTC,12,81.0,0.019,0.018,0.021
1786325,"Will Bitcoin reach $72,000 March 30-April 5?",2026-04-03 10:00:00.000000 UTC,8,1.0,0.01,0.01,0.012
1786325,"Will Bitcoin reach $72,000 March 30-April 5?",2026-04-03 11:00:00.000000 UTC,9,1392.0,0.336,0.01,0.987
1786325,"Will Bitcoin reach $72,000 March 30-April 5?",2026-04-03 12:00:00.000000 UTC,6,4385.0,0.661,0.015,0.987
1786325,"Will Bitcoin reach $72,000 March 30-April 5?",2026-04-03 13:00:00.000000 UTC,4,22.0,0.257,0.01,0.984
1786325,"Will Bitcoin reach $72,000 March 30-April 5?",2026-04-03 15:00:00.000000 UTC,15,9.0,0.075,0.007,0.992
1786325,"Will Bitcoin reach $72,000 March 30-April 5?",2026-04-03 16:00:00.000000 UTC,8,302.0,0.252,0.003,0.992
1786325,"Will Bitcoin reach $72,000 March 30-April 5?",2026-04-03 17:00:00.000000 UTC,12,1746.0,0.257,0.012,0.986
1786325,"Will Bitcoin reach $72,000 March 30-April 5?",2026-04-03 18:00:00.000000 UTC,8,658.0,0.621,0.011,0.986
1786325,"Will Bitcoin reach $72,000 March 30-April 5?",2026-04-03 19:00:00.000000 UTC,2,154.0,0.986,0.985,0.986
1786325,"Will Bitcoin reach $72,000 March 30-April 5?",2026-04-03 20:00:00.000000 UTC,4,187.0,0.498,0.006,0.985
1786325,"Will Bitcoin reach $72,000 March 30-April 5?",2026-04-03 21:00:00.000000 UTC,2,663.0,0.983,0.982,0.984
1786325,"Will Bitcoin reach $72,000 March 30-April 5?",2026-04-03 22:00:00.000000 UTC,1,289.0,0.983,0.983,0.983
1786325,"Will Bitcoin reach $72,000 March 30-April 5?",2026-04-03 23:00:00.000000 UTC,2,108.0,0.497,0.012,0.983
1786325,"Will Bitcoin reach $72,000 March 30-April 5?",2026-04-04 00:00:00.000000 UTC,3,165.0,0.984,0.984,0.984
1786325,"Will Bitcoin reach $72,000 March 30-April 5?",2026-04-04 01:00:00.000000 UTC,2,169.0,0.984,0.984,0.984
1786325,"Will Bitcoin reach $72,000 March 30-April 5?",2026-04-04 02:00:00.000000 UTC,2,232.0,0.985,0.985,0.985
1786325,"Will Bitcoin reach $72,000 March 30-April 5?",2026-04-04 03:00:00.000000 UTC,3,9.0,0.337,0.01,0.99
1786325,"Will Bitcoin reach $72,000 March 30-April 5?",2026-04-04 05:00:00.000000 UTC,3,5.0,0.01,0.008,0.013
1786325,"Will Bitcoin reach $72,000 March 30-April 5?",2026-04-04 06:00:00.000000 UTC,21,1923.0,0.29,0.005,0.993
1786325,"Will Bitcoin reach $72,000 March 30-April 5?",2026-04-04 07:00:00.000000 UTC,6,308.0,0.828,0.013,0.992
1786325,"Will Bitcoin reach $72,000 March 30-April 5?",2026-04-04 09:00:00.000000 UTC,3,516.0,0.663,0.01,0.99
1786325,"Will Bitcoin reach $72,000 March 30-April 5?",2026-04-04 10:00:00.000000 UTC,5,69.0,0.401,0.006,0.994
1786325,"Will Bitcoin reach $72,000 March 30-April 5?",2026-04-04 11:00:00.000000 UTC,2,177.0,0.498,0.006,0.99
1786325,"Will Bitcoin reach $72,000 March 30-April 5?",2026-04-04 12:00:00.000000 UTC,1,0.0,0.006,0.006,0.006
1786325,"Will Bitcoin reach $72,000 March 30-April 5?",2026-04-04 13:00:00.000000 UTC,18,703.0,0.168,0.001,0.995
1786325,"Will Bitcoin reach $72,000 March 30-April 5?",2026-04-04 15:00:00.000000 UTC,2,6.0,0.011,0.01,0.013
1786325,"Will Bitcoin reach $72,000 March 30-April 5?",2026-04-04 16:00:00.000000 UTC,7,1036.0,0.711,0.013,0.991
1786325,"Will Bitcoin reach $72,000 March 30-April 5?",2026-04-04 17:00:00.000000 UTC,15,171.0,0.662,0.003,0.996
1786325,"Will Bitcoin reach $72,000 March 30-April 5?",2026-04-04 18:00:00.000000 UTC,3,0.0,0.004,0.004,0.004
1786325,"Will Bitcoin reach $72,000 March 30-April 5?",2026-04-04 19:00:00.000000 UTC,4,0.0,0.004,0.004,0.004
1786325,"Will Bitcoin reach $72,000 March 30-April 5?",2026-04-04 20:00:00.000000 UTC,7,156.0,0.148,0.006,0.987
1786325,"Will Bitcoin reach $72,000 March 30-April 5?",2026-04-04 21:00:00.000000 UTC,1,148.0,0.989,0.989,0.989
1786325,"Will Bitcoin reach $72,000 March 30-April 5?",2026-04-04 22:00:00.000000 UTC,2,185.0,0.501,0.012,0.991
1786325,"Will Bitcoin reach $72,000 March 30-April 5?",2026-04-04 23:00:00.000000 UTC,1,5.0,0.985,0.985,0.985
1786325,"Will Bitcoin reach $72,000 March 30-April 5?",2026-04-05 00:00:00.000000 UTC,2,10.0,0.986,0.985,0.988
1786325,"Will Bitcoin reach $72,000 March 30-April 5?",2026-04-05 01:00:00.000000 UTC,2,21.0,0.99,0.99,0.991
1786325,"Will Bitcoin reach $72,000 March 30-April 5?",2026-04-05 02:00:00.000000 UTC,5,55.0,0.401,0.006,0.991
1786325,"Will Bitcoin reach $72,000 March 30-April 5?",2026-04-05 03:00:00.000000 UTC,4,1152.0,0.253,0.006,0.992
1786325,"Will Bitcoin reach $72,000 March 30-April 5?",2026-04-05 04:00:00.000000 UTC,3,1.0,0.005,0.005,0.005
1786325,"Will Bitcoin reach $72,000 March 30-April 5?",2026-04-05 05:00:00.000000 UTC,33,7247.0,0.185,0.003,0.995
1786325,"Will Bitcoin reach $72,000 March 30-April 5?",2026-04-05 06:00:00.000000 UTC,24,1204.0,0.091,0.003,0.994
1786325,"Will Bitcoin reach $72,000 March 30-April 5?",2026-04-05 07:00:00.000000 UTC,1,1.0,0.003,0.003,0.003
1786325,"Will Bitcoin reach $72,000 March 30-April 5?",2026-04-05 08:00:00.000000 UTC,3,0.0,0.001,0.001,0.002
1786325,"Will Bitcoin reach $72,000 March 30-April 5?",2026-04-05 09:00:00.000000 UTC,34,7956.0,0.585,0.001,0.998
1786325,"Will Bitcoin reach $72,000 March 30-April 5?",2026-04-05 10:00:00.000000 UTC,5,135.0,0.598,0.008,0.992
1786325,"Will Bitcoin reach $72,000 March 30-April 5?",2026-04-05 11:00:00.000000 UTC,13,1795.0,0.538,0.007,0.993
1786325,"Will Bitcoin reach $72,000 March 30-April 5?",2026-04-05 12:00:00.000000 UTC,12,493.0,0.747,0.006,0.995
1786325,"Will Bitcoin reach $72,000 March 30-April 5?",2026-04-05 13:00:00.000000 UTC,22,1261.0,0.994,0.992,0.995
1786325,"Will Bitcoin reach $72,000 March 30-April 5?",2026-04-05 14:00:00.000000 UTC,46,3444.0,0.822,0.003,0.997
1786325,"Will Bitcoin reach $72,000 March 30-April 5?",2026-04-05 15:00:00.000000 UTC,7,843.0,0.287,0.003,0.997
1786325,"Will Bitcoin reach $72,000 March 30-April 5?",2026-04-05 16:00:00.000000 UTC,2,1.0,0.003,0.002,0.003
1786325,"Will Bitcoin reach $72,000 March 30-April 5?",2026-04-05 17:00:00.000000 UTC,3,1.0,0.002,0.002,0.002
1786325,"Will Bitcoin reach $72,000 March 30-April 5?",2026-04-05 18:00:00.000000 UTC,9,310.0,0.886,0.014,0.996
1786325,"Will Bitcoin reach $72,000 March 30-April 5?",2026-04-05 19:00:00.000000 UTC,2,9.0,0.499,0.002,0.997
1786325,"Will Bitcoin reach $72,000 March 30-April 5?",2026-04-05 20:00:00.000000 UTC,3,80.0,0.334,0.002,0.998
1786325,"Will Bitcoin reach $72,000 March 30-April 5?",2026-04-05 21:00:00.000000 UTC,35,3769.0,0.884,0.003,0.998
1786325,"Will Bitcoin reach $72,000 March 30-April 5?",2026-04-05 22:00:00.000000 UTC,31,3610.0,0.419,0.001,0.999
1786325,"Will Bitcoin reach $72,000 March 30-April 5?",2026-04-05 23:00:00.000000 UTC,19,2991.0,0.68,0.002,0.996
1786325,"Will Bitcoin reach $72,000 March 30-April 5?",2026-04-06 00:00:00.000000 UTC,59,6357.0,0.784,0.003,0.996
1786325,"Will Bitcoin reach $72,000 March 30-April 5?",2026-04-06 01:00:00.000000 UTC,20,4013.0,0.548,0.002,0.997
1786325,"Will Bitcoin reach $72,000 March 30-April 5?",2026-04-06 02:00:00.000000 UTC,8,798.0,0.748,0.002,0.999
1786325,"Will Bitcoin reach $72,000 March 30-April 5?",2026-04-06 03:00:00.000000 UTC,14,13295.0,0.357,0.001,0.999
1786327,"Will Bitcoin reach $70,000 March 30-April 5?",2026-03-30 04:00:00.000000 UTC,3,50.0,0.35,0.05,0.5
1786327,"Will Bitcoin reach $70,000 March 30-April 5?",2026-03-30 05:00:00.000000 UTC,1,1.0,0.51,0.51,0.51
1786327,"Will Bitcoin reach $70,000 March 30-April 5?",2026-03-30 07:00:00.000000 UTC,5,105.0,0.41,0.38,0.5
1786327,"Will Bitcoin reach $70,000 March 30-April 5?",2026-03-30 08:00:00.000000 UTC,14,1111.0,0.48,0.36,0.63
1786327,"Will Bitcoin reach $70,000 March 30-April 5?",2026-03-30 09:00:00.000000 UTC,23,434.0,0.525,0.39,0.6
1786327,"Will Bitcoin reach $70,000 March 30-April 5?",2026-03-30 10:00:00.000000 UTC,6,210.0,0.495,0.41,0.58
1786327,"Will Bitcoin reach $70,000 March 30-April 5?",2026-03-30 11:00:00.000000 UTC,5,24.0,0.424,0.35,0.59
1786327,"Will Bitcoin reach $70,000 March 30-April 5?",2026-03-30 12:00:00.000000 UTC,15,2471.0,0.444,0.37,0.63
1786327,"Will Bitcoin reach $70,000 March 30-April 5?",2026-03-30 13:00:00.000000 UTC,19,263.0,0.525,0.34,0.63
1786327,"Will Bitcoin reach $70,000 March 30-April 5?",2026-03-30 14:00:00.000000 UTC,17,332.0,0.493,0.38,0.58
1786327,"Will Bitcoin reach $70,000 March 30-April 5?",2026-03-30 15:00:00.000000 UTC,31,1619.0,0.568,0.38,0.62
1786327,"Will Bitcoin reach $70,000 March 30-April 5?",2026-03-30 16:00:00.000000 UTC,8,92.0,0.468,0.42,0.56
1786327,"Will Bitcoin reach $70,000 March 30-April 5?",2026-03-30 17:00:00.000000 UTC,52,3143.0,0.514,0.44,0.56
1786327,"Will Bitcoin reach $70,000 March 30-April 5?",2026-03-30 18:00:00.000000 UTC,8,2685.0,0.511,0.41,0.58
1786327,"Will Bitcoin reach $70,000 March 30-April 5?",2026-03-30 19:00:00.000000 UTC,11,153.0,0.512,0.38,0.62
1786327,"Will Bitcoin reach $70,000 March 30-April 5?",2026-03-30 20:00:00.000000 UTC,13,440.0,0.501,0.41,0.59
1786327,"Will Bitcoin reach $70,000 March 30-April 5?",2026-03-30 21:00:00.000000 UTC,18,1349.0,0.524,0.46,0.57
1786327,"Will Bitcoin reach $70,000 March 30-April 5?",2026-03-30 22:00:00.000000 UTC,4,17.0,0.51,0.44,0.54
1786327,"Will Bitcoin reach $70,000 March 30-April 5?",2026-03-30 23:00:00.000000 UTC,9,201.0,0.521,0.43,0.58
1786327,"Will Bitcoin reach $70,000 March 30-April 5?",2026-03-31 00:00:00.000000 UTC,23,457.0,0.503,0.43,0.57
1786327,"Will Bitcoin reach $70,000 March 30-April 5?",2026-03-31 01:00:00.000000 UTC,74,3944.0,0.517,0.31,0.7
1786327,"Will Bitcoin reach $70,000 March 30-April 5?",2026-03-31 02:00:00.000000 UTC,2,9.0,0.505,0.37,0.64
1786327,"Will Bitcoin reach $70,000 March 30-April 5?",2026-03-31 04:00:00.000000 UTC,2,14.0,0.415,0.4,0.43
1786327,"Will Bitcoin reach $70,000 March 30-April 5?",2026-03-31 05:00:00.000000 UTC,12,113.0,0.471,0.4,0.61
1786327,"Will Bitcoin reach $70,000 March 30-April 5?",2026-03-31 06:00:00.000000 UTC,13,93.0,0.468,0.43,0.58
1786327,"Will Bitcoin reach $70,000 March 30-April 5?",2026-03-31 07:00:00.000000 UTC,13,345.0,0.49,0.44,0.57
1786327,"Will Bitcoin reach $70,000 March 30-April 5?",2026-03-31 08:00:00.000000 UTC,31,633.0,0.472,0.42,0.55
1786327,"Will Bitcoin reach $70,000 March 30-April 5?",2026-03-31 09:00:00.000000 UTC,16,212.0,0.427,0.34,0.61
1786327,"Will Bitcoin reach $70,000 March 30-April 5?",2026-03-31 10:00:00.000000 UTC,8,60.0,0.46,0.36,0.64
1786327,"Will Bitcoin reach $70,000 March 30-April 5?",2026-03-31 11:00:00.000000 UTC,5,272.0,0.546,0.39,0.6
1786327,"Will Bitcoin reach $70,000 March 30-April 5?",2026-03-31 12:00:00.000000 UTC,13,1014.0,0.476,0.38,0.61
1786327,"Will Bitcoin reach $70,000 March 30-April 5?",2026-03-31 13:00:00.000000 UTC,10,1225.0,0.487,0.4,0.56
1786327,"Will Bitcoin reach $70,000 March 30-April 5?",2026-03-31 14:00:00.000000 UTC,14,205.0,0.512,0.42,0.61
1786327,"Will Bitcoin reach $70,000 March 30-April 5?",2026-03-31 15:00:00.000000 UTC,9,828.0,0.487,0.4,0.55
1786327,"Will Bitcoin reach $70,000 March 30-April 5?",2026-03-31 16:00:00.000000 UTC,19,2024.0,0.467,0.39,0.58
1786327,"Will Bitcoin reach $70,000 March 30-April 5?",2026-03-31 17:00:00.000000 UTC,18,480.0,0.498,0.29,0.67
1786327,"Will Bitcoin reach $70,000 March 30-April 5?",2026-03-31 18:00:00.000000 UTC,7,132.0,0.449,0.4,0.52
1786327,"Will Bitcoin reach $70,000 March 30-April 5?",2026-03-31 19:00:00.000000 UTC,19,85.0,0.546,0.4,0.61
1786327,"Will Bitcoin reach $70,000 March 30-April 5?",2026-03-31 20:00:00.000000 UTC,7,179.0,0.599,0.4,0.64
1786327,"Will Bitcoin reach $70,000 March 30-April 5?",2026-03-31 21:00:00.000000 UTC,9,75.0,0.551,0.4,0.65
1786327,"Will Bitcoin reach $70,000 March 30-April 5?",2026-03-31 22:00:00.000000 UTC,9,50.0,0.548,0.37,0.65
1786327,"Will Bitcoin reach $70,000 March 30-April 5?",2026-03-31 23:00:00.000000 UTC,6,233.0,0.602,0.36,0.66
1786327,"Will Bitcoin reach $70,000 March 30-April 5?",2026-04-01 00:00:00.000000 UTC,17,148.0,0.515,0.34,0.66
1786327,"Will Bitcoin reach $70,000 March 30-April 5?",2026-04-01 01:00:00.000000 UTC,3,32.0,0.613,0.57,0.66
1786327,"Will Bitcoin reach $70,000 March 30-April 5?",2026-04-01 02:00:00.000000 UTC,5,66.0,0.528,0.45,0.56
1786327,"Will Bitcoin reach $70,000 March 30-April 5?",2026-04-01 03:00:00.000000 UTC,10,1536.0,0.416,0.34,0.62
1786327,"Will Bitcoin reach $70,000 March 30-April 5?",2026-04-01 04:00:00.000000 UTC,8,124.0,0.389,0.34,0.66
1786327,"Will Bitcoin reach $70,000 March 30-April 5?",2026-04-01 05:00:00.000000 UTC,14,776.0,0.495,0.29,0.72
1786327,"Will Bitcoin reach $70,000 March 30-April 5?",2026-04-01 06:00:00.000000 UTC,23,335.0,0.405,0.15,0.83
1786327,"Will Bitcoin reach $70,000 March 30-April 5?",2026-04-01 07:00:00.000000 UTC,34,4154.0,0.411,0.14,0.82
1786327,"Will Bitcoin reach $70,000 March 30-April 5?",2026-04-01 08:00:00.000000 UTC,9,90.0,0.522,0.25,0.76
1786327,"Will Bitcoin reach $70,000 March 30-April 5?",2026-04-01 09:00:00.000000 UTC,30,5210.0,0.543,0.27,0.72
1786327,"Will Bitcoin reach $70,000 March 30-April 5?",2026-04-01 10:00:00.000000 UTC,22,252.0,0.465,0.29,0.69
1786327,"Will Bitcoin reach $70,000 March 30-April 5?",2026-04-01 11:00:00.000000 UTC,32,10346.0,0.523,0.28,0.72
1786327,"Will Bitcoin reach $70,000 March 30-April 5?",2026-04-01 12:00:00.000000 UTC,51,1105.0,0.476,0.27,0.71
1786327,"Will Bitcoin reach $70,000 March 30-April 5?",2026-04-01 13:00:00.000000 UTC,78,5117.0,0.504,0.32,0.7
1786327,"Will Bitcoin reach $70,000 March 30-April 5?",2026-04-01 14:00:00.000000 UTC,59,677.0,0.529,0.29,0.69
1786327,"Will Bitcoin reach $70,000 March 30-April 5?",2026-04-01 15:00:00.000000 UTC,48,574.0,0.522,0.25,0.75
1786327,"Will Bitcoin reach $70,000 March 30-April 5?",2026-04-01 16:00:00.000000 UTC,83,3361.0,0.53,0.24,0.76
1786327,"Will Bitcoin reach $70,000 March 30-April 5?",2026-04-01 17:00:00.000000 UTC,55,3220.0,0.508,0.19,0.81
1786327,"Will Bitcoin reach $70,000 March 30-April 5?",2026-04-01 18:00:00.000000 UTC,59,2173.0,0.521,0.37,0.62
1786327,"Will Bitcoin reach $70,000 March 30-April 5?",2026-04-01 19:00:00.000000 UTC,55,665.0,0.523,0.38,0.63
1786327,"Will Bitcoin reach $70,000 March 30-April 5?",2026-04-01 20:00:00.000000 UTC,57,1144.0,0.506,0.38,0.62
1786327,"Will Bitcoin reach $70,000 March 30-April 5?",2026-04-01 21:00:00.000000 UTC,23,165.0,0.504,0.34,0.66
1786327,"Will Bitcoin reach $70,000 March 30-April 5?",2026-04-01 22:00:00.000000 UTC,42,1543.0,0.486,0.35,0.65
1786327,"Will Bitcoin reach $70,000 March 30-April 5?",2026-04-01 23:00:00.000000 UTC,13,207.0,0.502,0.4,0.59
1786327,"Will Bitcoin reach $70,000 March 30-April 5?",2026-04-02 00:00:00.000000 UTC,19,804.0,0.511,0.34,0.64
1786327,"Will Bitcoin reach $70,000 March 30-April 5?",2026-04-02 01:00:00.000000 UTC,102,3447.0,0.46,0.34,0.62
1786327,"Will Bitcoin reach $70,000 March 30-April 5?",2026-04-02 02:00:00.000000 UTC,70,1698.0,0.465,0.3,0.7
1786327,"Will Bitcoin reach $70,000 March 30-April 5?",2026-04-02 03:00:00.000000 UTC,50,3923.0,0.49,0.27,0.72
1786327,"Will Bitcoin reach $70,000 March 30-April 5?",2026-04-02 04:00:00.000000 UTC,42,546.0,0.394,0.23,0.76
1786327,"Will Bitcoin reach $70,000 March 30-April 5?",2026-04-02 05:00:00.000000 UTC,37,1772.0,0.395,0.23,0.76
1786327,"Will Bitcoin reach $70,000 March 30-April 5?",2026-04-02 06:00:00.000000 UTC,27,884.0,0.473,0.26,0.74
1786327,"Will Bitcoin reach $70,000 March 30-April 5?",2026-04-02 07:00:00.000000 UTC,31,5289.0,0.516,0.26,0.73
1786327,"Will Bitcoin reach $70,000 March 30-April 5?",2026-04-02 08:00:00.000000 UTC,27,440.0,0.465,0.2,0.78
1786327,"Will Bitcoin reach $70,000 March 30-April 5?",2026-04-02 09:00:00.000000 UTC,17,327.0,0.346,0.2,0.79
1786327,"Will Bitcoin reach $70,000 March 30-April 5?",2026-04-02 10:00:00.000000 UTC,22,1917.0,0.47,0.18,0.81
1786327,"Will Bitcoin reach $70,000 March 30-April 5?",2026-04-02 11:00:00.000000 UTC,29,236.0,0.466,0.18,0.81
1786327,"Will Bitcoin reach $70,000 March 30-April 5?",2026-04-02 12:00:00.000000 UTC,29,3057.0,0.404,0.18,0.82
1786327,"Will Bitcoin reach $70,000 March 30-April 5?",2026-04-02 13:00:00.000000 UTC,60,1377.0,0.464,0.15,0.85
1786327,"Will Bitcoin reach $70,000 March 30-April 5?",2026-04-02 14:00:00.000000 UTC,87,7578.0,0.447,0.18,0.82
1786327,"Will Bitcoin reach $70,000 March 30-April 5?",2026-04-02 15:00:00.000000 UTC,33,566.0,0.492,0.23,0.77
1786327,"Will Bitcoin reach $70,000 March 30-April 5?",2026-04-02 16:00:00.000000 UTC,43,5289.0,0.435,0.22,0.77
1786327,"Will Bitcoin reach $70,000 March 30-April 5?",2026-04-02 17:00:00.000000 UTC,39,1676.0,0.476,0.18,0.79
1786327,"Will Bitcoin reach $70,000 March 30-April 5?",2026-04-02 18:00:00.000000 UTC,25,455.0,0.488,0.17,0.82
1786327,"Will Bitcoin reach $70,000 March 30-April 5?",2026-04-02 19:00:00.000000 UTC,19,187.0,0.421,0.19,0.8
1786327,"Will Bitcoin reach $70,000 March 30-April 5?",2026-04-02 20:00:00.000000 UTC,27,725.0,0.486,0.18,0.82
1786327,"Will Bitcoin reach $70,000 March 30-April 5?",2026-04-02 21:00:00.000000 UTC,17,178.0,0.405,0.15,0.84
1786327,"Will Bitcoin reach $70,000 March 30-April 5?",2026-04-02 22:00:00.000000 UTC,10,52.0,0.437,0.17,0.83
1786327,"Will Bitcoin reach $70,000 March 30-April 5?",2026-04-02 23:00:00.000000 UTC,8,88.0,0.419,0.18,0.82
1786327,"Will Bitcoin reach $70,000 March 30-April 5?",2026-04-03 00:00:00.000000 UTC,18,1381.0,0.497,0.15,0.84
1786327,"Will Bitcoin reach $70,000 March 30-April 5?",2026-04-03 01:00:00.000000 UTC,21,190.0,0.344,0.11,0.86
1786327,"Will Bitcoin reach $70,000 March 30-April 5?",2026-04-03 02:00:00.000000 UTC,25,177.0,0.426,0.11,0.89
1786327,"Will Bitcoin reach $70,000 March 30-April 5?",2026-04-03 03:00:00.000000 UTC,8,54.0,0.404,0.11,0.88
1786327,"Will Bitcoin reach $70,000 March 30-April 5?",2026-04-03 04:00:00.000000 UTC,6,37.0,0.497,0.11,0.88
1786327,"Will Bitcoin reach $70,000 March 30-April 5?",2026-04-03 05:00:00.000000 UTC,15,117.0,0.427,0.11,0.89
1786327,"Will Bitcoin reach $70,000 March 30-April 5?",2026-04-03 06:00:00.000000 UTC,6,64.0,0.632,0.11,0.89
1786327,"Will Bitcoin reach $70,000 March 30-April 5?",2026-04-03 07:00:00.000000 UTC,16,1658.0,0.362,0.12,0.88
1786327,"Will Bitcoin reach $70,000 March 30-April 5?",2026-04-03 08:00:00.000000 UTC,15,133.0,0.375,0.11,0.87
1786327,"Will Bitcoin reach $70,000 March 30-April 5?",2026-04-03 09:00:00.000000 UTC,27,517.0,0.269,0.08,0.91
1786327,"Will Bitcoin reach $70,000 March 30-April 5?",2026-04-03 10:00:00.000000 UTC,16,463.0,0.55,0.07,0.93
1786327,"Will Bitcoin reach $70,000 March 30-April 5?",2026-04-03 11:00:00.000000 UTC,42,1285.0,0.461,0.06,0.93
1786327,"Will Bitcoin reach $70,000 March 30-April 5?",2026-04-03 12:00:00.000000 UTC,36,1328.0,0.593,0.06,0.93
1786327,"Will Bitcoin reach $70,000 March 30-April 5?",2026-04-03 13:00:00.000000 UTC,18,228.0,0.598,0.04,0.96
1786327,"Will Bitcoin reach $70,000 March 30-April 5?",2026-04-03 14:00:00.000000 UTC,10,22.0,0.14,0.05,0.95
1786327,"Will Bitcoin reach $70,000 March 30-April 5?",2026-04-03 15:00:00.000000 UTC,23,214.0,0.283,0.04,0.95
1786327,"Will Bitcoin reach $70,000 March 30-April 5?",2026-04-03 16:00:00.000000 UTC,18,6457.0,0.147,0.04,0.95
1786327,"Will Bitcoin reach $70,000 March 30-April 5?",2026-04-03 17:00:00.000000 UTC,26,3991.0,0.502,0.04,0.96
1786327,"Will Bitcoin reach $70,000 March 30-April 5?",2026-04-03 18:00:00.000000 UTC,21,579.0,0.39,0.03,0.97
1786327,"Will Bitcoin reach $70,000 March 30-April 5?",2026-04-03 19:00:00.000000 UTC,4,9.0,0.028,0.02,0.03
1786327,"Will Bitcoin reach $70,000 March 30-April 5?",2026-04-03 20:00:00.000000 UTC,8,18.0,0.028,0.02,0.03
1786327,"Will Bitcoin reach $70,000 March 30-April 5?",2026-04-03 21:00:00.000000 UTC,53,5638.0,0.609,0.021,0.97
1786327,"Will Bitcoin reach $70,000 March 30-April 5?",2026-04-03 22:00:00.000000 UTC,44,9197.0,0.375,0.031,0.97
1786327,"Will Bitcoin reach $70,000 March 30-April 5?",2026-04-03 23:00:00.000000 UTC,26,229.0,0.18,0.036,0.96
1786327,"Will Bitcoin reach $70,000 March 30-April 5?",2026-04-04 00:00:00.000000 UTC,14,1237.0,0.436,0.04,0.965
1786327,"Will Bitcoin reach $70,000 March 30-April 5?",2026-04-04 01:00:00.000000 UTC,3,12.0,0.343,0.03,0.965
1786327,"Will Bitcoin reach $70,000 March 30-April 5?",2026-04-04 02:00:00.000000 UTC,16,298.0,0.382,0.02,0.981
1786327,"Will Bitcoin reach $70,000 March 30-April 5?",2026-04-04 03:00:00.000000 UTC,6,9.0,0.024,0.022,0.026
1786327,"Will Bitcoin reach $70,000 March 30-April 5?",2026-04-04 04:00:00.000000 UTC,10,2.0,0.022,0.022,0.025
1786327,"Will Bitcoin reach $70,000 March 30-April 5?",2026-04-04 05:00:00.000000 UTC,12,381.0,0.341,0.022,0.977
1786327,"Will Bitcoin reach $70,000 March 30-April 5?",2026-04-04 06:00:00.000000 UTC,22,1462.0,0.413,0.022,0.977
1786327,"Will Bitcoin reach $70,000 March 30-April 5?",2026-04-04 07:00:00.000000 UTC,13,212.0,0.535,0.028,0.971
1786327,"Will Bitcoin reach $70,000 March 30-April 5?",2026-04-04 08:00:00.000000 UTC,12,780.0,0.422,0.034,0.962
1786327,"Will Bitcoin reach $70,000 March 30-April 5?",2026-04-04 09:00:00.000000 UTC,15,508.0,0.656,0.027,0.972
1786327,"Will Bitcoin reach $70,000 March 30-April 5?",2026-04-04 10:00:00.000000 UTC,12,24.0,0.027,0.026,0.029
1786327,"Will Bitcoin reach $70,000 March 30-April 5?",2026-04-04 11:00:00.000000 UTC,7,62.0,0.3,0.03,0.97
1786327,"Will Bitcoin reach $70,000 March 30-April 5?",2026-04-04 12:00:00.000000 UTC,5,28.0,0.22,0.03,0.969
1786327,"Will Bitcoin reach $70,000 March 30-April 5?",2026-04-04 13:00:00.000000 UTC,46,6486.0,0.802,0.028,0.974
1786327,"Will Bitcoin reach $70,000 March 30-April 5?",2026-04-04 14:00:00.000000 UTC,26,378.0,0.353,0.015,0.983
1786327,"Will Bitcoin reach $70,000 March 30-April 5?",2026-04-04 15:00:00.000000 UTC,10,298.0,0.689,0.023,0.976
1786327,"Will Bitcoin reach $70,000 March 30-April 5?",2026-04-04 16:00:00.000000 UTC,25,3754.0,0.481,0.034,0.967
1786327,"Will Bitcoin reach $70,000 March 30-April 5?",2026-04-04 17:00:00.000000 UTC,15,883.0,0.405,0.022,0.978
1786327,"Will Bitcoin reach $70,000 March 30-April 5?",2026-04-04 18:00:00.000000 UTC,26,114.0,0.184,0.037,0.963
1786327,"Will Bitcoin reach $70,000 March 30-April 5?",2026-04-04 19:00:00.000000 UTC,12,58.0,0.04,0.034,0.05
1786327,"Will Bitcoin reach $70,000 March 30-April 5?",2026-04-04 20:00:00.000000 UTC,3,4.0,0.033,0.033,0.033
1786327,"Will Bitcoin reach $70,000 March 30-April 5?",2026-04-04 21:00:00.000000 UTC,3,4.0,0.035,0.034,0.037
1786327,"Will Bitcoin reach $70,000 March 30-April 5?",2026-04-04 22:00:00.000000 UTC,9,2011.0,0.345,0.035,0.962
1786327,"Will Bitcoin reach $70,000 March 30-April 5?",2026-04-04 23:00:00.000000 UTC,6,98.0,0.653,0.035,0.962
1786327,"Will Bitcoin reach $70,000 March 30-April 5?",2026-04-05 01:00:00.000000 UTC,14,283.0,0.167,0.034,0.965
1786327,"Will Bitcoin reach $70,000 March 30-April 5?",2026-04-05 02:00:00.000000 UTC,34,309.0,0.415,0.019,0.98
1786327,"Will Bitcoin reach $70,000 March 30-April 5?",2026-04-05 03:00:00.000000 UTC,10,180.0,0.209,0.015,0.981
1786327,"Will Bitcoin reach $70,000 March 30-April 5?",2026-04-05 04:00:00.000000 UTC,36,2288.0,0.498,0.013,0.984
1786327,"Will Bitcoin reach $70,000 March 30-April 5?",2026-04-05 05:00:00.000000 UTC,20,494.0,0.836,0.013,0.985
1786327,"Will Bitcoin reach $70,000 March 30-April 5?",2026-04-05 06:00:00.000000 UTC,16,4716.0,0.62,0.012,0.986
1786327,"Will Bitcoin reach $70,000 March 30-April 5?",2026-04-05 07:00:00.000000 UTC,8,2163.0,0.498,0.014,0.979
1786327,"Will Bitcoin reach $70,000 March 30-April 5?",2026-04-05 08:00:00.000000 UTC,17,3157.0,0.526,0.013,0.985
1786327,"Will Bitcoin reach $70,000 March 30-April 5?",2026-04-05 09:00:00.000000 UTC,9,1181.0,0.445,0.016,0.985
1786327,"Will Bitcoin reach $70,000 March 30-April 5?",2026-04-05 10:00:00.000000 UTC,4,143.0,0.499,0.018,0.98
1786327,"Will Bitcoin reach $70,000 March 30-April 5?",2026-04-05 11:00:00.000000 UTC,20,745.0,0.838,0.018,0.986
1786327,"Will Bitcoin reach $70,000 March 30-April 5?",2026-04-05 12:00:00.000000 UTC,7,184.0,0.98,0.976,0.986
1786327,"Will Bitcoin reach $70,000 March 30-April 5?",2026-04-05 13:00:00.000000 UTC,23,928.0,0.981,0.976,0.985
1786327,"Will Bitcoin reach $70,000 March 30-April 5?",2026-04-05 14:00:00.000000 UTC,27,1238.0,0.408,0.01,0.99
1786327,"Will Bitcoin reach $70,000 March 30-April 5?",2026-04-05 15:00:00.000000 UTC,37,1536.0,0.767,0.021,0.98
1786327,"Will Bitcoin reach $70,000 March 30-April 5?",2026-04-05 16:00:00.000000 UTC,22,3627.0,0.712,0.021,0.979
1786327,"Will Bitcoin reach $70,000 March 30-April 5?",2026-04-05 17:00:00.000000 UTC,6,387.0,0.5,0.021,0.98
1786327,"Will Bitcoin reach $70,000 March 30-April 5?",2026-04-05 18:00:00.000000 UTC,77,2437.0,0.625,0.023,0.976
1786327,"Will Bitcoin reach $70,000 March 30-April 5?",2026-04-05 19:00:00.000000 UTC,44,4117.0,0.931,0.014,0.987
1786327,"Will Bitcoin reach $70,000 March 30-April 5?",2026-04-05 20:00:00.000000 UTC,41,1376.0,0.814,0.02,0.985
1786327,"Will Bitcoin reach $70,000 March 30-April 5?",2026-04-05 21:00:00.000000 UTC,27,1232.0,0.939,0.02,0.98
1786327,"Will Bitcoin reach $70,000 March 30-April 5?",2026-04-05 22:00:00.000000 UTC,105,3756.0,0.764,0.01,0.991
1786327,"Will Bitcoin reach $70,000 March 30-April 5?",2026-04-05 23:00:00.000000 UTC,212,5943.0,0.509,0.054,0.94
1786327,"Will Bitcoin reach $70,000 March 30-April 5?",2026-04-06 00:00:00.000000 UTC,564,23019.0,0.515,0.15,0.9
1786327,"Will Bitcoin reach $70,000 March 30-April 5?",2026-04-06 01:00:00.000000 UTC,89,13544.0,0.658,0.019,0.98
1786327,"Will Bitcoin reach $70,000 March 30-April 5?",2026-04-06 02:00:00.000000 UTC,202,8512.0,0.663,0.017,0.982
1786327,"Will Bitcoin reach $70,000 March 30-April 5?",2026-04-06 03:00:00.000000 UTC,157,32864.0,0.766,0.001,0.999
1800026,"Will Bitcoin reach $73,000 on March 31?",2026-03-31 05:00:00.000000 UTC,2,0.0,0.01,0.01,0.01
1800026,"Will Bitcoin reach $73,000 on March 31?",2026-03-31 08:00:00.000000 UTC,1,0.0,0.002,0.002,0.002
1800026,"Will Bitcoin reach $73,000 on March 31?",2026-03-31 14:00:00.000000 UTC,1,0.0,0.001,0.001,0.001
1800026,"Will Bitcoin reach $73,000 on March 31?",2026-03-31 15:00:00.000000 UTC,1,0.0,0.002,0.002,0.002
1800026,"Will Bitcoin reach $73,000 on March 31?",2026-03-31 16:00:00.000000 UTC,9,1.0,0.001,0.001,0.001
1800026,"Will Bitcoin reach $73,000 on March 31?",2026-03-31 17:00:00.000000 UTC,31,311.0,0.898,0.001,0.995
1800026,"Will Bitcoin reach $73,000 on March 31?",2026-03-31 18:00:00.000000 UTC,10,0.0,0.002,0.002,0.002
1800026,"Will Bitcoin reach $73,000 on March 31?",2026-03-31 19:00:00.000000 UTC,4,2.0,0.008,0.008,0.008
1800026,"Will Bitcoin reach $73,000 on March 31?",2026-03-31 22:00:00.000000 UTC,5,287.0,0.4,0.001,0.999
1800026,"Will Bitcoin reach $73,000 on March 31?",2026-03-31 23:00:00.000000 UTC,13,3541.0,0.999,0.999,0.999
1800026,"Will Bitcoin reach $73,000 on March 31?",2026-04-01 00:00:00.000000 UTC,94,53469.0,0.978,0.001,0.999
1800026,"Will Bitcoin reach $73,000 on March 31?",2026-04-01 01:00:00.000000 UTC,26,15914.0,0.999,0.999,0.999
1800026,"Will Bitcoin reach $73,000 on March 31?",2026-04-01 03:00:00.000000 UTC,32,270.0,0.999,0.999,0.999
1800037,"Will Bitcoin reach $72,000 on March 31?",2026-03-31 06:00:00.000000 UTC,9,6.0,0.013,0.01,0.02
1800037,"Will Bitcoin reach $72,000 on March 31?",2026-03-31 07:00:00.000000 UTC,8,397.0,0.136,0.011,0.975
1800037,"Will Bitcoin reach $72,000 on March 31?",2026-03-31 08:00:00.000000 UTC,4,224.0,0.497,0.01,0.986
1800037,"Will Bitcoin reach $72,000 on March 31?",2026-03-31 10:00:00.000000 UTC,1,4.0,0.989,0.989,0.989
1800037,"Will Bitcoin reach $72,000 on March 31?",2026-03-31 11:00:00.000000 UTC,1,0.0,0.01,0.01,0.01
1800037,"Will Bitcoin reach $72,000 on March 31?",2026-03-31 13:00:00.000000 UTC,1,0.0,0.003,0.003,0.003
1800037,"Will Bitcoin reach $72,000 on March 31?",2026-03-31 14:00:00.000000 UTC,5,1.0,0.002,0.001,0.002
1800037,"Will Bitcoin reach $72,000 on March 31?",2026-03-31 16:00:00.000000 UTC,1,0.0,0.006,0.006,0.006
1800037,"Will Bitcoin reach $72,000 on March 31?",2026-03-31 17:00:00.000000 UTC,11,40.0,0.279,0.002,0.997
1800037,"Will Bitcoin reach $72,000 on March 31?",2026-03-31 18:00:00.000000 UTC,4,0.0,0.001,0.001,0.001
1800037,"Will Bitcoin reach $72,000 on March 31?",2026-03-31 19:00:00.000000 UTC,5,2.0,0.01,0.002,0.015
1800037,"Will Bitcoin reach $72,000 on March 31?",2026-03-31 20:00:00.000000 UTC,5,217.0,0.4,0.001,0.99
1800037,"Will Bitcoin reach $72,000 on March 31?",2026-03-31 21:00:00.000000 UTC,12,317.0,0.99,0.99,0.99
1800037,"Will Bitcoin reach $72,000 on March 31?",2026-03-31 23:00:00.000000 UTC,5,7101.0,0.396,0.001,0.99
1800037,"Will Bitcoin reach $72,000 on March 31?",2026-04-01 00:00:00.000000 UTC,4,0.0,0.001,0.001,0.001
1800037,"Will Bitcoin reach $72,000 on March 31?",2026-04-01 01:00:00.000000 UTC,23,41675.0,0.261,0.001,0.999
1800037,"Will Bitcoin reach $72,000 on March 31?",2026-04-01 02:00:00.000000 UTC,14,4083.0,0.928,0.001,0.999
1800037,"Will Bitcoin reach $72,000 on March 31?",2026-04-01 03:00:00.000000 UTC,1,100.0,0.999,0.999,0.999
1800059,"Will Bitcoin reach $69,000 on March 31?",2026-03-31 05:00:00.000000 UTC,1,0.0,0.11,0.11,0.11
1800059,"Will Bitcoin reach $69,000 on March 31?",2026-03-31 06:00:00.000000 UTC,9,126.0,0.423,0.33,0.57
1800059,"Will Bitcoin reach $69,000 on March 31?",2026-03-31 07:00:00.000000 UTC,12,449.0,0.561,0.35,0.68
1800059,"Will Bitcoin reach $69,000 on March 31?",2026-03-31 08:00:00.000000 UTC,4,438.0,0.675,0.21,0.86
1800059,"Will Bitcoin reach $69,000 on March 31?",2026-03-31 09:00:00.000000 UTC,11,41.0,0.085,0.05,0.13
1800059,"Will Bitcoin reach $69,000 on March 31?",2026-03-31 10:00:00.000000 UTC,10,29.0,0.154,0.05,0.92
1800059,"Will Bitcoin reach $69,000 on March 31?",2026-03-31 11:00:00.000000 UTC,8,437.0,0.476,0.06,0.9
1800059,"Will Bitcoin reach $69,000 on March 31?",2026-03-31 12:00:00.000000 UTC,14,8394.0,0.495,0.09,0.91
1800059,"Will Bitcoin reach $69,000 on March 31?",2026-03-31 13:00:00.000000 UTC,26,570.0,0.47,0.1,0.9
1800059,"Will Bitcoin reach $69,000 on March 31?",2026-03-31 14:00:00.000000 UTC,53,475.0,0.375,0.06,0.91
1800059,"Will Bitcoin reach $69,000 on March 31?",2026-03-31 15:00:00.000000 UTC,32,4112.0,0.342,0.07,0.93
1800059,"Will Bitcoin reach $69,000 on March 31?",2026-03-31 16:00:00.000000 UTC,52,2934.0,0.475,0.06,0.94
1800059,"Will Bitcoin reach $69,000 on March 31?",2026-03-31 17:00:00.000000 UTC,112,25203.0,0.434,0.14,0.83
1800059,"Will Bitcoin reach $69,000 on March 31?",2026-03-31 18:00:00.000000 UTC,41,3827.0,0.428,0.17,0.8
1800059,"Will Bitcoin reach $69,000 on March 31?",2026-03-31 19:00:00.000000 UTC,36,1226.0,0.42,0.16,0.8
1800059,"Will Bitcoin reach $69,000 on March 31?",2026-03-31 20:00:00.000000 UTC,46,1859.0,0.434,0.17,0.82
1800059,"Will Bitcoin reach $69,000 on March 31?",2026-03-31 21:00:00.000000 UTC,47,585.0,0.426,0.18,0.83
1800059,"Will Bitcoin reach $69,000 on March 31?",2026-03-31 22:00:00.000000 UTC,50,748.0,0.351,0.15,0.82
1800059,"Will Bitcoin reach $69,000 on March 31?",2026-03-31 23:00:00.000000 UTC,40,477.0,0.363,0.16,0.78
1800059,"Will Bitcoin reach $69,000 on March 31?",2026-04-01 00:00:00.000000 UTC,66,986.0,0.269,0.07,0.9
1800059,"Will Bitcoin reach $69,000 on March 31?",2026-04-01 01:00:00.000000 UTC,35,877.0,0.493,0.03,0.97
1800059,"Will Bitcoin reach $69,000 on March 31?",2026-04-01 02:00:00.000000 UTC,70,5410.0,0.845,0.006,0.995
1800059,"Will Bitcoin reach $69,000 on March 31?",2026-04-01 03:00:00.000000 UTC,106,13707.0,0.976,0.002,0.999
1800062,"Will Bitcoin reach $68,000 on March 31?",2026-03-31 05:00:00.000000 UTC,1,2.0,0.13,0.13,0.13
1800062,"Will Bitcoin reach $68,000 on March 31?",2026-03-31 06:00:00.000000 UTC,6,16.0,0.225,0.18,0.25
1800062,"Will Bitcoin reach $68,000 on March 31?",2026-03-31 07:00:00.000000 UTC,5,73.0,0.576,0.28,0.72
1800062,"Will Bitcoin reach $68,000 on March 31?",2026-03-31 08:00:00.000000 UTC,9,387.0,0.477,0.24,0.69
1800062,"Will Bitcoin reach $68,000 on March 31?",2026-03-31 09:00:00.000000 UTC,22,507.0,0.45,0.22,0.78
1800062,"Will Bitcoin reach $68,000 on March 31?",2026-03-31 10:00:00.000000 UTC,6,348.0,0.577,0.25,0.76
1800062,"Will Bitcoin reach $68,000 on March 31?",2026-03-31 11:00:00.000000 UTC,2,11.0,0.695,0.67,0.72
1800062,"Will Bitcoin reach $68,000 on March 31?",2026-03-31 12:00:00.000000 UTC,14,662.0,0.545,0.32,0.68
1800062,"Will Bitcoin reach $68,000 on March 31?",2026-03-31 13:00:00.000000 UTC,44,1572.0,0.47,0.34,0.65
1800062,"Will Bitcoin reach $68,000 on March 31?",2026-03-31 14:00:00.000000 UTC,54,2139.0,0.474,0.16,0.82
1800062,"Will Bitcoin reach $68,000 on March 31?",2026-03-31 15:00:00.000000 UTC,66,8557.0,0.416,0.11,0.7
1800062,"Will Bitcoin reach $68,000 on March 31?",2026-03-31 16:00:00.000000 UTC,85,36775.0,0.567,0.01,0.999
1800062,"Will Bitcoin reach $68,000 on March 31?",2026-03-31 17:00:00.000000 UTC,10,21190.0,0.999,0.999,0.999
1800062,"Will Bitcoin reach $68,000 on March 31?",2026-03-31 18:00:00.000000 UTC,12,7791.0,0.999,0.999,0.999
1800062,"Will Bitcoin reach $68,000 on March 31?",2026-03-31 19:00:00.000000 UTC,3,15984.0,0.999,0.999,0.999
1800062,"Will Bitcoin reach $68,000 on March 31?",2026-03-31 20:00:00.000000 UTC,2,1998.0,0.999,0.999,0.999
526656,"Will Bitcoin reach $90,000 again by March 31?",2025-03-03 21:00:00.000000 UTC,15,4084.0,0.538,0.15,0.8
526656,"Will Bitcoin reach $90,000 again by March 31?",2025-03-03 22:00:00.000000 UTC,3,30.0,0.223,0.2,0.24
526656,"Will Bitcoin reach $90,000 again by March 31?",2025-03-03 23:00:00.000000 UTC,3,177.0,0.237,0.22,0.25
526656,"Will Bitcoin reach $90,000 again by March 31?",2025-03-04 00:00:00.000000 UTC,10,522.0,0.341,0.23,0.75
526656,"Will Bitcoin reach $90,000 again by March 31?",2025-03-04 01:00:00.000000 UTC,42,1265.0,0.428,0.27,0.75
526656,"Will Bitcoin reach $90,000 again by March 31?",2025-03-04 02:00:00.000000 UTC,36,1320.0,0.43,0.35,0.63
526656,"Will Bitcoin reach $90,000 again by March 31?",2025-03-04 03:00:00.000000 UTC,33,1445.0,0.376,0.33,0.67
526656,"Will Bitcoin reach $90,000 again by March 31?",2025-03-04 04:00:00.000000 UTC,13,260.0,0.391,0.36,0.63
526656,"Will Bitcoin reach $90,000 again by March 31?",2025-03-04 05:00:00.000000 UTC,13,1210.0,0.4,0.35,0.65
526656,"Will Bitcoin reach $90,000 again by March 31?",2025-03-04 06:00:00.000000 UTC,13,2013.0,0.371,0.33,0.65
526656,"Will Bitcoin reach $90,000 again by March 31?",2025-03-04 07:00:00.000000 UTC,8,493.0,0.436,0.36,0.62
526656,"Will Bitcoin reach $90,000 again by March 31?",2025-03-04 08:00:00.000000 UTC,9,537.0,0.453,0.37,0.65
526656,"Will Bitcoin reach $90,000 again by March 31?",2025-03-04 09:00:00.000000 UTC,13,3561.0,0.414,0.33,0.65
526656,"Will Bitcoin reach $90,000 again by March 31?",2025-03-04 10:00:00.000000 UTC,1,116.0,0.63,0.63,0.63
526656,"Will Bitcoin reach $90,000 again by March 31?",2025-03-04 11:00:00.000000 UTC,1,10.0,0.37,0.37,0.37
526656,"Will Bitcoin reach $90,000 again by March 31?",2025-03-04 12:00:00.000000 UTC,21,972.0,0.607,0.38,0.66
526656,"Will Bitcoin reach $90,000 again by March 31?",2025-03-04 13:00:00.000000 UTC,16,1114.0,0.438,0.36,0.63
526656,"Will Bitcoin reach $90,000 again by March 31?",2025-03-04 14:00:00.000000 UTC,95,11373.0,0.464,0.31,0.69
526656,"Will Bitcoin reach $90,000 again by March 31?",2025-03-04 15:00:00.000000 UTC,50,2232.0,0.443,0.37,0.61
526656,"Will Bitcoin reach $90,000 again by March 31?",2025-03-04 16:00:00.000000 UTC,10,137.0,0.416,0.37,0.57
526656,"Will Bitcoin reach $90,000 again by March 31?",2025-03-04 17:00:00.000000 UTC,29,2217.0,0.404,0.31,0.68
526656,"Will Bitcoin reach $90,000 again by March 31?",2025-03-04 18:00:00.000000 UTC,46,3429.0,0.285,0.21,0.78
526656,"Will Bitcoin reach $90,000 again by March 31?",2025-03-04 19:00:00.000000 UTC,73,14741.0,0.393,0.15,0.85
526656,"Will Bitcoin reach $90,000 again by March 31?",2025-03-04 20:00:00.000000 UTC,79,10343.0,0.444,0.11,0.88
526656,"Will Bitcoin reach $90,000 again by March 31?",2025-03-04 21:00:00.000000 UTC,99,10793.0,0.366,0.1,0.9
526656,"Will Bitcoin reach $90,000 again by March 31?",2025-03-04 22:00:00.000000 UTC,10,4580.0,0.363,0.15,0.84
526656,"Will Bitcoin reach $90,000 again by March 31?",2025-03-04 23:00:00.000000 UTC,10,505.0,0.435,0.17,0.84
526656,"Will Bitcoin reach $90,000 again by March 31?",2025-03-05 00:00:00.000000 UTC,21,2149.0,0.422,0.16,0.83
526656,"Will Bitcoin reach $90,000 again by March 31?",2025-03-05 01:00:00.000000 UTC,16,2133.0,0.533,0.16,0.84
526656,"Will Bitcoin reach $90,000 again by March 31?",2025-03-05 02:00:00.000000 UTC,11,241.0,0.473,0.17,0.84
526656,"Will Bitcoin reach $90,000 again by March 31?",2025-03-05 03:00:00.000000 UTC,15,1069.0,0.479,0.16,0.85
526656,"Will Bitcoin reach $90,000 again by March 31?",2025-03-05 04:00:00.000000 UTC,14,1060.0,0.546,0.19,0.82
526656,"Will Bitcoin reach $90,000 again by March 31?",2025-03-05 05:00:00.000000 UTC,13,2291.0,0.565,0.21,0.79
526656,"Will Bitcoin reach $90,000 again by March 31?",2025-03-05 06:00:00.000000 UTC,2,235.0,0.5,0.19,0.81
526656,"Will Bitcoin reach $90,000 again by March 31?",2025-03-05 07:00:00.000000 UTC,17,5778.0,0.521,0.14,0.85
526656,"Will Bitcoin reach $90,000 again by March 31?",2025-03-05 08:00:00.000000 UTC,37,855.0,0.13,0.11,0.14
526656,"Will Bitcoin reach $90,000 again by March 31?",2025-03-05 09:00:00.000000 UTC,31,2497.0,0.198,0.08,0.92
526656,"Will Bitcoin reach $90,000 again by March 31?",2025-03-05 10:00:00.000000 UTC,463,13086.0,0.057,0.001,0.999
526656,"Will Bitcoin reach $90,000 again by March 31?",2025-03-05 11:00:00.000000 UTC,22,2519.0,0.999,0.999,0.999
526656,"Will Bitcoin reach $90,000 again by March 31?",2025-03-05 12:00:00.000000 UTC,2,1998.0,0.999,0.999,0.999
526657,"Will Bitcoin reach $95,000 again by March 31?",2025-03-03 21:00:00.000000 UTC,17,6854.0,0.494,0.42,0.55
526657,"Will Bitcoin reach $95,000 again by March 31?",2025-03-03 22:00:00.000000 UTC,7,1334.0,0.486,0.46,0.52
526657,"Will Bitcoin reach $95,000 again by March 31?",2025-03-03 23:00:00.000000 UTC,2,207.0,0.495,0.46,0.53
526657,"Will Bitcoin reach $95,000 again by March 31?",2025-03-04 01:00:00.000000 UTC,8,339.0,0.488,0.38,0.54
526657,"Will Bitcoin reach $95,000 again by March 31?",2025-03-04 02:00:00.000000 UTC,3,607.0,0.45,0.38,0.57
526657,"Will Bitcoin reach $95,000 again by March 31?",2025-03-04 03:00:00.000000 UTC,8,1541.0,0.431,0.38,0.55
526657,"Will Bitcoin reach $95,000 again by March 31?",2025-03-04 05:00:00.000000 UTC,2,20.0,0.385,0.38,0.39
526657,"Will Bitcoin reach $95,000 again by March 31?",2025-03-04 06:00:00.000000 UTC,7,120.0,0.429,0.4,0.6
526657,"Will Bitcoin reach $95,000 again by March 31?",2025-03-04 07:00:00.000000 UTC,8,51.0,0.377,0.37,0.38
526657,"Will Bitcoin reach $95,000 again by March 31?",2025-03-04 08:00:00.000000 UTC,3,39.0,0.523,0.37,0.6
526657,"Will Bitcoin reach $95,000 again by March 31?",2025-03-04 09:00:00.000000 UTC,5,98.0,0.432,0.39,0.6
526657,"Will Bitcoin reach $95,000 again by March 31?",2025-03-04 10:00:00.000000 UTC,13,209.0,0.418,0.38,0.62
526657,"Will Bitcoin reach $95,000 again by March 31?",2025-03-04 11:00:00.000000 UTC,18,2297.0,0.478,0.39,0.61
526657,"Will Bitcoin reach $95,000 again by March 31?",2025-03-04 12:00:00.000000 UTC,5,158.0,0.484,0.4,0.59
526657,"Will Bitcoin reach $95,000 again by March 31?",2025-03-04 13:00:00.000000 UTC,4,153.0,0.448,0.39,0.61
526657,"Will Bitcoin reach $95,000 again by March 31?",2025-03-04 14:00:00.000000 UTC,31,482.0,0.452,0.34,0.62
526657,"Will Bitcoin reach $95,000 again by March 31?",2025-03-04 15:00:00.000000 UTC,19,236.0,0.39,0.34,0.6
526657,"Will Bitcoin reach $95,000 again by March 31?",2025-03-04 16:00:00.000000 UTC,7,1323.0,0.503,0.36,0.61
526657,"Will Bitcoin reach $95,000 again by March 31?",2025-03-04 17:00:00.000000 UTC,24,3022.0,0.527,0.43,0.6
526657,"Will Bitcoin reach $95,000 again by March 31?",2025-03-04 18:00:00.000000 UTC,34,3873.0,0.443,0.11,0.55
526657,"Will Bitcoin reach $95,000 again by March 31?",2025-03-04 19:00:00.000000 UTC,56,1939.0,0.476,0.37,0.62
526657,"Will Bitcoin reach $95,000 again by March 31?",2025-03-04 20:00:00.000000 UTC,18,110.0,0.424,0.36,0.63
526657,"Will Bitcoin reach $95,000 again by March 31?",2025-03-04 21:00:00.000000 UTC,54,1192.0,0.453,0.36,0.64
526657,"Will Bitcoin reach $95,000 again by March 31?",2025-03-04 22:00:00.000000 UTC,26,5288.0,0.469,0.39,0.61
526657,"Will Bitcoin reach $95,000 again by March 31?",2025-03-04 23:00:00.000000 UTC,7,411.0,0.549,0.42,0.57
526657,"Will Bitcoin reach $95,000 again by March 31?",2025-03-05 00:00:00.000000 UTC,14,2406.0,0.519,0.45,0.57
526657,"Will Bitcoin reach $95,000 again by March 31?",2025-03-05 01:00:00.000000 UTC,6,704.0,0.53,0.42,0.57
526657,"Will Bitcoin reach $95,000 again by March 31?",2025-03-05 02:00:00.000000 UTC,4,420.0,0.527,0.42,0.57
526657,"Will Bitcoin reach $95,000 again by March 31?",2025-03-05 03:00:00.000000 UTC,12,673.0,0.507,0.41,0.58
526657,"Will Bitcoin reach $95,000 again by March 31?",2025-03-05 04:00:00.000000 UTC,6,90.0,0.49,0.45,0.55
526657,"Will Bitcoin reach $95,000 again by March 31?",2025-03-05 05:00:00.000000 UTC,4,579.0,0.5,0.47,0.53
526657,"Will Bitcoin reach $95,000 again by March 31?",2025-03-05 06:00:00.000000 UTC,12,2881.0,0.518,0.46,0.54
526657,"Will Bitcoin reach $95,000 again by March 31?",2025-03-05 07:00:00.000000 UTC,6,680.0,0.522,0.45,0.56
526657,"Will Bitcoin reach $95,000 again by March 31?",2025-03-05 08:00:00.000000 UTC,9,558.0,0.543,0.41,0.59
526657,"Will Bitcoin reach $95,000 again by March 31?",2025-03-05 09:00:00.000000 UTC,15,3327.0,0.443,0.34,0.65
526657,"Will Bitcoin reach $95,000 again by March 31?",2025-03-05 10:00:00.000000 UTC,37,4948.0,0.395,0.25,0.74
526657,"Will Bitcoin reach $95,000 again by March 31?",2025-03-05 11:00:00.000000 UTC,76,4397.0,0.288,0.22,0.72
526657,"Will Bitcoin reach $95,000 again by March 31?",2025-03-05 12:00:00.000000 UTC,27,4643.0,0.411,0.22,0.75
526657,"Will Bitcoin reach $95,000 again by March 31?",2025-03-05 13:00:00.000000 UTC,40,2651.0,0.438,0.27,0.72
526657,"Will Bitcoin reach $95,000 again by March 31?",2025-03-05 14:00:00.000000 UTC,63,5115.0,0.38,0.29,0.67
526657,"Will Bitcoin reach $95,000 again by March 31?",2025-03-05 15:00:00.000000 UTC,67,1518.0,0.378,0.33,0.63
526657,"Will Bitcoin reach $95,000 again by March 31?",2025-03-05 16:00:00.000000 UTC,65,2794.0,0.348,0.24,0.75
526657,"Will Bitcoin reach $95,000 again by March 31?",2025-03-05 17:00:00.000000 UTC,12,1768.0,0.429,0.27,0.71
526657,"Will Bitcoin reach $95,000 again by March 31?",2025-03-05 18:00:00.000000 UTC,50,5722.0,0.378,0.26,0.73
526657,"Will Bitcoin reach $95,000 again by March 31?",2025-03-05 19:00:00.000000 UTC,27,1728.0,0.41,0.25,0.75
526657,"Will Bitcoin reach $95,000 again by March 31?",2025-03-05 20:00:00.000000 UTC,12,85.0,0.309,0.26,0.73
526657,"Will Bitcoin reach $95,000 again by March 31?",2025-03-05 21:00:00.000000 UTC,4,454.0,0.5,0.27,0.74
526657,"Will Bitcoin reach $95,000 again by March 31?",2025-03-05 22:00:00.000000 UTC,4,176.0,0.25,0.25,0.25
526657,"Will Bitcoin reach $95,000 again by March 31?",2025-03-05 23:00:00.000000 UTC,5,154.0,0.448,0.26,0.74
526657,"Will Bitcoin reach $95,000 again by March 31?",2025-03-06 00:00:00.000000 UTC,37,6827.0,0.44,0.21,0.8
526657,"Will Bitcoin reach $95,000 again by March 31?",2025-03-06 01:00:00.000000 UTC,43,3050.0,0.509,0.18,0.81
526657,"Will Bitcoin reach $95,000 again by March 31?",2025-03-06 02:00:00.000000 UTC,19,922.0,0.518,0.2,0.81
526657,"Will Bitcoin reach $95,000 again by March 31?",2025-03-06 03:00:00.000000 UTC,26,3897.0,0.524,0.16,0.83
526657,"Will Bitcoin reach $95,000 again by March 31?",2025-03-06 04:00:00.000000 UTC,23,1979.0,0.535,0.16,0.84
526657,"Will Bitcoin reach $95,000 again by March 31?",2025-03-06 05:00:00.000000 UTC,11,3389.0,0.785,0.77,0.81
526657,"Will Bitcoin reach $95,000 again by March 31?",2025-03-06 06:00:00.000000 UTC,8,1852.0,0.636,0.24,0.77
526657,"Will Bitcoin reach $95,000 again by March 31?",2025-03-06 07:00:00.000000 UTC,24,842.0,0.508,0.24,0.78
526657,"Will Bitcoin reach $95,000 again by March 31?",2025-03-06 08:00:00.000000 UTC,15,1448.0,0.523,0.22,0.79
526657,"Will Bitcoin reach $95,000 again by March 31?",2025-03-06 09:00:00.000000 UTC,49,4453.0,0.47,0.18,0.79
526657,"Will Bitcoin reach $95,000 again by March 31?",2025-03-06 10:00:00.000000 UTC,17,1500.0,0.51,0.25,0.75
526657,"Will Bitcoin reach $95,000 again by March 31?",2025-03-06 11:00:00.000000 UTC,30,2499.0,0.512,0.28,0.74
526657,"Will Bitcoin reach $95,000 again by March 31?",2025-03-06 12:00:00.000000 UTC,34,288.0,0.432,0.25,0.74
526657,"Will Bitcoin reach $95,000 again by March 31?",2025-03-06 13:00:00.000000 UTC,39,2147.0,0.555,0.26,0.77
526657,"Will Bitcoin reach $95,000 again by March 31?",2025-03-06 14:00:00.000000 UTC,41,5218.0,0.427,0.29,0.73
526657,"Will Bitcoin reach $95,000 again by March 31?",2025-03-06 15:00:00.000000 UTC,19,2932.0,0.477,0.34,0.65
526657,"Will Bitcoin reach $95,000 again by March 31?",2025-03-06 16:00:00.000000 UTC,18,1911.0,0.431,0.36,0.65
526657,"Will Bitcoin reach $95,000 again by March 31?",2025-03-06 17:00:00.000000 UTC,33,2314.0,0.468,0.33,0.67
526657,"Will Bitcoin reach $95,000 again by March 31?",2025-03-06 18:00:00.000000 UTC,9,937.0,0.518,0.32,0.69
526657,"Will Bitcoin reach $95,000 again by March 31?",2025-03-06 19:00:00.000000 UTC,33,3582.0,0.487,0.26,0.75
526657,"Will Bitcoin reach $95,000 again by March 31?",2025-03-06 20:00:00.000000 UTC,9,119.0,0.378,0.27,0.74
526657,"Will Bitcoin reach $95,000 again by March 31?",2025-03-06 21:00:00.000000 UTC,118,6934.0,0.529,0.27,0.75
526657,"Will Bitcoin reach $95,000 again by March 31?",2025-03-06 22:00:00.000000 UTC,116,6912.0,0.5,0.42,0.57
526657,"Will Bitcoin reach $95,000 again by March 31?",2025-03-06 23:00:00.000000 UTC,34,999.0,0.469,0.44,0.56
526657,"Will Bitcoin reach $95,000 again by March 31?",2025-03-07 00:00:00.000000 UTC,11,851.0,0.486,0.46,0.51
526657,"Will Bitcoin reach $95,000 again by March 31?",2025-03-07 01:00:00.000000 UTC,16,376.0,0.464,0.45,0.48
526657,"Will Bitcoin reach $95,000 again by March 31?",2025-03-07 02:00:00.000000 UTC,19,308.0,0.465,0.39,0.57
526657,"Will Bitcoin reach $95,000 again by March 31?",2025-03-07 03:00:00.000000 UTC,6,183.0,0.478,0.41,0.58
526657,"Will Bitcoin reach $95,000 again by March 31?",2025-03-07 04:00:00.000000 UTC,6,551.0,0.413,0.4,0.44
526657,"Will Bitcoin reach $95,000 again by March 31?",2025-03-07 05:00:00.000000 UTC,23,1839.0,0.425,0.33,0.63
526657,"Will Bitcoin reach $95,000 again by March 31?",2025-03-07 06:00:00.000000 UTC,7,526.0,0.414,0.35,0.63
526657,"Will Bitcoin reach $95,000 again by March 31?",2025-03-07 07:00:00.000000 UTC,39,515.0,0.4,0.34,0.66
526657,"Will Bitcoin reach $95,000 again by March 31?",2025-03-07 08:00:00.000000 UTC,10,115.0,0.403,0.36,0.65
526657,"Will Bitcoin reach $95,000 again by March 31?",2025-03-07 09:00:00.000000 UTC,5,1941.0,0.618,0.33,0.72
526657,"Will Bitcoin reach $95,000 again by March 31?",2025-03-07 10:00:00.000000 UTC,31,1870.0,0.434,0.25,0.75
526657,"Will Bitcoin reach $95,000 again by March 31?",2025-03-07 11:00:00.000000 UTC,73,4599.0,0.41,0.26,0.76
526657,"Will Bitcoin reach $95,000 again by March 31?",2025-03-07 12:00:00.000000 UTC,34,886.0,0.448,0.36,0.58
526657,"Will Bitcoin reach $95,000 again by March 31?",2025-03-07 13:00:00.000000 UTC,36,2420.0,0.49,0.4,0.61
526657,"Will Bitcoin reach $95,000 again by March 31?",2025-03-07 14:00:00.000000 UTC,14,209.0,0.544,0.39,0.61
526657,"Will Bitcoin reach $95,000 again by March 31?",2025-03-07 15:00:00.000000 UTC,14,328.0,0.462,0.42,0.59
526657,"Will Bitcoin reach $95,000 again by March 31?",2025-03-07 16:00:00.000000 UTC,132,11286.0,0.482,0.44,0.56
526657,"Will Bitcoin reach $95,000 again by March 31?",2025-03-07 17:00:00.000000 UTC,60,8635.0,0.494,0.47,0.55
526657,"Will Bitcoin reach $95,000 again by March 31?",2025-03-07 18:00:00.000000 UTC,10,387.0,0.493,0.45,0.53
526657,"Will Bitcoin reach $95,000 again by March 31?",2025-03-07 19:00:00.000000 UTC,4,60.0,0.482,0.47,0.52
526657,"Will Bitcoin reach $95,000 again by March 31?",2025-03-07 20:00:00.000000 UTC,8,84.0,0.494,0.45,0.57
526657,"Will Bitcoin reach $95,000 again by March 31?",2025-03-07 21:00:00.000000 UTC,11,447.0,0.445,0.41,0.57
526657,"Will Bitcoin reach $95,000 again by March 31?",2025-03-07 22:00:00.000000 UTC,9,266.0,0.404,0.4,0.43
526657,"Will Bitcoin reach $95,000 again by March 31?",2025-03-07 23:00:00.000000 UTC,1,3.0,0.42,0.42,0.42
526657,"Will Bitcoin reach $95,000 again by March 31?",2025-03-08 00:00:00.000000 UTC,7,1174.0,0.433,0.4,0.54
526657,"Will Bitcoin reach $95,000 again by March 31?",2025-03-08 01:00:00.000000 UTC,14,253.0,0.51,0.45,0.55
526657,"Will Bitcoin reach $95,000 again by March 31?",2025-03-08 02:00:00.000000 UTC,7,173.0,0.449,0.44,0.46
526657,"Will Bitcoin reach $95,000 again by March 31?",2025-03-08 03:00:00.000000 UTC,13,172.0,0.467,0.39,0.57
526657,"Will Bitcoin reach $95,000 again by March 31?",2025-03-08 04:00:00.000000 UTC,6,43.0,0.413,0.41,0.42
526657,"Will Bitcoin reach $95,000 again by March 31?",2025-03-08 05:00:00.000000 UTC,7,49.0,0.537,0.43,0.58
526657,"Will Bitcoin reach $95,000 again by March 31?",2025-03-08 06:00:00.000000 UTC,4,25.0,0.448,0.41,0.55
526657,"Will Bitcoin reach $95,000 again by March 31?",2025-03-08 07:00:00.000000 UTC,5,662.0,0.486,0.42,0.58
526657,"Will Bitcoin reach $95,000 again by March 31?",2025-03-08 08:00:00.000000 UTC,5,505.0,0.516,0.44,0.58
526657,"Will Bitcoin reach $95,000 again by March 31?",2025-03-08 09:00:00.000000 UTC,4,157.0,0.563,0.55,0.58
526657,"Will Bitcoin reach $95,000 again by March 31?",2025-03-08 11:00:00.000000 UTC,6,368.0,0.533,0.44,0.58
526657,"Will Bitcoin reach $95,000 again by March 31?",2025-03-08 12:00:00.000000 UTC,1,58.0,0.58,0.58,0.58
526657,"Will Bitcoin reach $95,000 again by March 31?",2025-03-08 13:00:00.000000 UTC,7,4578.0,0.53,0.42,0.58
526657,"Will Bitcoin reach $95,000 again by March 31?",2025-03-08 15:00:00.000000 UTC,2,332.0,0.49,0.41,0.57
526657,"Will Bitcoin reach $95,000 again by March 31?",2025-03-08 17:00:00.000000 UTC,1,8.0,0.4,0.4,0.4
526657,"Will Bitcoin reach $95,000 again by March 31?",2025-03-08 18:00:00.000000 UTC,5,529.0,0.416,0.41,0.43
526657,"Will Bitcoin reach $95,000 again by March 31?",2025-03-08 19:00:00.000000 UTC,1,126.0,0.42,0.42,0.42
526657,"Will Bitcoin reach $95,000 again by March 31?",2025-03-08 20:00:00.000000 UTC,4,230.0,0.45,0.39,0.61
526657,"Will Bitcoin reach $95,000 again by March 31?",2025-03-08 21:00:00.000000 UTC,2,125.0,0.405,0.4,0.41
526657,"Will Bitcoin reach $95,000 again by March 31?",2025-03-08 22:00:00.000000 UTC,35,6006.0,0.473,0.38,0.6
526657,"Will Bitcoin reach $95,000 again by March 31?",2025-03-09 01:00:00.000000 UTC,23,4937.0,0.39,0.36,0.62
526657,"Will Bitcoin reach $95,000 again by March 31?",2025-03-09 02:00:00.000000 UTC,27,2889.0,0.469,0.36,0.64
526657,"Will Bitcoin reach $95,000 again by March 31?",2025-03-09 03:00:00.000000 UTC,23,723.0,0.344,0.32,0.38
526657,"Will Bitcoin reach $95,000 again by March 31?",2025-03-09 04:00:00.000000 UTC,2,155.0,0.345,0.34,0.35
526657,"Will Bitcoin reach $95,000 again by March 31?",2025-03-09 05:00:00.000000 UTC,16,604.0,0.37,0.31,0.66
526657,"Will Bitcoin reach $95,000 again by March 31?",2025-03-09 06:00:00.000000 UTC,15,3357.0,0.521,0.3,0.7
526657,"Will Bitcoin reach $95,000 again by March 31?",2025-03-09 07:00:00.000000 UTC,13,3787.0,0.443,0.27,0.72
526657,"Will Bitcoin reach $95,000 again by March 31?",2025-03-09 08:00:00.000000 UTC,19,2367.0,0.366,0.26,0.72
526657,"Will Bitcoin reach $95,000 again by March 31?",2025-03-09 09:00:00.000000 UTC,34,4157.0,0.327,0.26,0.74
526657,"Will Bitcoin reach $95,000 again by March 31?",2025-03-09 10:00:00.000000 UTC,10,233.0,0.324,0.28,0.72
526657,"Will Bitcoin reach $95,000 again by March 31?",2025-03-09 11:00:00.000000 UTC,3,509.0,0.7,0.7,0.7
526657,"Will Bitcoin reach $95,000 again by March 31?",2025-03-09 12:00:00.000000 UTC,16,302.0,0.572,0.28,0.7
526657,"Will Bitcoin reach $95,000 again by March 31?",2025-03-09 13:00:00.000000 UTC,5,2060.0,0.382,0.28,0.72
526657,"Will Bitcoin reach $95,000 again by March 31?",2025-03-09 14:00:00.000000 UTC,11,487.0,0.297,0.25,0.73
526657,"Will Bitcoin reach $95,000 again by March 31?",2025-03-09 15:00:00.000000 UTC,56,1659.0,0.251,0.21,0.79
526657,"Will Bitcoin reach $95,000 again by March 31?",2025-03-09 16:00:00.000000 UTC,40,3199.0,0.27,0.2,0.8
526657,"Will Bitcoin reach $95,000 again by March 31?",2025-03-09 17:00:00.000000 UTC,19,293.0,0.264,0.24,0.28
526657,"Will Bitcoin reach $95,000 again by March 31?",2025-03-09 18:00:00.000000 UTC,22,2495.0,0.328,0.25,0.73
526657,"Will Bitcoin reach $95,000 again by March 31?",2025-03-09 19:00:00.000000 UTC,17,1364.0,0.248,0.24,0.25
526657,"Will Bitcoin reach $95,000 again by March 31?",2025-03-09 20:00:00.000000 UTC,6,213.0,0.352,0.27,0.74
526657,"Will Bitcoin reach $95,000 again by March 31?",2025-03-09 21:00:00.000000 UTC,14,715.0,0.298,0.26,0.73
526657,"Will Bitcoin reach $95,000 again by March 31?",2025-03-09 22:00:00.000000 UTC,13,521.0,0.304,0.26,0.73
526657,"Will Bitcoin reach $95,000 again by March 31?",2025-03-09 23:00:00.000000 UTC,23,16447.0,0.49,0.26,0.74
526657,"Will Bitcoin reach $95,000 again by March 31?",2025-03-10 00:00:00.000000 UTC,24,1221.0,0.539,0.25,0.75
526657,"Will Bitcoin reach $95,000 again by March 31?",2025-03-10 01:00:00.000000 UTC,39,16901.0,0.56,0.29,0.69
526657,"Will Bitcoin reach $95,000 again by March 31?",2025-03-10 02:00:00.000000 UTC,13,249.0,0.29,0.29,0.29
526657,"Will Bitcoin reach $95,000 again by March 31?",2025-03-10 03:00:00.000000 UTC,18,739.0,0.379,0.3,0.7
526657,"Will Bitcoin reach $95,000 again by March 31?",2025-03-10 04:00:00.000000 UTC,5,46.0,0.368,0.28,0.71
526657,"Will Bitcoin reach $95,000 again by March 31?",2025-03-10 05:00:00.000000 UTC,38,1082.0,0.271,0.22,0.76
526657,"Will Bitcoin reach $95,000 again by March 31?",2025-03-10 06:00:00.000000 UTC,42,1090.0,0.274,0.2,0.78
526657,"Will Bitcoin reach $95,000 again by March 31?",2025-03-10 07:00:00.000000 UTC,5,34.0,0.334,0.21,0.79
526657,"Will Bitcoin reach $95,000 again by March 31?",2025-03-10 08:00:00.000000 UTC,75,5068.0,0.331,0.16,0.82
526657,"Will Bitcoin reach $95,000 again by March 31?",2025-03-10 09:00:00.000000 UTC,54,3006.0,0.333,0.16,0.85
526657,"Will Bitcoin reach $95,000 again by March 31?",2025-03-10 10:00:00.000000 UTC,36,7271.0,0.253,0.16,0.8
526657,"Will Bitcoin reach $95,000 again by March 31?",2025-03-10 11:00:00.000000 UTC,7,91.0,0.719,0.19,0.82
526657,"Will Bitcoin reach $95,000 again by March 31?",2025-03-10 12:00:00.000000 UTC,22,1156.0,0.337,0.2,0.8
526657,"Will Bitcoin reach $95,000 again by March 31?",2025-03-10 13:00:00.000000 UTC,4,8.0,0.2,0.2,0.2
526657,"Will Bitcoin reach $95,000 again by March 31?",2025-03-10 14:00:00.000000 UTC,11,457.0,0.295,0.16,0.82
526657,"Will Bitcoin reach $95,000 again by March 31?",2025-03-10 15:00:00.000000 UTC,43,4814.0,0.296,0.14,0.85
526657,"Will Bitcoin reach $95,000 again by March 31?",2025-03-10 16:00:00.000000 UTC,19,907.0,0.414,0.17,0.83
526657,"Will Bitcoin reach $95,000 again by March 31?",2025-03-11 02:00:00.000000 UTC,39,4525.0,0.413,0.18,0.82
526657,"Will Bitcoin reach $95,000 again by March 31?",2025-03-11 03:00:00.000000 UTC,22,2375.0,0.275,0.18,0.82
526657,"Will Bitcoin reach $95,000 again by March 31?",2025-03-11 04:00:00.000000 UTC,16,367.0,0.286,0.2,0.79
526657,"Will Bitcoin reach $95,000 again by March 31?",2025-03-11 05:00:00.000000 UTC,23,1216.0,0.334,0.19,0.8
526657,"Will Bitcoin reach $95,000 again by March 31?",2025-03-11 06:00:00.000000 UTC,18,463.0,0.278,0.21,0.78
526657,"Will Bitcoin reach $95,000 again by March 31?",2025-03-11 07:00:00.000000 UTC,14,13573.0,0.494,0.2,0.78
526657,"Will Bitcoin reach $95,000 again by March 31?",2025-03-11 08:00:00.000000 UTC,6,31.0,0.245,0.23,0.25
526657,"Will Bitcoin reach $95,000 again by March 31?",2025-03-11 09:00:00.000000 UTC,39,4235.0,0.309,0.24,0.75
526657,"Will Bitcoin reach $95,000 again by March 31?",2025-03-11 10:00:00.000000 UTC,25,1709.0,0.248,0.24,0.26
526657,"Will Bitcoin reach $95,000 again by March 31?",2025-03-11 11:00:00.000000 UTC,24,2013.0,0.258,0.25,0.27
526657,"Will Bitcoin reach $95,000 again by March 31?",2025-03-11 12:00:00.000000 UTC,8,63.0,0.31,0.24,0.74
526657,"Will Bitcoin reach $95,000 again by March 31?",2025-03-11 13:00:00.000000 UTC,38,908.0,0.318,0.23,0.77
526657,"Will Bitcoin reach $95,000 again by March 31?",2025-03-11 14:00:00.000000 UTC,80,2202.0,0.256,0.19,0.8
526657,"Will Bitcoin reach $95,000 again by March 31?",2025-03-11 15:00:00.000000 UTC,34,754.0,0.29,0.23,0.75
526657,"Will Bitcoin reach $95,000 again by March 31?",2025-03-11 16:00:00.000000 UTC,31,765.0,0.265,0.23,0.75
526657,"Will Bitcoin reach $95,000 again by March 31?",2025-03-11 17:00:00.000000 UTC,20,198.0,0.257,0.22,0.78
526657,"Will Bitcoin reach $95,000 again by March 31?",2025-03-11 18:00:00.000000 UTC,52,7229.0,0.439,0.25,0.75
526657,"Will Bitcoin reach $95,000 again by March 31?",2025-03-11 19:00:00.000000 UTC,13,1695.0,0.396,0.3,0.69
526657,"Will Bitcoin reach $95,000 again by March 31?",2025-03-11 20:00:00.000000 UTC,23,766.0,0.386,0.27,0.73
526657,"Will Bitcoin reach $95,000 again by March 31?",2025-03-11 21:00:00.000000 UTC,34,315.0,0.305,0.28,0.7
526657,"Will Bitcoin reach $95,000 again by March 31?",2025-03-11 22:00:00.000000 UTC,6,1262.0,0.498,0.29,0.7
526657,"Will Bitcoin reach $95,000 again by March 31?",2025-03-11 23:00:00.000000 UTC,28,424.0,0.515,0.27,0.72
526657,"Will Bitcoin reach $95,000 again by March 31?",2025-03-12 00:00:00.000000 UTC,69,3228.0,0.597,0.27,0.73
526657,"Will Bitcoin reach $95,000 again by March 31?",2025-03-12 01:00:00.000000 UTC,9,595.0,0.471,0.28,0.7
526657,"Will Bitcoin reach $95,000 again by March 31?",2025-03-12 02:00:00.000000 UTC,5,50.0,0.44,0.26,0.7
526657,"Will Bitcoin reach $95,000 again by March 31?",2025-03-12 03:00:00.000000 UTC,12,1593.0,0.377,0.26,0.71
526657,"Will Bitcoin reach $95,000 again by March 31?",2025-03-12 04:00:00.000000 UTC,9,391.0,0.256,0.25,0.27
526657,"Will Bitcoin reach $95,000 again by March 31?",2025-03-12 05:00:00.000000 UTC,2,71.0,0.24,0.24,0.24
526657,"Will Bitcoin reach $95,000 again by March 31?",2025-03-12 06:00:00.000000 UTC,11,465.0,0.255,0.24,0.27
526657,"Will Bitcoin reach $95,000 again by March 31?",2025-03-12 07:00:00.000000 UTC,6,165.0,0.25,0.23,0.26
526657,"Will Bitcoin reach $95,000 again by March 31?",2025-03-12 08:00:00.000000 UTC,9,745.0,0.314,0.25,0.71
526657,"Will Bitcoin reach $95,000 again by March 31?",2025-03-12 09:00:00.000000 UTC,6,35.0,0.272,0.26,0.28
526657,"Will Bitcoin reach $95,000 again by March 31?",2025-03-12 10:00:00.000000 UTC,7,61.0,0.273,0.26,0.28
526657,"Will Bitcoin reach $95,000 again by March 31?",2025-03-12 11:00:00.000000 UTC,11,123.0,0.317,0.26,0.71
526657,"Will Bitcoin reach $95,000 again by March 31?",2025-03-12 12:00:00.000000 UTC,87,4875.0,0.392,0.28,0.7
526657,"Will Bitcoin reach $95,000 again by March 31?",2025-03-12 13:00:00.000000 UTC,71,3089.0,0.342,0.26,0.73
526657,"Will Bitcoin reach $95,000 again by March 31?",2025-03-12 14:00:00.000000 UTC,71,675.0,0.264,0.21,0.77
526657,"Will Bitcoin reach $95,000 again by March 31?",2025-03-12 15:00:00.000000 UTC,41,521.0,0.234,0.19,0.8
526657,"Will Bitcoin reach $95,000 again by March 31?",2025-03-12 16:00:00.000000 UTC,8,470.0,0.291,0.21,0.78
526657,"Will Bitcoin reach $95,000 again by March 31?",2025-03-12 17:00:00.000000 UTC,12,1117.0,0.322,0.23,0.76
526657,"Will Bitcoin reach $95,000 again by March 31?",2025-03-12 18:00:00.000000 UTC,8,47.0,0.237,0.23,0.25
526657,"Will Bitcoin reach $95,000 again by March 31?",2025-03-12 19:00:00.000000 UTC,9,150.0,0.362,0.24,0.75
526657,"Will Bitcoin reach $95,000 again by March 31?",2025-03-12 20:00:00.000000 UTC,11,93.0,0.35,0.24,0.74
526657,"Will Bitcoin reach $95,000 again by March 31?",2025-03-12 21:00:00.000000 UTC,13,501.0,0.272,0.27,0.28
526657,"Will Bitcoin reach $95,000 again by March 31?",2025-03-12 22:00:00.000000 UTC,7,185.0,0.287,0.28,0.3
526657,"Will Bitcoin reach $95,000 again by March 31?",2025-03-12 23:00:00.000000 UTC,5,295.0,0.292,0.29,0.3
526657,"Will Bitcoin reach $95,000 again by March 31?",2025-03-13 00:00:00.000000 UTC,35,872.0,0.299,0.29,0.3
526657,"Will Bitcoin reach $95,000 again by March 31?",2025-03-13 01:00:00.000000 UTC,27,851.0,0.31,0.28,0.69
526657,"Will Bitcoin reach $95,000 again by March 31?",2025-03-13 02:00:00.000000 UTC,25,1175.0,0.407,0.29,0.7
526657,"Will Bitcoin reach $95,000 again by March 31?",2025-03-13 03:00:00.000000 UTC,46,3856.0,0.426,0.26,0.72
526657,"Will Bitcoin reach $95,000 again by March 31?",2025-03-13 04:00:00.000000 UTC,1,5.0,0.27,0.27,0.27
526657,"Will Bitcoin reach $95,000 again by March 31?",2025-03-13 05:00:00.000000 UTC,12,1952.0,0.332,0.25,0.74
526657,"Will Bitcoin reach $95,000 again by March 31?",2025-03-13 06:00:00.000000 UTC,11,1056.0,0.332,0.24,0.75
526657,"Will Bitcoin reach $95,000 again by March 31?",2025-03-13 07:00:00.000000 UTC,4,15.0,0.255,0.24,0.26
526657,"Will Bitcoin reach $95,000 again by March 31?",2025-03-13 08:00:00.000000 UTC,8,501.0,0.424,0.22,0.76
526657,"Will Bitcoin reach $95,000 again by March 31?",2025-03-13 09:00:00.000000 UTC,12,183.0,0.287,0.23,0.75
526657,"Will Bitcoin reach $95,000 again by March 31?",2025-03-13 10:00:00.000000 UTC,5,256.0,0.24,0.23,0.26
526657,"Will Bitcoin reach $95,000 again by March 31?",2025-03-13 11:00:00.000000 UTC,5,172.0,0.234,0.22,0.24
526657,"Will Bitcoin reach $95,000 again by March 31?",2025-03-13 12:00:00.000000 UTC,28,701.0,0.237,0.22,0.26
526657,"Will Bitcoin reach $95,000 again by March 31?",2025-03-13 13:00:00.000000 UTC,15,3579.0,0.371,0.21,0.8
526657,"Will Bitcoin reach $95,000 again by March 31?",2025-03-13 14:00:00.000000 UTC,12,1039.0,0.307,0.2,0.8
526657,"Will Bitcoin reach $95,000 again by March 31?",2025-03-13 15:00:00.000000 UTC,19,2770.0,0.518,0.19,0.82
526657,"Will Bitcoin reach $95,000 again by March 31?",2025-03-13 16:00:00.000000 UTC,38,15059.0,0.616,0.18,0.82
526657,"Will Bitcoin reach $95,000 again by March 31?",2025-03-13 17:00:00.000000 UTC,20,833.0,0.302,0.15,0.83
526657,"Will Bitcoin reach $95,000 again by March 31?",2025-03-13 18:00:00.000000 UTC,53,11131.0,0.273,0.16,0.83
526657,"Will Bitcoin reach $95,000 again by March 31?",2025-03-13 19:00:00.000000 UTC,11,925.0,0.351,0.17,0.83
526657,"Will Bitcoin reach $95,000 again by March 31?",2025-03-13 20:00:00.000000 UTC,3,3.0,0.163,0.16,0.17
526657,"Will Bitcoin reach $95,000 again by March 31?",2025-03-13 21:00:00.000000 UTC,2,196.0,0.5,0.17,0.83
526657,"Will Bitcoin reach $95,000 again by March 31?",2025-03-13 22:00:00.000000 UTC,10,63.0,0.177,0.17,0.18
526657,"Will Bitcoin reach $95,000 again by March 31?",2025-03-13 23:00:00.000000 UTC,26,291.0,0.665,0.17,0.81
526657,"Will Bitcoin reach $95,000 again by March 31?",2025-03-14 00:00:00.000000 UTC,2,18.0,0.18,0.18,0.18
526657,"Will Bitcoin reach $95,000 again by March 31?",2025-03-14 01:00:00.000000 UTC,16,411.0,0.173,0.17,0.18
526657,"Will Bitcoin reach $95,000 again by March 31?",2025-03-14 02:00:00.000000 UTC,10,229.0,0.433,0.18,0.8
526657,"Will Bitcoin reach $95,000 again by March 31?",2025-03-14 03:00:00.000000 UTC,6,831.0,0.492,0.18,0.8
526657,"Will Bitcoin reach $95,000 again by March 31?",2025-03-14 04:00:00.000000 UTC,1,11.0,0.18,0.18,0.18
526657,"Will Bitcoin reach $95,000 again by March 31?",2025-03-14 05:00:00.000000 UTC,2,57.0,0.49,0.18,0.8
526657,"Will Bitcoin reach $95,000 again by March 31?",2025-03-14 06:00:00.000000 UTC,13,378.0,0.178,0.17,0.18
526657,"Will Bitcoin reach $95,000 again by March 31?",2025-03-14 07:00:00.000000 UTC,8,704.0,0.264,0.18,0.82
526657,"Will Bitcoin reach $95,000 again by March 31?",2025-03-14 08:00:00.000000 UTC,16,601.0,0.186,0.18,0.19
526657,"Will Bitcoin reach $95,000 again by March 31?",2025-03-14 09:00:00.000000 UTC,45,4189.0,0.356,0.18,0.81
526657,"Will Bitcoin reach $95,000 again by March 31?",2025-03-14 10:00:00.000000 UTC,8,460.0,0.425,0.19,0.8
526657,"Will Bitcoin reach $95,000 again by March 31?",2025-03-14 11:00:00.000000 UTC,9,747.0,0.34,0.21,0.77
526657,"Will Bitcoin reach $95,000 again by March 31?",2025-03-14 12:00:00.000000 UTC,18,506.0,0.405,0.21,0.78
526657,"Will Bitcoin reach $95,000 again by March 31?",2025-03-14 13:00:00.000000 UTC,19,1016.0,0.224,0.22,0.23
526657,"Will Bitcoin reach $95,000 again by March 31?",2025-03-14 14:00:00.000000 UTC,11,257.0,0.317,0.2,0.79
526657,"Will Bitcoin reach $95,000 again by March 31?",2025-03-14 15:00:00.000000 UTC,49,1446.0,0.38,0.22,0.75
526657,"Will Bitcoin reach $95,000 again by March 31?",2025-03-14 16:00:00.000000 UTC,20,1292.0,0.367,0.27,0.72
526657,"Will Bitcoin reach $95,000 again by March 31?",2025-03-14 17:00:00.000000 UTC,16,158.0,0.332,0.27,0.71
526657,"Will Bitcoin reach $95,000 again by March 31?",2025-03-14 18:00:00.000000 UTC,11,121.0,0.355,0.26,0.72
526657,"Will Bitcoin reach $95,000 again by March 31?",2025-03-14 19:00:00.000000 UTC,34,3617.0,0.37,0.25,0.73
526657,"Will Bitcoin reach $95,000 again by March 31?",2025-03-14 20:00:00.000000 UTC,56,3466.0,0.32,0.22,0.74
526657,"Will Bitcoin reach $95,000 again by March 31?",2025-03-14 21:00:00.000000 UTC,9,1528.0,0.417,0.23,0.76
526657,"Will Bitcoin reach $95,000 again by March 31?",2025-03-14 22:00:00.000000 UTC,8,1713.0,0.376,0.24,0.73
526657,"Will Bitcoin reach $95,000 again by March 31?",2025-03-14 23:00:00.000000 UTC,8,453.0,0.556,0.24,0.75
526657,"Will Bitcoin reach $95,000 again by March 31?",2025-03-15 00:00:00.000000 UTC,1,2.0,0.24,0.24,0.24
526657,"Will Bitcoin reach $95,000 again by March 31?",2025-03-15 01:00:00.000000 UTC,8,1183.0,0.749,0.74,0.75
526657,"Will Bitcoin reach $95,000 again by March 31?",2025-03-15 02:00:00.000000 UTC,10,1547.0,0.597,0.24,0.75
526657,"Will Bitcoin reach $95,000 again by March 31?",2025-03-15 03:00:00.000000 UTC,11,1436.0,0.651,0.25,0.74
526657,"Will Bitcoin reach $95,000 again by March 31?",2025-03-15 04:00:00.000000 UTC,11,1430.0,0.657,0.25,0.75
526657,"Will Bitcoin reach $95,000 again by March 31?",2025-03-15 05:00:00.000000 UTC,9,420.0,0.349,0.23,0.75
526657,"Will Bitcoin reach $95,000 again by March 31?",2025-03-15 06:00:00.000000 UTC,7,56.0,0.389,0.24,0.75
526657,"Will Bitcoin reach $95,000 again by March 31?",2025-03-15 07:00:00.000000 UTC,19,823.0,0.342,0.21,0.78
526657,"Will Bitcoin reach $95,000 again by March 31?",2025-03-15 08:00:00.000000 UTC,2,13.0,0.78,0.78,0.78
526657,"Will Bitcoin reach $95,000 again by March 31?",2025-03-15 09:00:00.000000 UTC,12,1778.0,0.548,0.2,0.79
526657,"Will Bitcoin reach $95,000 again by March 31?",2025-03-15 10:00:00.000000 UTC,23,2813.0,0.485,0.2,0.8
526657,"Will Bitcoin reach $95,000 again by March 31?",2025-03-15 11:00:00.000000 UTC,12,1060.0,0.541,0.23,0.77
526657,"Will Bitcoin reach $95,000 again by March 31?",2025-03-15 12:00:00.000000 UTC,2,3.0,0.225,0.22,0.23
526657,"Will Bitcoin reach $95,000 again by March 31?",2025-03-15 13:00:00.000000 UTC,18,616.0,0.272,0.24,0.75
526657,"Will Bitcoin reach $95,000 again by March 31?",2025-03-15 14:00:00.000000 UTC,6,271.0,0.323,0.24,0.74
526657,"Will Bitcoin reach $95,000 again by March 31?",2025-03-15 16:00:00.000000 UTC,4,68.0,0.25,0.25,0.25
526657,"Will Bitcoin reach $95,000 again by March 31?",2025-03-15 17:00:00.000000 UTC,9,1499.0,0.686,0.25,0.74
526657,"Will Bitcoin reach $95,000 again by March 31?",2025-03-15 18:00:00.000000 UTC,12,810.0,0.24,0.24,0.24
526657,"Will Bitcoin reach $95,000 again by March 31?",2025-03-15 19:00:00.000000 UTC,1,240.0,0.24,0.24,0.24
526657,"Will Bitcoin reach $95,000 again by March 31?",2025-03-15 20:00:00.000000 UTC,47,1736.0,0.291,0.23,0.76
526657,"Will Bitcoin reach $95,000 again by March 31?",2025-03-15 21:00:00.000000 UTC,7,1099.0,0.75,0.75,0.75
526657,"Will Bitcoin reach $95,000 again by March 31?",2025-03-15 22:00:00.000000 UTC,2,2.0,0.24,0.24,0.24
526657,"Will Bitcoin reach $95,000 again by March 31?",2025-03-15 23:00:00.000000 UTC,30,3793.0,0.485,0.24,0.75
526657,"Will Bitcoin reach $95,000 again by March 31?",2025-03-16 00:00:00.000000 UTC,2,12.0,0.24,0.24,0.24
526657,"Will Bitcoin reach $95,000 again by March 31?",2025-03-16 01:00:00.000000 UTC,15,221.0,0.24,0.24,0.24
526657,"Will Bitcoin reach $95,000 again by March 31?",2025-03-16 02:00:00.000000 UTC,17,1143.0,0.452,0.23,0.76
526657,"Will Bitcoin reach $95,000 again by March 31?",2025-03-16 04:00:00.000000 UTC,19,1335.0,0.246,0.24,0.25
526657,"Will Bitcoin reach $95,000 again by March 31?",2025-03-16 06:00:00.000000 UTC,4,40.0,0.253,0.24,0.26
526657,"Will Bitcoin reach $95,000 again by March 31?",2025-03-16 07:00:00.000000 UTC,9,525.0,0.3,0.23,0.76
526657,"Will Bitcoin reach $95,000 again by March 31?",2025-03-16 08:00:00.000000 UTC,2,3.0,0.24,0.24,0.24
526657,"Will Bitcoin reach $95,000 again by March 31?",2025-03-16 09:00:00.000000 UTC,1,17.0,0.25,0.25,0.25
526657,"Will Bitcoin reach $95,000 again by March 31?",2025-03-16 10:00:00.000000 UTC,6,34.0,0.227,0.22,0.24
526657,"Will Bitcoin reach $95,000 again by March 31?",2025-03-16 11:00:00.000000 UTC,23,1920.0,0.405,0.18,0.79
526657,"Will Bitcoin reach $95,000 again by March 31?",2025-03-16 12:00:00.000000 UTC,11,515.0,0.2,0.19,0.21
526657,"Will Bitcoin reach $95,000 again by March 31?",2025-03-16 13:00:00.000000 UTC,11,948.0,0.524,0.19,0.8
526657,"Will Bitcoin reach $95,000 again by March 31?",2025-03-16 14:00:00.000000 UTC,8,389.0,0.421,0.2,0.79
526657,"Will Bitcoin reach $95,000 again by March 31?",2025-03-16 15:00:00.000000 UTC,6,57.0,0.4,0.2,0.78
526657,"Will Bitcoin reach $95,000 again by March 31?",2025-03-16 16:00:00.000000 UTC,114,8141.0,0.443,0.21,0.78
526657,"Will Bitcoin reach $95,000 again by March 31?",2025-03-16 17:00:00.000000 UTC,9,38.0,0.238,0.23,0.25
526657,"Will Bitcoin reach $95,000 again by March 31?",2025-03-16 18:00:00.000000 UTC,11,285.0,0.333,0.23,0.77
526657,"Will Bitcoin reach $95,000 again by March 31?",2025-03-16 19:00:00.000000 UTC,14,314.0,0.332,0.19,0.8
526657,"Will Bitcoin reach $95,000 again by March 31?",2025-03-16 20:00:00.000000 UTC,21,1404.0,0.311,0.19,0.81
526657,"Will Bitcoin reach $95,000 again by March 31?",2025-03-16 21:00:00.000000 UTC,5,13.0,0.19,0.18,0.2
526657,"Will Bitcoin reach $95,000 again by March 31?",2025-03-16 22:00:00.000000 UTC,10,834.0,0.373,0.17,0.82
526657,"Will Bitcoin reach $95,000 again by March 31?",2025-03-16 23:00:00.000000 UTC,13,296.0,0.375,0.17,0.82
526657,"Will Bitcoin reach $95,000 again by March 31?",2025-03-17 00:00:00.000000 UTC,8,17.0,0.425,0.19,0.82
526657,"Will Bitcoin reach $95,000 again by March 31?",2025-03-17 01:00:00.000000 UTC,4,35.0,0.348,0.19,0.8
526657,"Will Bitcoin reach $95,000 again by March 31?",2025-03-17 02:00:00.000000 UTC,12,318.0,0.545,0.2,0.8
526657,"Will Bitcoin reach $95,000 again by March 31?",2025-03-17 03:00:00.000000 UTC,4,350.0,0.645,0.21,0.79
526657,"Will Bitcoin reach $95,000 again by March 31?",2025-03-17 04:00:00.000000 UTC,3,575.0,0.59,0.21,0.78
526657,"Will Bitcoin reach $95,000 again by March 31?",2025-03-17 05:00:00.000000 UTC,2,2.0,0.195,0.19,0.2
526657,"Will Bitcoin reach $95,000 again by March 31?",2025-03-17 06:00:00.000000 UTC,7,332.0,0.279,0.19,0.81
526657,"Will Bitcoin reach $95,000 again by March 31?",2025-03-17 07:00:00.000000 UTC,5,111.0,0.44,0.2,0.79
526657,"Will Bitcoin reach $95,000 again by March 31?",2025-03-17 08:00:00.000000 UTC,9,192.0,0.458,0.2,0.78
526657,"Will Bitcoin reach $95,000 again by March 31?",2025-03-17 09:00:00.000000 UTC,2,44.0,0.78,0.78,0.78
526657,"Will Bitcoin reach $95,000 again by March 31?",2025-03-17 10:00:00.000000 UTC,13,436.0,0.238,0.19,0.78
526657,"Will Bitcoin reach $95,000 again by March 31?",2025-03-17 11:00:00.000000 UTC,4,24.0,0.353,0.19,0.81
526657,"Will Bitcoin reach $95,000 again by March 31?",2025-03-17 12:00:00.000000 UTC,29,2825.0,0.427,0.18,0.82
526657,"Will Bitcoin reach $95,000 again by March 31?",2025-03-17 13:00:00.000000 UTC,14,1801.0,0.409,0.18,0.81
526657,"Will Bitcoin reach $95,000 again by March 31?",2025-03-17 14:00:00.000000 UTC,25,953.0,0.258,0.17,0.83
526657,"Will Bitcoin reach $95,000 again by March 31?",2025-03-17 15:00:00.000000 UTC,21,2554.0,0.395,0.18,0.82
526657,"Will Bitcoin reach $95,000 again by March 31?",2025-03-17 16:00:00.000000 UTC,24,396.0,0.192,0.18,0.2
526657,"Will Bitcoin reach $95,000 again by March 31?",2025-03-17 17:00:00.000000 UTC,38,2599.0,0.481,0.19,0.79
526657,"Will Bitcoin reach $95,000 again by March 31?",2025-03-17 18:00:00.000000 UTC,22,710.0,0.212,0.2,0.22
526657,"Will Bitcoin reach $95,000 again by March 31?",2025-03-17 19:00:00.000000 UTC,33,1891.0,0.359,0.21,0.78
526657,"Will Bitcoin reach $95,000 again by March 31?",2025-03-17 20:00:00.000000 UTC,16,497.0,0.316,0.2,0.8
526657,"Will Bitcoin reach $95,000 again by March 31?",2025-03-17 21:00:00.000000 UTC,14,266.0,0.414,0.2,0.8
526657,"Will Bitcoin reach $95,000 again by March 31?",2025-03-17 22:00:00.000000 UTC,7,603.0,0.619,0.19,0.79
526657,"Will Bitcoin reach $95,000 again by March 31?",2025-03-17 23:00:00.000000 UTC,18,907.0,0.224,0.18,0.82
526657,"Will Bitcoin reach $95,000 again by March 31?",2025-03-18 00:00:00.000000 UTC,5,63.0,0.434,0.19,0.79
526657,"Will Bitcoin reach $95,000 again by March 31?",2025-03-18 01:00:00.000000 UTC,10,951.0,0.439,0.17,0.83
526657,"Will Bitcoin reach $95,000 again by March 31?",2025-03-18 02:00:00.000000 UTC,3,232.0,0.39,0.17,0.82
526657,"Will Bitcoin reach $95,000 again by March 31?",2025-03-18 03:00:00.000000 UTC,13,209.0,0.425,0.16,0.84
526657,"Will Bitcoin reach $95,000 again by March 31?",2025-03-18 04:00:00.000000 UTC,11,726.0,0.835,0.83,0.84
526657,"Will Bitcoin reach $95,000 again by March 31?",2025-03-18 06:00:00.000000 UTC,41,590.0,0.473,0.15,0.84
526657,"Will Bitcoin reach $95,000 again by March 31?",2025-03-18 07:00:00.000000 UTC,28,240.0,0.169,0.16,0.17
526657,"Will Bitcoin reach $95,000 again by March 31?",2025-03-18 08:00:00.000000 UTC,13,1748.0,0.526,0.17,0.83
526657,"Will Bitcoin reach $95,000 again by March 31?",2025-03-18 09:00:00.000000 UTC,14,520.0,0.447,0.16,0.83
526657,"Will Bitcoin reach $95,000 again by March 31?",2025-03-18 10:00:00.000000 UTC,24,735.0,0.352,0.15,0.85
526657,"Will Bitcoin reach $95,000 again by March 31?",2025-03-18 11:00:00.000000 UTC,20,602.0,0.18,0.13,0.84
526657,"Will Bitcoin reach $95,000 again by March 31?",2025-03-18 12:00:00.000000 UTC,17,763.0,0.259,0.12,0.86
526657,"Will Bitcoin reach $95,000 again by March 31?",2025-03-18 13:00:00.000000 UTC,41,387.0,0.159,0.12,0.88
526657,"Will Bitcoin reach $95,000 again by March 31?",2025-03-18 14:00:00.000000 UTC,44,2927.0,0.324,0.11,0.9
526657,"Will Bitcoin reach $95,000 again by March 31?",2025-03-18 15:00:00.000000 UTC,17,1825.0,0.564,0.11,0.88
526657,"Will Bitcoin reach $95,000 again by March 31?",2025-03-18 16:00:00.000000 UTC,21,2171.0,0.262,0.11,0.88
526657,"Will Bitcoin reach $95,000 again by March 31?",2025-03-18 17:00:00.000000 UTC,19,2441.0,0.399,0.12,0.87
526657,"Will Bitcoin reach $95,000 again by March 31?",2025-03-18 18:00:00.000000 UTC,3,7.0,0.117,0.11,0.12
526657,"Will Bitcoin reach $95,000 again by March 31?",2025-03-18 19:00:00.000000 UTC,12,43.0,0.118,0.11,0.13
526657,"Will Bitcoin reach $95,000 again by March 31?",2025-03-18 20:00:00.000000 UTC,11,148.0,0.12,0.12,0.12
526657,"Will Bitcoin reach $95,000 again by March 31?",2025-03-18 21:00:00.000000 UTC,26,412.0,0.121,0.11,0.13
526657,"Will Bitcoin reach $95,000 again by March 31?",2025-03-18 22:00:00.000000 UTC,11,239.0,0.125,0.12,0.13
526657,"Will Bitcoin reach $95,000 again by March 31?",2025-03-18 23:00:00.000000 UTC,41,1545.0,0.186,0.12,0.87
526657,"Will Bitcoin reach $95,000 again by March 31?",2025-03-19 00:00:00.000000 UTC,60,11779.0,0.216,0.12,0.88
526657,"Will Bitcoin reach $95,000 again by March 31?",2025-03-19 01:00:00.000000 UTC,13,1694.0,0.472,0.13,0.87
526657,"Will Bitcoin reach $95,000 again by March 31?",2025-03-19 02:00:00.000000 UTC,16,1425.0,0.453,0.12,0.87
526657,"Will Bitcoin reach $95,000 again by March 31?",2025-03-19 03:00:00.000000 UTC,6,273.0,0.12,0.12,0.12
526657,"Will Bitcoin reach $95,000 again by March 31?",2025-03-19 04:00:00.000000 UTC,8,857.0,0.497,0.12,0.87
526657,"Will Bitcoin reach $95,000 again by March 31?",2025-03-19 06:00:00.000000 UTC,8,91.0,0.129,0.12,0.14
526657,"Will Bitcoin reach $95,000 again by March 31?",2025-03-19 07:00:00.000000 UTC,10,653.0,0.353,0.13,0.86
526657,"Will Bitcoin reach $95,000 again by March 31?",2025-03-19 08:00:00.000000 UTC,10,2848.0,0.572,0.14,0.86
526657,"Will Bitcoin reach $95,000 again by March 31?",2025-03-19 09:00:00.000000 UTC,17,288.0,0.189,0.13,0.86
526657,"Will Bitcoin reach $95,000 again by March 31?",2025-03-19 10:00:00.000000 UTC,5,115.0,0.712,0.15,0.86
526657,"Will Bitcoin reach $95,000 again by March 31?",2025-03-19 11:00:00.000000 UTC,43,2243.0,0.752,0.16,0.85
526657,"Will Bitcoin reach $95,000 again by March 31?",2025-03-19 12:00:00.000000 UTC,20,1813.0,0.395,0.14,0.84
526657,"Will Bitcoin reach $95,000 again by March 31?",2025-03-19 13:00:00.000000 UTC,30,160.0,0.193,0.15,0.81
526657,"Will Bitcoin reach $95,000 again by March 31?",2025-03-19 14:00:00.000000 UTC,10,84.0,0.173,0.16,0.18
526657,"Will Bitcoin reach $95,000 again by March 31?",2025-03-19 15:00:00.000000 UTC,28,1618.0,0.252,0.17,0.82
526657,"Will Bitcoin reach $95,000 again by March 31?",2025-03-19 16:00:00.000000 UTC,17,1729.0,0.481,0.18,0.81
526657,"Will Bitcoin reach $95,000 again by March 31?",2025-03-19 17:00:00.000000 UTC,29,999.0,0.269,0.17,0.82
526657,"Will Bitcoin reach $95,000 again by March 31?",2025-03-19 18:00:00.000000 UTC,185,19840.0,0.305,0.15,0.85
526657,"Will Bitcoin reach $95,000 again by March 31?",2025-03-19 19:00:00.000000 UTC,35,184.0,0.264,0.19,0.8
526657,"Will Bitcoin reach $95,000 again by March 31?",2025-03-19 20:00:00.000000 UTC,44,2407.0,0.248,0.21,0.79
526657,"Will Bitcoin reach $95,000 again by March 31?",2025-03-19 21:00:00.000000 UTC,40,3200.0,0.449,0.22,0.78
526657,"Will Bitcoin reach $95,000 again by March 31?",2025-03-19 22:00:00.000000 UTC,62,8649.0,0.422,0.22,0.77
526657,"Will Bitcoin reach $95,000 again by March 31?",2025-03-19 23:00:00.000000 UTC,71,5032.0,0.366,0.24,0.74
526657,"Will Bitcoin reach $95,000 again by March 31?",2025-03-20 00:00:00.000000 UTC,59,7305.0,0.418,0.26,0.72
526657,"Will Bitcoin reach $95,000 again by March 31?",2025-03-20 01:00:00.000000 UTC,128,13470.0,0.343,0.26,0.74
526657,"Will Bitcoin reach $95,000 again by March 31?",2025-03-20 02:00:00.000000 UTC,34,6259.0,0.39,0.25,0.73
526657,"Will Bitcoin reach $95,000 again by March 31?",2025-03-20 03:00:00.000000 UTC,26,1524.0,0.32,0.25,0.73
526657,"Will Bitcoin reach $95,000 again by March 31?",2025-03-20 04:00:00.000000 UTC,19,542.0,0.507,0.24,0.76
526657,"Will Bitcoin reach $95,000 again by March 31?",2025-03-20 05:00:00.000000 UTC,1,22.0,0.24,0.24,0.24
526657,"Will Bitcoin reach $95,000 again by March 31?",2025-03-20 06:00:00.000000 UTC,14,665.0,0.426,0.24,0.75
526657,"Will Bitcoin reach $95,000 again by March 31?",2025-03-20 07:00:00.000000 UTC,3,19.0,0.237,0.23,0.25
526657,"Will Bitcoin reach $95,000 again by March 31?",2025-03-20 08:00:00.000000 UTC,34,1911.0,0.433,0.23,0.76
526657,"Will Bitcoin reach $95,000 again by March 31?",2025-03-20 09:00:00.000000 UTC,17,503.0,0.358,0.23,0.74
526657,"Will Bitcoin reach $95,000 again by March 31?",2025-03-20 10:00:00.000000 UTC,50,1869.0,0.305,0.2,0.8
526657,"Will Bitcoin reach $95,000 again by March 31?",2025-03-20 11:00:00.000000 UTC,15,935.0,0.279,0.2,0.79
526657,"Will Bitcoin reach $95,000 again by March 31?",2025-03-20 12:00:00.000000 UTC,12,161.0,0.641,0.19,0.79
526657,"Will Bitcoin reach $95,000 again by March 31?",2025-03-20 13:00:00.000000 UTC,30,1401.0,0.297,0.18,0.8
526657,"Will Bitcoin reach $95,000 again by March 31?",2025-03-20 14:00:00.000000 UTC,52,1982.0,0.273,0.2,0.78
526657,"Will Bitcoin reach $95,000 again by March 31?",2025-03-20 15:00:00.000000 UTC,77,2410.0,0.248,0.16,0.84
526657,"Will Bitcoin reach $95,000 again by March 31?",2025-03-20 16:00:00.000000 UTC,34,2112.0,0.348,0.12,0.88
526657,"Will Bitcoin reach $95,000 again by March 31?",2025-03-20 17:00:00.000000 UTC,26,1028.0,0.272,0.11,0.87
526657,"Will Bitcoin reach $95,000 again by March 31?",2025-03-20 18:00:00.000000 UTC,12,483.0,0.313,0.12,0.86
526657,"Will Bitcoin reach $95,000 again by March 31?",2025-03-20 19:00:00.000000 UTC,15,1013.0,0.47,0.12,0.86
526657,"Will Bitcoin reach $95,000 again by March 31?",2025-03-20 20:00:00.000000 UTC,15,275.0,0.381,0.14,0.86
526657,"Will Bitcoin reach $95,000 again by March 31?",2025-03-20 21:00:00.000000 UTC,10,3621.0,0.789,0.15,0.86
526657,"Will Bitcoin reach $95,000 again by March 31?",2025-03-20 22:00:00.000000 UTC,13,54.0,0.133,0.12,0.14
526657,"Will Bitcoin reach $95,000 again by March 31?",2025-03-20 23:00:00.000000 UTC,13,1303.0,0.411,0.12,0.86
526657,"Will Bitcoin reach $95,000 again by March 31?",2025-03-21 00:00:00.000000 UTC,6,307.0,0.132,0.13,0.14
526657,"Will Bitcoin reach $95,000 again by March 31?",2025-03-21 01:00:00.000000 UTC,10,336.0,0.138,0.13,0.14
526657,"Will Bitcoin reach $95,000 again by March 31?",2025-03-21 02:00:00.000000 UTC,2,2.0,0.14,0.14,0.14
526657,"Will Bitcoin reach $95,000 again by March 31?",2025-03-21 03:00:00.000000 UTC,7,343.0,0.119,0.11,0.12
526657,"Will Bitcoin reach $95,000 again by March 31?",2025-03-21 04:00:00.000000 UTC,1,47.0,0.86,0.86,0.86
526657,"Will Bitcoin reach $95,000 again by March 31?",2025-03-21 05:00:00.000000 UTC,5,447.0,0.424,0.13,0.87
526657,"Will Bitcoin reach $95,000 again by March 31?",2025-03-21 06:00:00.000000 UTC,6,380.0,0.62,0.12,0.87
526657,"Will Bitcoin reach $95,000 again by March 31?",2025-03-21 07:00:00.000000 UTC,12,3250.0,0.373,0.1,0.9
526657,"Will Bitcoin reach $95,000 again by March 31?",2025-03-21 08:00:00.000000 UTC,82,20446.0,0.495,0.11,0.9
526657,"Will Bitcoin reach $95,000 again by March 31?",2025-03-21 09:00:00.000000 UTC,75,5424.0,0.216,0.09,0.9
526657,"Will Bitcoin reach $95,000 again by March 31?",2025-03-21 10:00:00.000000 UTC,22,1050.0,0.356,0.1,0.89
526657,"Will Bitcoin reach $95,000 again by March 31?",2025-03-21 11:00:00.000000 UTC,23,270.0,0.172,0.1,0.91
526657,"Will Bitcoin reach $95,000 again by March 31?",2025-03-21 12:00:00.000000 UTC,17,1766.0,0.379,0.09,0.91
526657,"Will Bitcoin reach $95,000 again by March 31?",2025-03-21 13:00:00.000000 UTC,9,44.0,0.09,0.08,0.1
526657,"Will Bitcoin reach $95,000 again by March 31?",2025-03-21 14:00:00.000000 UTC,6,14.0,0.093,0.09,0.1
526657,"Will Bitcoin reach $95,000 again by March 31?",2025-03-21 15:00:00.000000 UTC,5,41.0,0.582,0.09,0.91
526657,"Will Bitcoin reach $95,000 again by March 31?",2025-03-21 16:00:00.000000 UTC,17,1551.0,0.33,0.08,0.91
526657,"Will Bitcoin reach $95,000 again by March 31?",2025-03-21 17:00:00.000000 UTC,5,25.0,0.092,0.09,0.1
526657,"Will Bitcoin reach $95,000 again by March 31?",2025-03-21 18:00:00.000000 UTC,15,1386.0,0.205,0.09,0.9
526657,"Will Bitcoin reach $95,000 again by March 31?",2025-03-21 19:00:00.000000 UTC,20,3227.0,0.659,0.09,0.9
526657,"Will Bitcoin reach $95,000 again by March 31?",2025-03-21 20:00:00.000000 UTC,9,225.0,0.36,0.09,0.9
526657,"Will Bitcoin reach $95,000 again by March 31?",2025-03-21 21:00:00.000000 UTC,18,3425.0,0.633,0.1,0.9
526657,"Will Bitcoin reach $95,000 again by March 31?",2025-03-21 22:00:00.000000 UTC,44,7079.0,0.39,0.1,0.9
526657,"Will Bitcoin reach $95,000 again by March 31?",2025-03-21 23:00:00.000000 UTC,4,9.0,0.1,0.1,0.1
526657,"Will Bitcoin reach $95,000 again by March 31?",2025-03-22 00:00:00.000000 UTC,3,14.0,0.363,0.1,0.89
526657,"Will Bitcoin reach $95,000 again by March 31?",2025-03-22 01:00:00.000000 UTC,5,77.0,0.414,0.1,0.89
526657,"Will Bitcoin reach $95,000 again by March 31?",2025-03-22 02:00:00.000000 UTC,1,8.0,0.1,0.1,0.1
526657,"Will Bitcoin reach $95,000 again by March 31?",2025-03-22 03:00:00.000000 UTC,1,7.0,0.1,0.1,0.1
526657,"Will Bitcoin reach $95,000 again by March 31?",2025-03-22 04:00:00.000000 UTC,187,4252.0,0.385,0.11,0.89
526657,"Will Bitcoin reach $95,000 again by March 31?",2025-03-22 06:00:00.000000 UTC,5,891.0,0.73,0.1,0.89
526657,"Will Bitcoin reach $95,000 again by March 31?",2025-03-22 07:00:00.000000 UTC,27,271.0,0.165,0.1,0.9
526657,"Will Bitcoin reach $95,000 again by March 31?",2025-03-22 08:00:00.000000 UTC,7,108.0,0.1,0.1,0.1
526657,"Will Bitcoin reach $95,000 again by March 31?",2025-03-22 09:00:00.000000 UTC,4,3.0,0.11,0.11,0.11
526657,"Will Bitcoin reach $95,000 again by March 31?",2025-03-22 10:00:00.000000 UTC,8,1318.0,0.205,0.1,0.89
526657,"Will Bitcoin reach $95,000 again by March 31?",2025-03-22 11:00:00.000000 UTC,150,1433.0,0.105,0.1,0.89
526657,"Will Bitcoin reach $95,000 again by March 31?",2025-03-22 12:00:00.000000 UTC,32,1776.0,0.14,0.08,0.91
526657,"Will Bitcoin reach $95,000 again by March 31?",2025-03-22 13:00:00.000000 UTC,2,11.0,0.095,0.09,0.1
526657,"Will Bitcoin reach $95,000 again by March 31?",2025-03-22 14:00:00.000000 UTC,12,1300.0,0.77,0.1,0.91
526657,"Will Bitcoin reach $95,000 again by March 31?",2025-03-22 15:00:00.000000 UTC,11,354.0,0.46,0.09,0.91
526657,"Will Bitcoin reach $95,000 again by March 31?",2025-03-22 16:00:00.000000 UTC,21,4322.0,0.28,0.08,0.92
526657,"Will Bitcoin reach $95,000 again by March 31?",2025-03-22 17:00:00.000000 UTC,9,544.0,0.366,0.09,0.9
526657,"Will Bitcoin reach $95,000 again by March 31?",2025-03-22 18:00:00.000000 UTC,9,60.0,0.097,0.09,0.1
526657,"Will Bitcoin reach $95,000 again by March 31?",2025-03-22 19:00:00.000000 UTC,3,11.0,0.09,0.09,0.09
526657,"Will Bitcoin reach $95,000 again by March 31?",2025-03-22 20:00:00.000000 UTC,2,30.0,0.1,0.1,0.1
526657,"Will Bitcoin reach $95,000 again by March 31?",2025-03-22 21:00:00.000000 UTC,24,1381.0,0.29,0.07,0.93
526657,"Will Bitcoin reach $95,000 again by March 31?",2025-03-22 22:00:00.000000 UTC,5,112.0,0.578,0.08,0.91
526657,"Will Bitcoin reach $95,000 again by March 31?",2025-03-22 23:00:00.000000 UTC,26,2306.0,0.345,0.09,0.91
526657,"Will Bitcoin reach $95,000 again by March 31?",2025-03-23 00:00:00.000000 UTC,5,1244.0,0.91,0.91,0.91
526657,"Will Bitcoin reach $95,000 again by March 31?",2025-03-23 01:00:00.000000 UTC,3,134.0,0.91,0.91,0.91
526657,"Will Bitcoin reach $95,000 again by March 31?",2025-03-23 02:00:00.000000 UTC,6,813.0,0.772,0.08,0.91
526657,"Will Bitcoin reach $95,000 again by March 31?",2025-03-23 03:00:00.000000 UTC,5,54.0,0.246,0.08,0.91
526657,"Will Bitcoin reach $95,000 again by March 31?",2025-03-23 04:00:00.000000 UTC,2,18.0,0.495,0.08,0.91
526657,"Will Bitcoin reach $95,000 again by March 31?",2025-03-23 05:00:00.000000 UTC,6,1088.0,0.91,0.91,0.91
526657,"Will Bitcoin reach $95,000 again by March 31?",2025-03-23 06:00:00.000000 UTC,40,4021.0,0.305,0.08,0.92
526657,"Will Bitcoin reach $95,000 again by March 31?",2025-03-23 07:00:00.000000 UTC,7,12.0,0.097,0.09,0.1
526657,"Will Bitcoin reach $95,000 again by March 31?",2025-03-23 08:00:00.000000 UTC,7,69.0,0.096,0.09,0.11
526657,"Will Bitcoin reach $95,000 again by March 31?",2025-03-23 09:00:00.000000 UTC,2,6.0,0.095,0.09,0.1
526657,"Will Bitcoin reach $95,000 again by March 31?",2025-03-23 10:00:00.000000 UTC,8,906.0,0.599,0.09,0.9
526657,"Will Bitcoin reach $95,000 again by March 31?",2025-03-23 11:00:00.000000 UTC,41,2056.0,0.225,0.1,0.89
526657,"Will Bitcoin reach $95,000 again by March 31?",2025-03-23 12:00:00.000000 UTC,44,5395.0,0.461,0.09,0.89
526657,"Will Bitcoin reach $95,000 again by March 31?",2025-03-23 13:00:00.000000 UTC,63,4274.0,0.182,0.11,0.88
526657,"Will Bitcoin reach $95,000 again by March 31?",2025-03-23 14:00:00.000000 UTC,17,1165.0,0.435,0.12,0.88
526657,"Will Bitcoin reach $95,000 again by March 31?",2025-03-23 15:00:00.000000 UTC,4,105.0,0.88,0.88,0.88
526657,"Will Bitcoin reach $95,000 again by March 31?",2025-03-23 16:00:00.000000 UTC,22,1223.0,0.293,0.11,0.88
526657,"Will Bitcoin reach $95,000 again by March 31?",2025-03-23 17:00:00.000000 UTC,9,443.0,0.623,0.12,0.88
526657,"Will Bitcoin reach $95,000 again by March 31?",2025-03-23 18:00:00.000000 UTC,16,303.0,0.546,0.11,0.89
526657,"Will Bitcoin reach $95,000 again by March 31?",2025-03-23 19:00:00.000000 UTC,1,2.0,0.1,0.1,0.1
526657,"Will Bitcoin reach $95,000 again by March 31?",2025-03-23 20:00:00.000000 UTC,30,13358.0,0.422,0.12,0.88
526657,"Will Bitcoin reach $95,000 again by March 31?",2025-03-23 21:00:00.000000 UTC,7,207.0,0.119,0.11,0.12
526657,"Will Bitcoin reach $95,000 again by March 31?",2025-03-23 22:00:00.000000 UTC,19,510.0,0.129,0.12,0.13
526657,"Will Bitcoin reach $95,000 again by March 31?",2025-03-23 23:00:00.000000 UTC,14,535.0,0.446,0.14,0.86
526657,"Will Bitcoin reach $95,000 again by March 31?",2025-03-24 00:00:00.000000 UTC,39,1630.0,0.177,0.14,0.85
526657,"Will Bitcoin reach $95,000 again by March 31?",2025-03-24 01:00:00.000000 UTC,11,365.0,0.15,0.15,0.15
526657,"Will Bitcoin reach $95,000 again by March 31?",2025-03-24 02:00:00.000000 UTC,11,201.0,0.466,0.13,0.86
526657,"Will Bitcoin reach $95,000 again by March 31?",2025-03-24 03:00:00.000000 UTC,95,9684.0,0.362,0.14,0.84
526657,"Will Bitcoin reach $95,000 again by March 31?",2025-03-24 04:00:00.000000 UTC,58,3812.0,0.339,0.18,0.82
526657,"Will Bitcoin reach $95,000 again by March 31?",2025-03-24 05:00:00.000000 UTC,42,1225.0,0.204,0.18,0.8
526657,"Will Bitcoin reach $95,000 again by March 31?",2025-03-24 06:00:00.000000 UTC,25,4703.0,0.366,0.18,0.8
526657,"Will Bitcoin reach $95,000 again by March 31?",2025-03-24 07:00:00.000000 UTC,39,549.0,0.207,0.18,0.81
526657,"Will Bitcoin reach $95,000 again by March 31?",2025-03-24 08:00:00.000000 UTC,54,2932.0,0.259,0.18,0.81
526657,"Will Bitcoin reach $95,000 again by March 31?",2025-03-24 09:00:00.000000 UTC,31,319.0,0.315,0.19,0.81
526657,"Will Bitcoin reach $95,000 again by March 31?",2025-03-24 10:00:00.000000 UTC,33,1423.0,0.346,0.18,0.8
526657,"Will Bitcoin reach $95,000 again by March 31?",2025-03-24 11:00:00.000000 UTC,27,1117.0,0.359,0.2,0.8
526657,"Will Bitcoin reach $95,000 again by March 31?",2025-03-24 12:00:00.000000 UTC,107,10097.0,0.394,0.16,0.83
526657,"Will Bitcoin reach $95,000 again by March 31?",2025-03-24 13:00:00.000000 UTC,78,6229.0,0.36,0.18,0.8
526657,"Will Bitcoin reach $95,000 again by March 31?",2025-03-24 14:00:00.000000 UTC,157,7310.0,0.305,0.22,0.78
526657,"Will Bitcoin reach $95,000 again by March 31?",2025-03-24 15:00:00.000000 UTC,29,851.0,0.278,0.2,0.76
526657,"Will Bitcoin reach $95,000 again by March 31?",2025-03-24 16:00:00.000000 UTC,33,750.0,0.261,0.2,0.8
526657,"Will Bitcoin reach $95,000 again by March 31?",2025-03-24 17:00:00.000000 UTC,13,176.0,0.31,0.2,0.77
526657,"Will Bitcoin reach $95,000 again by March 31?",2025-03-24 18:00:00.000000 UTC,103,4220.0,0.283,0.2,0.76
526657,"Will Bitcoin reach $95,000 again by March 31?",2025-03-24 19:00:00.000000 UTC,33,496.0,0.288,0.22,0.76
526657,"Will Bitcoin reach $95,000 again by March 31?",2025-03-24 20:00:00.000000 UTC,3,17.0,0.41,0.22,0.77
526657,"Will Bitcoin reach $95,000 again by March 31?",2025-03-24 21:00:00.000000 UTC,47,7934.0,0.311,0.2,0.8
526657,"Will Bitcoin reach $95,000 again by March 31?",2025-03-24 22:00:00.000000 UTC,35,984.0,0.336,0.17,0.83
526657,"Will Bitcoin reach $95,000 again by March 31?",2025-03-24 23:00:00.000000 UTC,48,6032.0,0.497,0.16,0.85
526657,"Will Bitcoin reach $95,000 again by March 31?",2025-03-25 00:00:00.000000 UTC,28,1660.0,0.318,0.18,0.81
526657,"Will Bitcoin reach $95,000 again by March 31?",2025-03-25 01:00:00.000000 UTC,17,3031.0,0.364,0.16,0.84
526657,"Will Bitcoin reach $95,000 again by March 31?",2025-03-25 02:00:00.000000 UTC,18,250.0,0.237,0.15,0.84
526657,"Will Bitcoin reach $95,000 again by March 31?",2025-03-25 03:00:00.000000 UTC,59,2886.0,0.21,0.1,0.88
526657,"Will Bitcoin reach $95,000 again by March 31?",2025-03-25 04:00:00.000000 UTC,20,1230.0,0.389,0.12,0.88
526657,"Will Bitcoin reach $95,000 again by March 31?",2025-03-25 05:00:00.000000 UTC,25,1680.0,0.4,0.12,0.87
526657,"Will Bitcoin reach $95,000 again by March 31?",2025-03-25 06:00:00.000000 UTC,9,438.0,0.13,0.12,0.14
526657,"Will Bitcoin reach $95,000 again by March 31?",2025-03-25 07:00:00.000000 UTC,14,347.0,0.283,0.11,0.88
526657,"Will Bitcoin reach $95,000 again by March 31?",2025-03-25 08:00:00.000000 UTC,10,75.0,0.127,0.11,0.14
526657,"Will Bitcoin reach $95,000 again by March 31?",2025-03-25 09:00:00.000000 UTC,33,333.0,0.228,0.12,0.87
526657,"Will Bitcoin reach $95,000 again by March 31?",2025-03-25 10:00:00.000000 UTC,31,1163.0,0.341,0.12,0.86
526657,"Will Bitcoin reach $95,000 again by March 31?",2025-03-25 11:00:00.000000 UTC,28,768.0,0.379,0.14,0.86
526657,"Will Bitcoin reach $95,000 again by March 31?",2025-03-25 12:00:00.000000 UTC,14,346.0,0.196,0.13,0.87
526657,"Will Bitcoin reach $95,000 again by March 31?",2025-03-25 13:00:00.000000 UTC,88,20617.0,0.347,0.12,0.88
526657,"Will Bitcoin reach $95,000 again by March 31?",2025-03-25 14:00:00.000000 UTC,63,1049.0,0.281,0.15,0.86
526657,"Will Bitcoin reach $95,000 again by March 31?",2025-03-25 15:00:00.000000 UTC,50,1929.0,0.178,0.15,0.83
526657,"Will Bitcoin reach $95,000 again by March 31?",2025-03-25 16:00:00.000000 UTC,20,691.0,0.395,0.14,0.84
526657,"Will Bitcoin reach $95,000 again by March 31?",2025-03-25 17:00:00.000000 UTC,11,3553.0,0.356,0.16,0.84
526657,"Will Bitcoin reach $95,000 again by March 31?",2025-03-25 18:00:00.000000 UTC,5,287.0,0.296,0.15,0.85
526657,"Will Bitcoin reach $95,000 again by March 31?",2025-03-25 19:00:00.000000 UTC,33,826.0,0.238,0.14,0.85
526657,"Will Bitcoin reach $95,000 again by March 31?",2025-03-25 20:00:00.000000 UTC,28,247.0,0.183,0.15,0.84
526657,"Will Bitcoin reach $95,000 again by March 31?",2025-03-25 21:00:00.000000 UTC,28,216.0,0.312,0.16,0.85
526657,"Will Bitcoin reach $95,000 again by March 31?",2025-03-25 22:00:00.000000 UTC,24,916.0,0.292,0.13,0.86
526657,"Will Bitcoin reach $95,000 again by March 31?",2025-03-25 23:00:00.000000 UTC,10,2040.0,0.5,0.14,0.86
526657,"Will Bitcoin reach $95,000 again by March 31?",2025-03-26 00:00:00.000000 UTC,23,2351.0,0.389,0.12,0.87
526657,"Will Bitcoin reach $95,000 again by March 31?",2025-03-26 01:00:00.000000 UTC,11,574.0,0.47,0.14,0.87
526657,"Will Bitcoin reach $95,000 again by March 31?",2025-03-26 02:00:00.000000 UTC,11,656.0,0.47,0.14,0.87
526657,"Will Bitcoin reach $95,000 again by March 31?",2025-03-26 03:00:00.000000 UTC,16,1798.0,0.684,0.12,0.88
526657,"Will Bitcoin reach $95,000 again by March 31?",2025-03-26 04:00:00.000000 UTC,2,8.0,0.13,0.13,0.13
526657,"Will Bitcoin reach $95,000 again by March 31?",2025-03-26 05:00:00.000000 UTC,8,485.0,0.314,0.12,0.87
526657,"Will Bitcoin reach $95,000 again by March 31?",2025-03-26 06:00:00.000000 UTC,37,2530.0,0.415,0.12,0.88
526657,"Will Bitcoin reach $95,000 again by March 31?",2025-03-26 07:00:00.000000 UTC,37,3310.0,0.292,0.15,0.84
526657,"Will Bitcoin reach $95,000 again by March 31?",2025-03-26 08:00:00.000000 UTC,20,471.0,0.33,0.15,0.86
526657,"Will Bitcoin reach $95,000 again by March 31?",2025-03-26 09:00:00.000000 UTC,17,281.0,0.275,0.14,0.86
526657,"Will Bitcoin reach $95,000 again by March 31?",2025-03-26 10:00:00.000000 UTC,100,3812.0,0.289,0.12,0.88
526657,"Will Bitcoin reach $95,000 again by March 31?",2025-03-26 11:00:00.000000 UTC,35,1499.0,0.281,0.15,0.84
526657,"Will Bitcoin reach $95,000 again by March 31?",2025-03-26 12:00:00.000000 UTC,47,3573.0,0.275,0.15,0.84
526657,"Will Bitcoin reach $95,000 again by March 31?",2025-03-26 13:00:00.000000 UTC,113,20169.0,0.425,0.14,0.86
526657,"Will Bitcoin reach $95,000 again by March 31?",2025-03-26 14:00:00.000000 UTC,77,9445.0,0.314,0.12,0.87
526657,"Will Bitcoin reach $95,000 again by March 31?",2025-03-26 15:00:00.000000 UTC,20,938.0,0.27,0.11,0.88
526657,"Will Bitcoin reach $95,000 again by March 31?",2025-03-26 16:00:00.000000 UTC,10,291.0,0.345,0.11,0.89
526657,"Will Bitcoin reach $95,000 again by March 31?",2025-03-26 17:00:00.000000 UTC,36,5609.0,0.519,0.1,0.9
526657,"Will Bitcoin reach $95,000 again by March 31?",2025-03-26 18:00:00.000000 UTC,31,7879.0,0.457,0.08,0.92
526657,"Will Bitcoin reach $95,000 again by March 31?",2025-03-26 19:00:00.000000 UTC,14,1537.0,0.728,0.09,0.92
526657,"Will Bitcoin reach $95,000 again by March 31?",2025-03-26 20:00:00.000000 UTC,19,2529.0,0.558,0.12,0.88
526657,"Will Bitcoin reach $95,000 again by March 31?",2025-03-26 21:00:00.000000 UTC,19,1742.0,0.275,0.1,0.89
526657,"Will Bitcoin reach $95,000 again by March 31?",2025-03-26 22:00:00.000000 UTC,18,2328.0,0.499,0.1,0.9
526657,"Will Bitcoin reach $95,000 again by March 31?",2025-03-26 23:00:00.000000 UTC,35,2413.0,0.532,0.09,0.9
526657,"Will Bitcoin reach $95,000 again by March 31?",2025-03-27 00:00:00.000000 UTC,18,3956.0,0.802,0.12,0.89
526657,"Will Bitcoin reach $95,000 again by March 31?",2025-03-27 01:00:00.000000 UTC,32,7531.0,0.517,0.11,0.89
526657,"Will Bitcoin reach $95,000 again by March 31?",2025-03-27 02:00:00.000000 UTC,19,2219.0,0.247,0.13,0.87
526657,"Will Bitcoin reach $95,000 again by March 31?",2025-03-27 03:00:00.000000 UTC,10,203.0,0.346,0.12,0.86
526657,"Will Bitcoin reach $95,000 again by March 31?",2025-03-27 04:00:00.000000 UTC,6,1351.0,0.373,0.12,0.87
526657,"Will Bitcoin reach $95,000 again by March 31?",2025-03-27 05:00:00.000000 UTC,9,950.0,0.282,0.1,0.88
526657,"Will Bitcoin reach $95,000 again by March 31?",2025-03-27 06:00:00.000000 UTC,15,1842.0,0.473,0.1,0.89
526657,"Will Bitcoin reach $95,000 again by March 31?",2025-03-27 07:00:00.000000 UTC,8,518.0,0.305,0.1,0.89
526657,"Will Bitcoin reach $95,000 again by March 31?",2025-03-27 08:00:00.000000 UTC,65,11034.0,0.501,0.1,0.9
526657,"Will Bitcoin reach $95,000 again by March 31?",2025-03-27 09:00:00.000000 UTC,21,271.0,0.171,0.13,0.86
526657,"Will Bitcoin reach $95,000 again by March 31?",2025-03-27 10:00:00.000000 UTC,46,2634.0,0.198,0.09,0.89
526657,"Will Bitcoin reach $95,000 again by March 31?",2025-03-27 11:00:00.000000 UTC,16,2297.0,0.648,0.09,0.91
526657,"Will Bitcoin reach $95,000 again by March 31?",2025-03-27 12:00:00.000000 UTC,34,13073.0,0.672,0.07,0.92
526657,"Will Bitcoin reach $95,000 again by March 31?",2025-03-27 13:00:00.000000 UTC,23,787.0,0.405,0.06,0.93
526657,"Will Bitcoin reach $95,000 again by March 31?",2025-03-27 14:00:00.000000 UTC,43,7957.0,0.471,0.06,0.92
526657,"Will Bitcoin reach $95,000 again by March 31?",2025-03-27 15:00:00.000000 UTC,23,2315.0,0.235,0.07,0.89
526657,"Will Bitcoin reach $95,000 again by March 31?",2025-03-27 16:00:00.000000 UTC,11,911.0,0.386,0.09,0.91
526657,"Will Bitcoin reach $95,000 again by March 31?",2025-03-27 17:00:00.000000 UTC,21,1733.0,0.28,0.07,0.93
526657,"Will Bitcoin reach $95,000 again by March 31?",2025-03-27 18:00:00.000000 UTC,18,5307.0,0.783,0.07,0.93
526657,"Will Bitcoin reach $95,000 again by March 31?",2025-03-27 19:00:00.000000 UTC,4,259.0,0.495,0.06,0.93
526657,"Will Bitcoin reach $95,000 again by March 31?",2025-03-27 20:00:00.000000 UTC,20,1766.0,0.497,0.05,0.94
526657,"Will Bitcoin reach $95,000 again by March 31?",2025-03-27 21:00:00.000000 UTC,28,4471.0,0.342,0.05,0.94
526657,"Will Bitcoin reach $95,000 again by March 31?",2025-03-27 22:00:00.000000 UTC,8,287.0,0.283,0.06,0.92
526657,"Will Bitcoin reach $95,000 again by March 31?",2025-03-27 23:00:00.000000 UTC,6,406.0,0.792,0.06,0.94
526657,"Will Bitcoin reach $95,000 again by March 31?",2025-03-28 00:00:00.000000 UTC,15,1765.0,0.285,0.04,0.95
526657,"Will Bitcoin reach $95,000 again by March 31?",2025-03-28 01:00:00.000000 UTC,10,518.0,0.583,0.04,0.95
526657,"Will Bitcoin reach $95,000 again by March 31?",2025-03-28 02:00:00.000000 UTC,7,102.0,0.299,0.03,0.95
526657,"Will Bitcoin reach $95,000 again by March 31?",2025-03-28 03:00:00.000000 UTC,10,1580.0,0.773,0.04,0.96
526657,"Will Bitcoin reach $95,000 again by March 31?",2025-03-28 04:00:00.000000 UTC,61,12962.0,0.639,0.03,0.97
526657,"Will Bitcoin reach $95,000 again by March 31?",2025-03-28 05:00:00.000000 UTC,51,9603.0,0.582,0.023,0.975
526657,"Will Bitcoin reach $95,000 again by March 31?",2025-03-28 06:00:00.000000 UTC,26,846.0,0.392,0.03,0.969
526657,"Will Bitcoin reach $95,000 again by March 31?",2025-03-28 07:00:00.000000 UTC,59,6712.0,0.398,0.03,0.97
526657,"Will Bitcoin reach $95,000 again by March 31?",2025-03-28 08:00:00.000000 UTC,45,2735.0,0.446,0.016,0.983
526657,"Will Bitcoin reach $95,000 again by March 31?",2025-03-28 09:00:00.000000 UTC,50,221.0,0.172,0.013,0.982
526657,"Will Bitcoin reach $95,000 again by March 31?",2025-03-28 10:00:00.000000 UTC,18,1867.0,0.445,0.014,0.986
526657,"Will Bitcoin reach $95,000 again by March 31?",2025-03-28 11:00:00.000000 UTC,31,2839.0,0.547,0.015,0.986
526657,"Will Bitcoin reach $95,000 again by March 31?",2025-03-28 12:00:00.000000 UTC,17,2894.0,0.47,0.011,0.986
526657,"Will Bitcoin reach $95,000 again by March 31?",2025-03-28 13:00:00.000000 UTC,11,4153.0,0.368,0.014,0.985
526657,"Will Bitcoin reach $95,000 again by March 31?",2025-03-28 14:00:00.000000 UTC,70,9463.0,0.292,0.009,0.99
526657,"Will Bitcoin reach $95,000 again by March 31?",2025-03-28 15:00:00.000000 UTC,28,9413.0,0.674,0.009,0.989
526657,"Will Bitcoin reach $95,000 again by March 31?",2025-03-28 16:00:00.000000 UTC,38,7172.0,0.423,0.005,0.997
526657,"Will Bitcoin reach $95,000 again by March 31?",2025-03-28 17:00:00.000000 UTC,14,3169.0,0.922,0.009,0.992
526657,"Will Bitcoin reach $95,000 again by March 31?",2025-03-28 18:00:00.000000 UTC,9,6086.0,0.663,0.005,0.993
526657,"Will Bitcoin reach $95,000 again by March 31?",2025-03-28 19:00:00.000000 UTC,36,391.0,0.39,0.007,0.992
526657,"Will Bitcoin reach $95,000 again by March 31?",2025-03-28 20:00:00.000000 UTC,9,3755.0,0.554,0.007,0.992
526657,"Will Bitcoin reach $95,000 again by March 31?",2025-03-28 21:00:00.000000 UTC,4,2925.0,0.5,0.007,0.992
526657,"Will Bitcoin reach $95,000 again by March 31?",2025-03-28 22:00:00.000000 UTC,34,6399.0,0.702,0.007,0.992
526657,"Will Bitcoin reach $95,000 again by March 31?",2025-03-28 23:00:00.000000 UTC,19,1769.0,0.526,0.007,0.992
526657,"Will Bitcoin reach $95,000 again by March 31?",2025-03-29 00:00:00.000000 UTC,12,2006.0,0.173,0.007,0.99
526657,"Will Bitcoin reach $95,000 again by March 31?",2025-03-29 01:00:00.000000 UTC,5,51.0,0.794,0.007,0.991
526657,"Will Bitcoin reach $95,000 again by March 31?",2025-03-29 02:00:00.000000 UTC,44,27219.0,0.211,0.007,0.991
526657,"Will Bitcoin reach $95,000 again by March 31?",2025-03-29 03:00:00.000000 UTC,12,1393.0,0.338,0.007,0.992
526657,"Will Bitcoin reach $95,000 again by March 31?",2025-03-29 04:00:00.000000 UTC,73,4267.0,0.199,0.007,0.992
526657,"Will Bitcoin reach $95,000 again by March 31?",2025-03-29 05:00:00.000000 UTC,12,553.0,0.172,0.007,0.99
526657,"Will Bitcoin reach $95,000 again by March 31?",2025-03-29 06:00:00.000000 UTC,51,2852.0,0.181,0.005,0.994
526657,"Will Bitcoin reach $95,000 again by March 31?",2025-03-29 07:00:00.000000 UTC,9,18.0,0.007,0.005,0.009
526657,"Will Bitcoin reach $95,000 again by March 31?",2025-03-29 08:00:00.000000 UTC,6,25.0,0.007,0.006,0.007
526657,"Will Bitcoin reach $95,000 again by March 31?",2025-03-29 09:00:00.000000 UTC,26,2460.0,0.12,0.005,0.994
526657,"Will Bitcoin reach $95,000 again by March 31?",2025-03-29 10:00:00.000000 UTC,68,1134.0,0.31,0.004,0.995
526657,"Will Bitcoin reach $95,000 again by March 31?",2025-03-29 11:00:00.000000 UTC,16,5485.0,0.129,0.004,0.996
526657,"Will Bitcoin reach $95,000 again by March 31?",2025-03-29 12:00:00.000000 UTC,15,363.0,0.6,0.005,0.998
526657,"Will Bitcoin reach $95,000 again by March 31?",2025-03-29 13:00:00.000000 UTC,11,1979.0,0.366,0.005,0.997
526657,"Will Bitcoin reach $95,000 again by March 31?",2025-03-29 14:00:00.000000 UTC,13,10318.0,0.996,0.994,0.997
526657,"Will Bitcoin reach $95,000 again by March 31?",2025-03-29 15:00:00.000000 UTC,21,7422.0,0.759,0.005,0.997
526657,"Will Bitcoin reach $95,000 again by March 31?",2025-03-29 16:00:00.000000 UTC,10,206.0,0.401,0.004,0.997
526657,"Will Bitcoin reach $95,000 again by March 31?",2025-03-29 17:00:00.000000 UTC,7,0.0,0.004,0.004,0.005
526657,"Will Bitcoin reach $95,000 again by March 31?",2025-03-29 18:00:00.000000 UTC,14,4567.0,0.5,0.003,0.997
526657,"Will Bitcoin reach $95,000 again by March 31?",2025-03-29 19:00:00.000000 UTC,15,331.0,0.864,0.004,0.997
526657,"Will Bitcoin reach $95,000 again by March 31?",2025-03-29 20:00:00.000000 UTC,13,849.0,0.387,0.004,0.997
526657,"Will Bitcoin reach $95,000 again by March 31?",2025-03-29 21:00:00.000000 UTC,9,29.0,0.115,0.004,0.995
526657,"Will Bitcoin reach $95,000 again by March 31?",2025-03-29 22:00:00.000000 UTC,2,0.0,0.004,0.004,0.004
526657,"Will Bitcoin reach $95,000 again by March 31?",2025-03-29 23:00:00.000000 UTC,1,0.0,0.004,0.004,0.004
526657,"Will Bitcoin reach $95,000 again by March 31?",2025-03-30 01:00:00.000000 UTC,2,4.0,0.005,0.004,0.006
526657,"Will Bitcoin reach $95,000 again by March 31?",2025-03-30 02:00:00.000000 UTC,2,0.0,0.004,0.004,0.004
526657,"Will Bitcoin reach $95,000 again by March 31?",2025-03-30 03:00:00.000000 UTC,7,2417.0,0.287,0.004,0.995
526657,"Will Bitcoin reach $95,000 again by March 31?",2025-03-30 05:00:00.000000 UTC,4,93.0,0.252,0.004,0.996
526657,"Will Bitcoin reach $95,000 again by March 31?",2025-03-30 06:00:00.000000 UTC,14,4517.0,0.784,0.004,0.997
526657,"Will Bitcoin reach $95,000 again by March 31?",2025-03-30 07:00:00.000000 UTC,8,3496.0,0.749,0.005,0.997
526657,"Will Bitcoin reach $95,000 again by March 31?",2025-03-30 08:00:00.000000 UTC,5,1397.0,0.995,0.995,0.996
526657,"Will Bitcoin reach $95,000 again by March 31?",2025-03-30 09:00:00.000000 UTC,18,11340.0,0.28,0.004,0.996
526657,"Will Bitcoin reach $95,000 again by March 31?",2025-03-30 10:00:00.000000 UTC,10,937.0,0.997,0.997,0.997
526657,"Will Bitcoin reach $95,000 again by March 31?",2025-03-30 11:00:00.000000 UTC,11,343.0,0.907,0.007,0.997
526657,"Will Bitcoin reach $95,000 again by March 31?",2025-03-30 12:00:00.000000 UTC,11,56.0,0.997,0.997,0.997
526657,"Will Bitcoin reach $95,000 again by March 31?",2025-03-30 13:00:00.000000 UTC,26,1307.0,0.997,0.994,0.997
526657,"Will Bitcoin reach $95,000 again by March 31?",2025-03-30 14:00:00.000000 UTC,92,412.0,0.997,0.997,0.997
526657,"Will Bitcoin reach $95,000 again by March 31?",2025-03-30 15:00:00.000000 UTC,139,3388.0,0.997,0.996,0.997
526657,"Will Bitcoin reach $95,000 again by March 31?",2025-03-30 16:00:00.000000 UTC,429,4216.0,0.991,0.003,0.998
526657,"Will Bitcoin reach $95,000 again by March 31?",2025-03-30 17:00:00.000000 UTC,1205,9695.0,0.997,0.003,0.998
526657,"Will Bitcoin reach $95,000 again by March 31?",2025-03-30 18:00:00.000000 UTC,949,1617.0,0.997,0.003,0.998
526657,"Will Bitcoin reach $95,000 again by March 31?",2025-03-30 19:00:00.000000 UTC,196,5711.0,0.988,0.003,0.998
526657,"Will Bitcoin reach $95,000 again by March 31?",2025-03-30 20:00:00.000000 UTC,348,693.0,0.56,0.002,0.998
526657,"Will Bitcoin reach $95,000 again by March 31?",2025-03-30 21:00:00.000000 UTC,269,1182.0,0.998,0.998,0.998
526657,"Will Bitcoin reach $95,000 again by March 31?",2025-03-30 22:00:00.000000 UTC,176,7964.0,0.999,0.998,0.999
526657,"Will Bitcoin reach $95,000 again by March 31?",2025-03-30 23:00:00.000000 UTC,145,927.0,0.999,0.999,0.999
526657,"Will Bitcoin reach $95,000 again by March 31?",2025-03-31 00:00:00.000000 UTC,157,601.0,0.624,0.001,0.999
526657,"Will Bitcoin reach $95,000 again by March 31?",2025-03-31 01:00:00.000000 UTC,33,10831.0,0.213,0.001,0.999
526657,"Will Bitcoin reach $95,000 again by March 31?",2025-03-31 02:00:00.000000 UTC,1,0.0,0.001,0.001,0.001
526657,"Will Bitcoin reach $95,000 again by March 31?",2025-03-31 03:00:00.000000 UTC,3,107.0,0.666,0.002,0.998
526657,"Will Bitcoin reach $95,000 again by March 31?",2025-03-31 04:00:00.000000 UTC,1,1.0,0.002,0.002,0.002
526657,"Will Bitcoin reach $95,000 again by March 31?",2025-03-31 05:00:00.000000 UTC,2,0.0,0.002,0.002,0.002
526657,"Will Bitcoin reach $95,000 again by March 31?",2025-03-31 06:00:00.000000 UTC,19,1.0,0.001,0.001,0.002
526657,"Will Bitcoin reach $95,000 again by March 31?",2025-03-31 07:00:00.000000 UTC,35,4487.0,0.286,0.001,0.999
526657,"Will Bitcoin reach $95,000 again by March 31?",2025-03-31 08:00:00.000000 UTC,6,5.0,0.001,0.001,0.002
526657,"Will Bitcoin reach $95,000 again by March 31?",2025-03-31 09:00:00.000000 UTC,1,0.0,0.001,0.001,0.001
526657,"Will Bitcoin reach $95,000 again by March 31?",2025-03-31 10:00:00.000000 UTC,3,1.0,0.001,0.001,0.001
526657,"Will Bitcoin reach $95,000 again by March 31?",2025-03-31 11:00:00.000000 UTC,4,6.0,0.001,0.001,0.001
526658,"Will Bitcoin reach $100,000 again by March 31?",2025-03-03 20:00:00.000000 UTC,1,470.0,0.58,0.58,0.58
526658,"Will Bitcoin reach $100,000 again by March 31?",2025-03-03 21:00:00.000000 UTC,20,2105.0,0.33,0.27,0.69
526658,"Will Bitcoin reach $100,000 again by March 31?",2025-03-03 22:00:00.000000 UTC,17,861.0,0.509,0.2,0.79
526658,"Will Bitcoin reach $100,000 again by March 31?",2025-03-03 23:00:00.000000 UTC,14,495.0,0.304,0.3,0.32
526658,"Will Bitcoin reach $100,000 again by March 31?",2025-03-04 00:00:00.000000 UTC,8,401.0,0.306,0.3,0.31
526658,"Will Bitcoin reach $100,000 again by March 31?",2025-03-04 01:00:00.000000 UTC,14,873.0,0.285,0.2,0.7
526658,"Will Bitcoin reach $100,000 again by March 31?",2025-03-04 02:00:00.000000 UTC,7,105.0,0.241,0.21,0.25
526658,"Will Bitcoin reach $100,000 again by March 31?",2025-03-04 03:00:00.000000 UTC,3,11.0,0.247,0.24,0.25
526658,"Will Bitcoin reach $100,000 again by March 31?",2025-03-04 04:00:00.000000 UTC,10,28.0,0.24,0.24,0.24
526658,"Will Bitcoin reach $100,000 again by March 31?",2025-03-04 05:00:00.000000 UTC,6,90.0,0.23,0.22,0.24
526658,"Will Bitcoin reach $100,000 again by March 31?",2025-03-04 06:00:00.000000 UTC,5,1109.0,0.55,0.25,0.75
526658,"Will Bitcoin reach $100,000 again by March 31?",2025-03-04 07:00:00.000000 UTC,9,102.0,0.409,0.23,0.76
526658,"Will Bitcoin reach $100,000 again by March 31?",2025-03-04 08:00:00.000000 UTC,1,9.0,0.75,0.75,0.75
526658,"Will Bitcoin reach $100,000 again by March 31?",2025-03-04 10:00:00.000000 UTC,2,23.0,0.505,0.27,0.74
526658,"Will Bitcoin reach $100,000 again by March 31?",2025-03-04 12:00:00.000000 UTC,17,329.0,0.25,0.23,0.27
526658,"Will Bitcoin reach $100,000 again by March 31?",2025-03-04 13:00:00.000000 UTC,24,1984.0,0.377,0.23,0.76
526658,"Will Bitcoin reach $100,000 again by March 31?",2025-03-04 14:00:00.000000 UTC,15,1591.0,0.601,0.25,0.74
526658,"Will Bitcoin reach $100,000 again by March 31?",2025-03-04 15:00:00.000000 UTC,17,186.0,0.249,0.24,0.27
526658,"Will Bitcoin reach $100,000 again by March 31?",2025-03-04 16:00:00.000000 UTC,18,172.0,0.231,0.22,0.24
526658,"Will Bitcoin reach $100,000 again by March 31?",2025-03-04 17:00:00.000000 UTC,20,251.0,0.35,0.27,0.71
526658,"Will Bitcoin reach $100,000 again by March 31?",2025-03-04 18:00:00.000000 UTC,21,1705.0,0.384,0.3,0.65
526658,"Will Bitcoin reach $100,000 again by March 31?",2025-03-04 19:00:00.000000 UTC,30,2342.0,0.46,0.37,0.61
526658,"Will Bitcoin reach $100,000 again by March 31?",2025-03-04 20:00:00.000000 UTC,40,6462.0,0.465,0.36,0.64
526658,"Will Bitcoin reach $100,000 again by March 31?",2025-03-04 21:00:00.000000 UTC,20,653.0,0.392,0.33,0.64
526658,"Will Bitcoin reach $100,000 again by March 31?",2025-03-04 22:00:00.000000 UTC,25,8274.0,0.376,0.35,0.64
526658,"Will Bitcoin reach $100,000 again by March 31?",2025-03-05 00:00:00.000000 UTC,7,6464.0,0.579,0.35,0.67
526658,"Will Bitcoin reach $100,000 again by March 31?",2025-03-05 01:00:00.000000 UTC,14,545.0,0.348,0.34,0.37
526658,"Will Bitcoin reach $100,000 again by March 31?",2025-03-05 02:00:00.000000 UTC,13,41.0,0.364,0.36,0.38
526658,"Will Bitcoin reach $100,000 again by March 31?",2025-03-05 03:00:00.000000 UTC,21,1177.0,0.392,0.36,0.64
526658,"Will Bitcoin reach $100,000 again by March 31?",2025-03-05 04:00:00.000000 UTC,9,324.0,0.319,0.31,0.32
526658,"Will Bitcoin reach $100,000 again by March 31?",2025-03-05 05:00:00.000000 UTC,4,66.0,0.323,0.32,0.33
526658,"Will Bitcoin reach $100,000 again by March 31?",2025-03-05 06:00:00.000000 UTC,9,357.0,0.357,0.31,0.68
526658,"Will Bitcoin reach $100,000 again by March 31?",2025-03-05 07:00:00.000000 UTC,10,862.0,0.332,0.32,0.35
526658,"Will Bitcoin reach $100,000 again by March 31?",2025-03-05 08:00:00.000000 UTC,7,42.0,0.343,0.34,0.35
526658,"Will Bitcoin reach $100,000 again by March 31?",2025-03-05 09:00:00.000000 UTC,12,1277.0,0.431,0.37,0.62
526658,"Will Bitcoin reach $100,000 again by March 31?",2025-03-05 10:00:00.000000 UTC,44,8680.0,0.478,0.39,0.55
526658,"Will Bitcoin reach $100,000 again by March 31?",2025-03-05 11:00:00.000000 UTC,18,2739.0,0.484,0.45,0.54
526658,"Will Bitcoin reach $100,000 again by March 31?",2025-03-05 12:00:00.000000 UTC,16,131.0,0.479,0.45,0.49
526658,"Will Bitcoin reach $100,000 again by March 31?",2025-03-05 13:00:00.000000 UTC,31,8633.0,0.471,0.42,0.55
526658,"Will Bitcoin reach $100,000 again by March 31?",2025-03-05 14:00:00.000000 UTC,21,614.0,0.44,0.41,0.46
526658,"Will Bitcoin reach $100,000 again by March 31?",2025-03-05 15:00:00.000000 UTC,27,489.0,0.404,0.38,0.43
526658,"Will Bitcoin reach $100,000 again by March 31?",2025-03-05 16:00:00.000000 UTC,12,1093.0,0.466,0.4,0.57
526658,"Will Bitcoin reach $100,000 again by March 31?",2025-03-05 17:00:00.000000 UTC,8,429.0,0.46,0.44,0.54
526658,"Will Bitcoin reach $100,000 again by March 31?",2025-03-05 18:00:00.000000 UTC,12,1063.0,0.501,0.45,0.54
526658,"Will Bitcoin reach $100,000 again by March 31?",2025-03-05 19:00:00.000000 UTC,15,1800.0,0.475,0.45,0.54
526658,"Will Bitcoin reach $100,000 again by March 31?",2025-03-05 20:00:00.000000 UTC,39,12054.0,0.496,0.48,0.51
526658,"Will Bitcoin reach $100,000 again by March 31?",2025-03-05 21:00:00.000000 UTC,14,1281.0,0.499,0.49,0.51
526658,"Will Bitcoin reach $100,000 again by March 31?",2025-03-05 22:00:00.000000 UTC,1,2.0,0.53,0.53,0.53
526658,"Will Bitcoin reach $100,000 again by March 31?",2025-03-05 23:00:00.000000 UTC,5,14.0,0.492,0.48,0.5
526658,"Will Bitcoin reach $100,000 again by March 31?",2025-03-06 00:00:00.000000 UTC,10,1310.0,0.463,0.44,0.5
526658,"Will Bitcoin reach $100,000 again by March 31?",2025-03-06 01:00:00.000000 UTC,18,880.0,0.505,0.42,0.58
526658,"Will Bitcoin reach $100,000 again by March 31?",2025-03-06 02:00:00.000000 UTC,3,6.0,0.44,0.44,0.44
526658,"Will Bitcoin reach $100,000 again by March 31?",2025-03-06 03:00:00.000000 UTC,17,7407.0,0.484,0.4,0.6
526658,"Will Bitcoin reach $100,000 again by March 31?",2025-03-06 04:00:00.000000 UTC,6,36.0,0.453,0.43,0.57
526658,"Will Bitcoin reach $100,000 again by March 31?",2025-03-06 05:00:00.000000 UTC,10,1015.0,0.522,0.44,0.58
526658,"Will Bitcoin reach $100,000 again by March 31?",2025-03-06 06:00:00.000000 UTC,6,1418.0,0.512,0.48,0.53
526658,"Will Bitcoin reach $100,000 again by March 31?",2025-03-06 07:00:00.000000 UTC,10,1157.0,0.515,0.5,0.53
526658,"Will Bitcoin reach $100,000 again by March 31?",2025-03-06 08:00:00.000000 UTC,14,2085.0,0.488,0.42,0.57
526658,"Will Bitcoin reach $100,000 again by March 31?",2025-03-06 09:00:00.000000 UTC,7,669.0,0.517,0.46,0.54
526658,"Will Bitcoin reach $100,000 again by March 31?",2025-03-06 10:00:00.000000 UTC,18,641.0,0.503,0.48,0.52
526658,"Will Bitcoin reach $100,000 again by March 31?",2025-03-06 11:00:00.000000 UTC,27,318.0,0.487,0.44,0.55
526658,"Will Bitcoin reach $100,000 again by March 31?",2025-03-06 12:00:00.000000 UTC,33,743.0,0.482,0.42,0.51
526658,"Will Bitcoin reach $100,000 again by March 31?",2025-03-06 13:00:00.000000 UTC,70,2508.0,0.509,0.46,0.52
526658,"Will Bitcoin reach $100,000 again by March 31?",2025-03-06 14:00:00.000000 UTC,10,533.0,0.451,0.41,0.48
526658,"Will Bitcoin reach $100,000 again by March 31?",2025-03-06 15:00:00.000000 UTC,7,200.0,0.44,0.4,0.61
526658,"Will Bitcoin reach $100,000 again by March 31?",2025-03-06 16:00:00.000000 UTC,10,778.0,0.54,0.39,0.6
526658,"Will Bitcoin reach $100,000 again by March 31?",2025-03-06 17:00:00.000000 UTC,13,2064.0,0.485,0.41,0.59
526658,"Will Bitcoin reach $100,000 again by March 31?",2025-03-06 18:00:00.000000 UTC,6,323.0,0.46,0.44,0.55
526658,"Will Bitcoin reach $100,000 again by March 31?",2025-03-06 19:00:00.000000 UTC,24,2402.0,0.477,0.45,0.53
526658,"Will Bitcoin reach $100,000 again by March 31?",2025-03-06 20:00:00.000000 UTC,9,1611.0,0.488,0.47,0.5
526658,"Will Bitcoin reach $100,000 again by March 31?",2025-03-06 21:00:00.000000 UTC,70,4547.0,0.395,0.25,0.76
526658,"Will Bitcoin reach $100,000 again by March 31?",2025-03-06 22:00:00.000000 UTC,44,5950.0,0.459,0.27,0.7
526658,"Will Bitcoin reach $100,000 again by March 31?",2025-03-06 23:00:00.000000 UTC,10,1870.0,0.533,0.31,0.68
526658,"Will Bitcoin reach $100,000 again by March 31?",2025-03-07 00:00:00.000000 UTC,12,83.0,0.343,0.31,0.67
526658,"Will Bitcoin reach $100,000 again by March 31?",2025-03-07 01:00:00.000000 UTC,10,766.0,0.565,0.34,0.69
526658,"Will Bitcoin reach $100,000 again by March 31?",2025-03-07 02:00:00.000000 UTC,20,706.0,0.519,0.33,0.64
526658,"Will Bitcoin reach $100,000 again by March 31?",2025-03-07 03:00:00.000000 UTC,4,50.0,0.63,0.63,0.63
526658,"Will Bitcoin reach $100,000 again by March 31?",2025-03-07 04:00:00.000000 UTC,11,1401.0,0.532,0.35,0.64
526658,"Will Bitcoin reach $100,000 again by March 31?",2025-03-07 05:00:00.000000 UTC,26,3302.0,0.499,0.33,0.66
526658,"Will Bitcoin reach $100,000 again by March 31?",2025-03-07 06:00:00.000000 UTC,6,86.0,0.437,0.4,0.6
526658,"Will Bitcoin reach $100,000 again by March 31?",2025-03-07 07:00:00.000000 UTC,4,20.0,0.6,0.6,0.6
526658,"Will Bitcoin reach $100,000 again by March 31?",2025-03-07 08:00:00.000000 UTC,3,207.0,0.377,0.37,0.38
526658,"Will Bitcoin reach $100,000 again by March 31?",2025-03-07 09:00:00.000000 UTC,7,189.0,0.433,0.37,0.6
526658,"Will Bitcoin reach $100,000 again by March 31?",2025-03-07 10:00:00.000000 UTC,13,489.0,0.412,0.37,0.44
526658,"Will Bitcoin reach $100,000 again by March 31?",2025-03-07 11:00:00.000000 UTC,22,317.0,0.445,0.32,0.62
526658,"Will Bitcoin reach $100,000 again by March 31?",2025-03-07 12:00:00.000000 UTC,26,920.0,0.539,0.32,0.7
526658,"Will Bitcoin reach $100,000 again by March 31?",2025-03-07 13:00:00.000000 UTC,26,6991.0,0.562,0.31,0.7
526658,"Will Bitcoin reach $100,000 again by March 31?",2025-03-07 14:00:00.000000 UTC,7,655.0,0.48,0.34,0.64
526658,"Will Bitcoin reach $100,000 again by March 31?",2025-03-07 15:00:00.000000 UTC,7,51.0,0.35,0.35,0.35
526658,"Will Bitcoin reach $100,000 again by March 31?",2025-03-07 16:00:00.000000 UTC,126,9609.0,0.368,0.25,0.74
526658,"Will Bitcoin reach $100,000 again by March 31?",2025-03-07 17:00:00.000000 UTC,40,8513.0,0.27,0.24,0.76
526658,"Will Bitcoin reach $100,000 again by March 31?",2025-03-07 18:00:00.000000 UTC,22,465.0,0.244,0.23,0.26
526658,"Will Bitcoin reach $100,000 again by March 31?",2025-03-07 19:00:00.000000 UTC,29,2057.0,0.44,0.24,0.71
526658,"Will Bitcoin reach $100,000 again by March 31?",2025-03-07 20:00:00.000000 UTC,13,1347.0,0.521,0.26,0.75
526658,"Will Bitcoin reach $100,000 again by March 31?",2025-03-07 21:00:00.000000 UTC,14,805.0,0.416,0.21,0.79
526658,"Will Bitcoin reach $100,000 again by March 31?",2025-03-07 22:00:00.000000 UTC,19,716.0,0.217,0.21,0.23
526658,"Will Bitcoin reach $100,000 again by March 31?",2025-03-07 23:00:00.000000 UTC,7,12.0,0.223,0.2,0.24
526658,"Will Bitcoin reach $100,000 again by March 31?",2025-03-08 00:00:00.000000 UTC,2,3.0,0.235,0.23,0.24
526658,"Will Bitcoin reach $100,000 again by March 31?",2025-03-08 01:00:00.000000 UTC,16,750.0,0.574,0.21,0.78
526658,"Will Bitcoin reach $100,000 again by March 31?",2025-03-08 02:00:00.000000 UTC,10,296.0,0.247,0.24,0.26
526658,"Will Bitcoin reach $100,000 again by March 31?",2025-03-08 03:00:00.000000 UTC,9,217.0,0.351,0.23,0.76
526658,"Will Bitcoin reach $100,000 again by March 31?",2025-03-08 04:00:00.000000 UTC,14,18.0,0.224,0.22,0.23
526658,"Will Bitcoin reach $100,000 again by March 31?",2025-03-08 05:00:00.000000 UTC,3,70.0,0.227,0.22,0.23
526658,"Will Bitcoin reach $100,000 again by March 31?",2025-03-08 06:00:00.000000 UTC,8,22.0,0.226,0.22,0.23
526658,"Will Bitcoin reach $100,000 again by March 31?",2025-03-08 07:00:00.000000 UTC,4,7.0,0.237,0.23,0.24
526658,"Will Bitcoin reach $100,000 again by March 31?",2025-03-08 08:00:00.000000 UTC,6,185.0,0.32,0.23,0.77
526658,"Will Bitcoin reach $100,000 again by March 31?",2025-03-08 11:00:00.000000 UTC,5,75.0,0.222,0.22,0.23
526658,"Will Bitcoin reach $100,000 again by March 31?",2025-03-08 12:00:00.000000 UTC,1,312.0,0.78,0.78,0.78
526658,"Will Bitcoin reach $100,000 again by March 31?",2025-03-08 13:00:00.000000 UTC,6,228.0,0.405,0.21,0.78
526658,"Will Bitcoin reach $100,000 again by March 31?",2025-03-08 15:00:00.000000 UTC,1,2.0,0.22,0.22,0.22
526658,"Will Bitcoin reach $100,000 again by March 31?",2025-03-08 16:00:00.000000 UTC,5,28.0,0.344,0.23,0.78
526658,"Will Bitcoin reach $100,000 again by March 31?",2025-03-08 17:00:00.000000 UTC,1,2.0,0.24,0.24,0.24
526658,"Will Bitcoin reach $100,000 again by March 31?",2025-03-08 19:00:00.000000 UTC,6,2116.0,0.408,0.23,0.75
526658,"Will Bitcoin reach $100,000 again by March 31?",2025-03-08 20:00:00.000000 UTC,1,76.0,0.76,0.76,0.76
526658,"Will Bitcoin reach $100,000 again by March 31?",2025-03-08 21:00:00.000000 UTC,8,1247.0,0.434,0.23,0.77
526658,"Will Bitcoin reach $100,000 again by March 31?",2025-03-08 22:00:00.000000 UTC,3,1190.0,0.417,0.23,0.77
526658,"Will Bitcoin reach $100,000 again by March 31?",2025-03-08 23:00:00.000000 UTC,3,491.0,0.41,0.22,0.78
526658,"Will Bitcoin reach $100,000 again by March 31?",2025-03-09 00:00:00.000000 UTC,3,128.0,0.227,0.22,0.24
526658,"Will Bitcoin reach $100,000 again by March 31?",2025-03-09 01:00:00.000000 UTC,26,6932.0,0.574,0.23,0.77
526658,"Will Bitcoin reach $100,000 again by March 31?",2025-03-09 02:00:00.000000 UTC,24,9083.0,0.558,0.22,0.77
526658,"Will Bitcoin reach $100,000 again by March 31?",2025-03-09 03:00:00.000000 UTC,12,3965.0,0.499,0.2,0.8
526658,"Will Bitcoin reach $100,000 again by March 31?",2025-03-09 04:00:00.000000 UTC,2,96.0,0.2,0.2,0.2
526658,"Will Bitcoin reach $100,000 again by March 31?",2025-03-09 05:00:00.000000 UTC,13,531.0,0.228,0.17,0.83
526658,"Will Bitcoin reach $100,000 again by March 31?",2025-03-09 06:00:00.000000 UTC,10,1730.0,0.622,0.16,0.82
526658,"Will Bitcoin reach $100,000 again by March 31?",2025-03-09 07:00:00.000000 UTC,4,35.0,0.155,0.15,0.16
526658,"Will Bitcoin reach $100,000 again by March 31?",2025-03-09 08:00:00.000000 UTC,3,44.0,0.387,0.15,0.85
526658,"Will Bitcoin reach $100,000 again by March 31?",2025-03-09 09:00:00.000000 UTC,6,302.0,0.262,0.13,0.86
526658,"Will Bitcoin reach $100,000 again by March 31?",2025-03-09 10:00:00.000000 UTC,8,488.0,0.496,0.15,0.85
526658,"Will Bitcoin reach $100,000 again by March 31?",2025-03-09 11:00:00.000000 UTC,4,213.0,0.66,0.15,0.83
526658,"Will Bitcoin reach $100,000 again by March 31?",2025-03-09 12:00:00.000000 UTC,7,466.0,0.54,0.15,0.83
526658,"Will Bitcoin reach $100,000 again by March 31?",2025-03-09 13:00:00.000000 UTC,4,292.0,0.832,0.83,0.84
526658,"Will Bitcoin reach $100,000 again by March 31?",2025-03-09 14:00:00.000000 UTC,7,394.0,0.349,0.15,0.84
526658,"Will Bitcoin reach $100,000 again by March 31?",2025-03-09 15:00:00.000000 UTC,19,567.0,0.205,0.12,0.88
526658,"Will Bitcoin reach $100,000 again by March 31?",2025-03-09 16:00:00.000000 UTC,1,61.0,0.86,0.86,0.86
526658,"Will Bitcoin reach $100,000 again by March 31?",2025-03-09 17:00:00.000000 UTC,3,5.0,0.13,0.13,0.13
526658,"Will Bitcoin reach $100,000 again by March 31?",2025-03-09 18:00:00.000000 UTC,4,229.0,0.498,0.14,0.86
526658,"Will Bitcoin reach $100,000 again by March 31?",2025-03-09 19:00:00.000000 UTC,3,139.0,0.387,0.15,0.85
526658,"Will Bitcoin reach $100,000 again by March 31?",2025-03-09 20:00:00.000000 UTC,1,25.0,0.16,0.16,0.16
526658,"Will Bitcoin reach $100,000 again by March 31?",2025-03-09 21:00:00.000000 UTC,4,62.0,0.138,0.13,0.14
526658,"Will Bitcoin reach $100,000 again by March 31?",2025-03-09 23:00:00.000000 UTC,20,32477.0,0.461,0.14,0.86
526658,"Will Bitcoin reach $100,000 again by March 31?",2025-03-10 00:00:00.000000 UTC,19,368.0,0.142,0.13,0.18
526658,"Will Bitcoin reach $100,000 again by March 31?",2025-03-10 01:00:00.000000 UTC,7,228.0,0.157,0.15,0.16
526658,"Will Bitcoin reach $100,000 again by March 31?",2025-03-10 02:00:00.000000 UTC,2,12.0,0.15,0.15,0.15
526658,"Will Bitcoin reach $100,000 again by March 31?",2025-03-10 03:00:00.000000 UTC,4,111.0,0.497,0.16,0.84
526658,"Will Bitcoin reach $100,000 again by March 31?",2025-03-10 04:00:00.000000 UTC,5,31.0,0.292,0.14,0.85
526658,"Will Bitcoin reach $100,000 again by March 31?",2025-03-10 05:00:00.000000 UTC,13,83.0,0.169,0.1,0.87
526658,"Will Bitcoin reach $100,000 again by March 31?",2025-03-10 06:00:00.000000 UTC,16,173.0,0.358,0.1,0.91
526658,"Will Bitcoin reach $100,000 again by March 31?",2025-03-10 07:00:00.000000 UTC,12,940.0,0.369,0.1,0.89
526658,"Will Bitcoin reach $100,000 again by March 31?",2025-03-10 08:00:00.000000 UTC,25,1157.0,0.291,0.08,0.91
526658,"Will Bitcoin reach $100,000 again by March 31?",2025-03-10 09:00:00.000000 UTC,6,11.0,0.092,0.09,0.1
526658,"Will Bitcoin reach $100,000 again by March 31?",2025-03-10 10:00:00.000000 UTC,5,47.0,0.578,0.09,0.9
526658,"Will Bitcoin reach $100,000 again by March 31?",2025-03-10 11:00:00.000000 UTC,9,2649.0,0.722,0.1,0.9
526658,"Will Bitcoin reach $100,000 again by March 31?",2025-03-10 12:00:00.000000 UTC,1,24.0,0.1,0.1,0.1
526658,"Will Bitcoin reach $100,000 again by March 31?",2025-03-10 13:00:00.000000 UTC,6,67.0,0.367,0.09,0.91
526658,"Will Bitcoin reach $100,000 again by March 31?",2025-03-10 14:00:00.000000 UTC,6,203.0,0.773,0.09,0.91
526658,"Will Bitcoin reach $100,000 again by March 31?",2025-03-10 15:00:00.000000 UTC,37,2524.0,0.511,0.08,0.92
526658,"Will Bitcoin reach $100,000 again by March 31?",2025-03-10 16:00:00.000000 UTC,13,1675.0,0.465,0.09,0.91
526658,"Will Bitcoin reach $100,000 again by March 31?",2025-03-11 02:00:00.000000 UTC,7,157.0,0.446,0.1,0.9
526658,"Will Bitcoin reach $100,000 again by March 31?",2025-03-11 04:00:00.000000 UTC,2,4.0,0.1,0.1,0.1
526658,"Will Bitcoin reach $100,000 again by March 31?",2025-03-11 05:00:00.000000 UTC,6,489.0,0.24,0.1,0.88
526658,"Will Bitcoin reach $100,000 again by March 31?",2025-03-11 06:00:00.000000 UTC,6,166.0,0.372,0.11,0.89
526658,"Will Bitcoin reach $100,000 again by March 31?",2025-03-11 07:00:00.000000 UTC,18,1474.0,0.199,0.1,0.89
526658,"Will Bitcoin reach $100,000 again by March 31?",2025-03-11 08:00:00.000000 UTC,9,2289.0,0.289,0.12,0.87
526658,"Will Bitcoin reach $100,000 again by March 31?",2025-03-11 09:00:00.000000 UTC,20,1009.0,0.238,0.12,0.86
526658,"Will Bitcoin reach $100,000 again by March 31?",2025-03-11 10:00:00.000000 UTC,6,325.0,0.375,0.11,0.88
526658,"Will Bitcoin reach $100,000 again by March 31?",2025-03-11 11:00:00.000000 UTC,3,358.0,0.62,0.13,0.87
526658,"Will Bitcoin reach $100,000 again by March 31?",2025-03-11 12:00:00.000000 UTC,7,991.0,0.336,0.12,0.87
526658,"Will Bitcoin reach $100,000 again by March 31?",2025-03-11 13:00:00.000000 UTC,81,602.0,0.355,0.12,0.86
526658,"Will Bitcoin reach $100,000 again by March 31?",2025-03-11 14:00:00.000000 UTC,316,4204.0,0.48,0.09,0.91
526658,"Will Bitcoin reach $100,000 again by March 31?",2025-03-11 15:00:00.000000 UTC,260,1543.0,0.24,0.09,0.92
526658,"Will Bitcoin reach $100,000 again by March 31?",2025-03-11 16:00:00.000000 UTC,15,245.0,0.219,0.1,0.9
526658,"Will Bitcoin reach $100,000 again by March 31?",2025-03-11 17:00:00.000000 UTC,1,54.0,0.12,0.12,0.12
526658,"Will Bitcoin reach $100,000 again by March 31?",2025-03-11 18:00:00.000000 UTC,39,6036.0,0.349,0.12,0.87
526658,"Will Bitcoin reach $100,000 again by March 31?",2025-03-11 19:00:00.000000 UTC,2,53.0,0.15,0.15,0.15
526658,"Will Bitcoin reach $100,000 again by March 31?",2025-03-11 21:00:00.000000 UTC,3,1020.0,0.143,0.14,0.15
526658,"Will Bitcoin reach $100,000 again by March 31?",2025-03-11 22:00:00.000000 UTC,3,4886.0,0.383,0.15,0.85
526658,"Will Bitcoin reach $100,000 again by March 31?",2025-03-11 23:00:00.000000 UTC,3,64.0,0.38,0.14,0.84
526658,"Will Bitcoin reach $100,000 again by March 31?",2025-03-12 00:00:00.000000 UTC,8,1248.0,0.328,0.15,0.84
526658,"Will Bitcoin reach $100,000 again by March 31?",2025-03-12 02:00:00.000000 UTC,5,79.0,0.14,0.13,0.15
526658,"Will Bitcoin reach $100,000 again by March 31?",2025-03-12 03:00:00.000000 UTC,1,0.0,0.13,0.13,0.13
526658,"Will Bitcoin reach $100,000 again by March 31?",2025-03-12 04:00:00.000000 UTC,8,443.0,0.225,0.13,0.88
526658,"Will Bitcoin reach $100,000 again by March 31?",2025-03-12 05:00:00.000000 UTC,3,24.0,0.627,0.12,0.88
526658,"Will Bitcoin reach $100,000 again by March 31?",2025-03-12 06:00:00.000000 UTC,3,87.0,0.12,0.12,0.12
526658,"Will Bitcoin reach $100,000 again by March 31?",2025-03-12 07:00:00.000000 UTC,1,1174.0,0.87,0.87,0.87
526658,"Will Bitcoin reach $100,000 again by March 31?",2025-03-12 08:00:00.000000 UTC,6,557.0,0.37,0.12,0.87
526658,"Will Bitcoin reach $100,000 again by March 31?",2025-03-12 09:00:00.000000 UTC,13,1282.0,0.64,0.12,0.87
526658,"Will Bitcoin reach $100,000 again by March 31?",2025-03-12 10:00:00.000000 UTC,3,10.0,0.117,0.11,0.12
526658,"Will Bitcoin reach $100,000 again by March 31?",2025-03-12 11:00:00.000000 UTC,8,131.0,0.135,0.13,0.14
526658,"Will Bitcoin reach $100,000 again by March 31?",2025-03-12 12:00:00.000000 UTC,39,5483.0,0.311,0.13,0.85
526658,"Will Bitcoin reach $100,000 again by March 31?",2025-03-12 13:00:00.000000 UTC,60,211.0,0.157,0.1,0.86
526658,"Will Bitcoin reach $100,000 again by March 31?",2025-03-12 14:00:00.000000 UTC,23,308.0,0.281,0.09,0.91
526658,"Will Bitcoin reach $100,000 again by March 31?",2025-03-12 15:00:00.000000 UTC,15,207.0,0.148,0.09,0.9
526658,"Will Bitcoin reach $100,000 again by March 31?",2025-03-12 16:00:00.000000 UTC,18,2652.0,0.331,0.1,0.9
526658,"Will Bitcoin reach $100,000 again by March 31?",2025-03-12 17:00:00.000000 UTC,12,1518.0,0.502,0.11,0.89
526658,"Will Bitcoin reach $100,000 again by March 31?",2025-03-12 18:00:00.000000 UTC,9,988.0,0.368,0.1,0.88
526658,"Will Bitcoin reach $100,000 again by March 31?",2025-03-12 19:00:00.000000 UTC,3,45.0,0.367,0.11,0.88
526658,"Will Bitcoin reach $100,000 again by March 31?",2025-03-12 20:00:00.000000 UTC,7,391.0,0.224,0.1,0.9
526658,"Will Bitcoin reach $100,000 again by March 31?",2025-03-12 21:00:00.000000 UTC,12,194.0,0.133,0.13,0.14
526658,"Will Bitcoin reach $100,000 again by March 31?",2025-03-12 22:00:00.000000 UTC,27,565.0,0.14,0.14,0.15
526658,"Will Bitcoin reach $100,000 again by March 31?",2025-03-12 23:00:00.000000 UTC,14,959.0,0.192,0.14,0.86
526658,"Will Bitcoin reach $100,000 again by March 31?",2025-03-13 00:00:00.000000 UTC,4,68.0,0.13,0.13,0.13
526658,"Will Bitcoin reach $100,000 again by March 31?",2025-03-13 01:00:00.000000 UTC,7,83.0,0.251,0.15,0.86
526658,"Will Bitcoin reach $100,000 again by March 31?",2025-03-13 02:00:00.000000 UTC,2,9.0,0.145,0.14,0.15
526658,"Will Bitcoin reach $100,000 again by March 31?",2025-03-13 03:00:00.000000 UTC,14,126.0,0.141,0.14,0.15
526658,"Will Bitcoin reach $100,000 again by March 31?",2025-03-13 04:00:00.000000 UTC,4,93.0,0.135,0.13,0.14
526658,"Will Bitcoin reach $100,000 again by March 31?",2025-03-13 05:00:00.000000 UTC,7,17.0,0.121,0.12,0.13
526658,"Will Bitcoin reach $100,000 again by March 31?",2025-03-13 06:00:00.000000 UTC,50,1935.0,0.154,0.09,0.91
526658,"Will Bitcoin reach $100,000 again by March 31?",2025-03-13 07:00:00.000000 UTC,11,2028.0,0.673,0.12,0.88
526658,"Will Bitcoin reach $100,000 again by March 31?",2025-03-13 08:00:00.000000 UTC,27,8291.0,0.796,0.12,0.89
526658,"Will Bitcoin reach $100,000 again by March 31?",2025-03-13 09:00:00.000000 UTC,11,201.0,0.12,0.12,0.12
526658,"Will Bitcoin reach $100,000 again by March 31?",2025-03-13 10:00:00.000000 UTC,7,183.0,0.23,0.12,0.89
526658,"Will Bitcoin reach $100,000 again by March 31?",2025-03-13 11:00:00.000000 UTC,13,2603.0,0.764,0.11,0.89
526658,"Will Bitcoin reach $100,000 again by March 31?",2025-03-13 12:00:00.000000 UTC,18,3639.0,0.625,0.11,0.89
526658,"Will Bitcoin reach $100,000 again by March 31?",2025-03-13 13:00:00.000000 UTC,30,1069.0,0.206,0.09,0.91
526658,"Will Bitcoin reach $100,000 again by March 31?",2025-03-13 14:00:00.000000 UTC,12,1240.0,0.632,0.09,0.91
526658,"Will Bitcoin reach $100,000 again by March 31?",2025-03-13 15:00:00.000000 UTC,12,1713.0,0.642,0.07,0.93
526658,"Will Bitcoin reach $100,000 again by March 31?",2025-03-13 16:00:00.000000 UTC,3,50.0,0.933,0.93,0.94
526658,"Will Bitcoin reach $100,000 again by March 31?",2025-03-13 17:00:00.000000 UTC,15,1103.0,0.525,0.06,0.94
526658,"Will Bitcoin reach $100,000 again by March 31?",2025-03-13 18:00:00.000000 UTC,18,3222.0,0.594,0.07,0.93
526658,"Will Bitcoin reach $100,000 again by March 31?",2025-03-13 19:00:00.000000 UTC,3,142.0,0.633,0.06,0.92
526658,"Will Bitcoin reach $100,000 again by March 31?",2025-03-13 20:00:00.000000 UTC,4,52.0,0.283,0.06,0.93
526658,"Will Bitcoin reach $100,000 again by March 31?",2025-03-13 22:00:00.000000 UTC,2,0.0,0.07,0.07,0.07
526658,"Will Bitcoin reach $100,000 again by March 31?",2025-03-13 23:00:00.000000 UTC,12,458.0,0.212,0.07,0.92
526658,"Will Bitcoin reach $100,000 again by March 31?",2025-03-14 00:00:00.000000 UTC,3,419.0,0.64,0.08,0.92
526658,"Will Bitcoin reach $100,000 again by March 31?",2025-03-14 02:00:00.000000 UTC,7,14.0,0.08,0.08,0.08
526658,"Will Bitcoin reach $100,000 again by March 31?",2025-03-14 03:00:00.000000 UTC,3,81.0,0.08,0.08,0.08
526658,"Will Bitcoin reach $100,000 again by March 31?",2025-03-14 04:00:00.000000 UTC,4,32.0,0.08,0.08,0.08
526658,"Will Bitcoin reach $100,000 again by March 31?",2025-03-14 06:00:00.000000 UTC,6,89.0,0.22,0.08,0.91
526658,"Will Bitcoin reach $100,000 again by March 31?",2025-03-14 07:00:00.000000 UTC,2,82.0,0.5,0.08,0.92
526658,"Will Bitcoin reach $100,000 again by March 31?",2025-03-14 08:00:00.000000 UTC,3,65.0,0.357,0.08,0.91
526658,"Will Bitcoin reach $100,000 again by March 31?",2025-03-14 09:00:00.000000 UTC,4,920.0,0.288,0.08,0.91
526658,"Will Bitcoin reach $100,000 again by March 31?",2025-03-14 10:00:00.000000 UTC,7,922.0,0.207,0.09,0.91
526658,"Will Bitcoin reach $100,000 again by March 31?",2025-03-14 11:00:00.000000 UTC,5,92.0,0.098,0.09,0.1
526658,"Will Bitcoin reach $100,000 again by March 31?",2025-03-14 12:00:00.000000 UTC,8,5.0,0.101,0.1,0.11
526658,"Will Bitcoin reach $100,000 again by March 31?",2025-03-14 13:00:00.000000 UTC,14,198.0,0.101,0.1,0.11
526658,"Will Bitcoin reach $100,000 again by March 31?",2025-03-14 14:00:00.000000 UTC,7,1003.0,0.211,0.09,0.9
526658,"Will Bitcoin reach $100,000 again by March 31?",2025-03-14 15:00:00.000000 UTC,22,1687.0,0.226,0.1,0.87
526658,"Will Bitcoin reach $100,000 again by March 31?",2025-03-14 16:00:00.000000 UTC,4,910.0,0.315,0.13,0.87
526658,"Will Bitcoin reach $100,000 again by March 31?",2025-03-14 17:00:00.000000 UTC,6,151.0,0.755,0.13,0.88
526658,"Will Bitcoin reach $100,000 again by March 31?",2025-03-14 18:00:00.000000 UTC,9,127.0,0.88,0.88,0.88
526658,"Will Bitcoin reach $100,000 again by March 31?",2025-03-14 19:00:00.000000 UTC,26,2134.0,0.498,0.11,0.88
526658,"Will Bitcoin reach $100,000 again by March 31?",2025-03-14 20:00:00.000000 UTC,12,113.0,0.367,0.1,0.89
526658,"Will Bitcoin reach $100,000 again by March 31?",2025-03-14 22:00:00.000000 UTC,12,777.0,0.368,0.1,0.89
526658,"Will Bitcoin reach $100,000 again by March 31?",2025-03-14 23:00:00.000000 UTC,6,124.0,0.243,0.11,0.88
526658,"Will Bitcoin reach $100,000 again by March 31?",2025-03-15 00:00:00.000000 UTC,7,840.0,0.901,0.9,0.91
526658,"Will Bitcoin reach $100,000 again by March 31?",2025-03-15 01:00:00.000000 UTC,39,8457.0,0.899,0.89,0.91
526658,"Will Bitcoin reach $100,000 again by March 31?",2025-03-15 02:00:00.000000 UTC,1,1.0,0.1,0.1,0.1
526658,"Will Bitcoin reach $100,000 again by March 31?",2025-03-15 03:00:00.000000 UTC,1,71.0,0.89,0.89,0.89
526658,"Will Bitcoin reach $100,000 again by March 31?",2025-03-15 04:00:00.000000 UTC,3,820.0,0.363,0.1,0.89
526658,"Will Bitcoin reach $100,000 again by March 31?",2025-03-15 05:00:00.000000 UTC,13,2924.0,0.818,0.11,0.88
526658,"Will Bitcoin reach $100,000 again by March 31?",2025-03-15 06:00:00.000000 UTC,4,12.0,0.112,0.11,0.12
526658,"Will Bitcoin reach $100,000 again by March 31?",2025-03-15 07:00:00.000000 UTC,5,90.0,0.108,0.1,0.11
526658,"Will Bitcoin reach $100,000 again by March 31?",2025-03-15 08:00:00.000000 UTC,4,46.0,0.1,0.1,0.1
526658,"Will Bitcoin reach $100,000 again by March 31?",2025-03-15 09:00:00.000000 UTC,2,9.0,0.5,0.09,0.91
526658,"Will Bitcoin reach $100,000 again by March 31?",2025-03-15 10:00:00.000000 UTC,8,1890.0,0.302,0.1,0.9
526658,"Will Bitcoin reach $100,000 again by March 31?",2025-03-15 11:00:00.000000 UTC,5,752.0,0.726,0.1,0.89
526658,"Will Bitcoin reach $100,000 again by March 31?",2025-03-15 12:00:00.000000 UTC,3,12.0,0.107,0.1,0.12
526658,"Will Bitcoin reach $100,000 again by March 31?",2025-03-15 13:00:00.000000 UTC,8,986.0,0.212,0.11,0.88
526658,"Will Bitcoin reach $100,000 again by March 31?",2025-03-15 14:00:00.000000 UTC,11,317.0,0.181,0.11,0.88
526658,"Will Bitcoin reach $100,000 again by March 31?",2025-03-15 15:00:00.000000 UTC,66,14573.0,0.474,0.1,0.88
526658,"Will Bitcoin reach $100,000 again by March 31?",2025-03-15 16:00:00.000000 UTC,1,0.0,0.11,0.11,0.11
526658,"Will Bitcoin reach $100,000 again by March 31?",2025-03-15 17:00:00.000000 UTC,7,20.0,0.233,0.11,0.87
526658,"Will Bitcoin reach $100,000 again by March 31?",2025-03-15 18:00:00.000000 UTC,17,366.0,0.209,0.12,0.88
526658,"Will Bitcoin reach $100,000 again by March 31?",2025-03-15 19:00:00.000000 UTC,2,62.0,0.13,0.13,0.13
526658,"Will Bitcoin reach $100,000 again by March 31?",2025-03-15 20:00:00.000000 UTC,4,249.0,0.305,0.12,0.86
526658,"Will Bitcoin reach $100,000 again by March 31?",2025-03-15 21:00:00.000000 UTC,5,1171.0,0.87,0.87,0.87
526658,"Will Bitcoin reach $100,000 again by March 31?",2025-03-15 22:00:00.000000 UTC,6,66.0,0.12,0.12,0.12
526658,"Will Bitcoin reach $100,000 again by March 31?",2025-03-15 23:00:00.000000 UTC,9,3071.0,0.86,0.86,0.86
526658,"Will Bitcoin reach $100,000 again by March 31?",2025-03-16 00:00:00.000000 UTC,14,861.0,0.284,0.12,0.89
526658,"Will Bitcoin reach $100,000 again by March 31?",2025-03-16 02:00:00.000000 UTC,14,2353.0,0.606,0.12,0.89
526658,"Will Bitcoin reach $100,000 again by March 31?",2025-03-16 04:00:00.000000 UTC,2,99.0,0.89,0.89,0.89
526658,"Will Bitcoin reach $100,000 again by March 31?",2025-03-16 06:00:00.000000 UTC,2,9.0,0.505,0.12,0.89
526658,"Will Bitcoin reach $100,000 again by March 31?",2025-03-16 07:00:00.000000 UTC,4,152.0,0.698,0.12,0.89
526658,"Will Bitcoin reach $100,000 again by March 31?",2025-03-16 08:00:00.000000 UTC,1,4.0,0.89,0.89,0.89
526658,"Will Bitcoin reach $100,000 again by March 31?",2025-03-16 09:00:00.000000 UTC,128,9055.0,0.219,0.04,0.95
526658,"Will Bitcoin reach $100,000 again by March 31?",2025-03-16 10:00:00.000000 UTC,20,47.0,0.092,0.08,0.1
526658,"Will Bitcoin reach $100,000 again by March 31?",2025-03-16 11:00:00.000000 UTC,46,7770.0,0.38,0.09,0.91
526658,"Will Bitcoin reach $100,000 again by March 31?",2025-03-16 12:00:00.000000 UTC,9,391.0,0.18,0.08,0.91
526658,"Will Bitcoin reach $100,000 again by March 31?",2025-03-16 13:00:00.000000 UTC,11,221.0,0.089,0.08,0.1
526658,"Will Bitcoin reach $100,000 again by March 31?",2025-03-16 14:00:00.000000 UTC,8,360.0,0.198,0.09,0.91
526658,"Will Bitcoin reach $100,000 again by March 31?",2025-03-16 15:00:00.000000 UTC,7,31.0,0.099,0.09,0.1
526658,"Will Bitcoin reach $100,000 again by March 31?",2025-03-16 16:00:00.000000 UTC,51,3265.0,0.25,0.08,0.9
526658,"Will Bitcoin reach $100,000 again by March 31?",2025-03-16 17:00:00.000000 UTC,12,61.0,0.098,0.09,0.1
526658,"Will Bitcoin reach $100,000 again by March 31?",2025-03-16 18:00:00.000000 UTC,3,20.0,0.093,0.09,0.1
526658,"Will Bitcoin reach $100,000 again by March 31?",2025-03-16 19:00:00.000000 UTC,9,152.0,0.086,0.08,0.09
526658,"Will Bitcoin reach $100,000 again by March 31?",2025-03-16 20:00:00.000000 UTC,2,10.0,0.08,0.08,0.08
526658,"Will Bitcoin reach $100,000 again by March 31?",2025-03-16 21:00:00.000000 UTC,7,4.0,0.083,0.08,0.09
526658,"Will Bitcoin reach $100,000 again by March 31?",2025-03-16 22:00:00.000000 UTC,14,945.0,0.202,0.08,0.92
526658,"Will Bitcoin reach $100,000 again by March 31?",2025-03-16 23:00:00.000000 UTC,17,392.0,0.228,0.07,0.93
526658,"Will Bitcoin reach $100,000 again by March 31?",2025-03-17 00:00:00.000000 UTC,13,252.0,0.794,0.08,0.93
526658,"Will Bitcoin reach $100,000 again by March 31?",2025-03-17 01:00:00.000000 UTC,19,1468.0,0.701,0.09,0.93
526658,"Will Bitcoin reach $100,000 again by March 31?",2025-03-17 02:00:00.000000 UTC,4,17.0,0.703,0.08,0.91
526658,"Will Bitcoin reach $100,000 again by March 31?",2025-03-17 04:00:00.000000 UTC,34,7818.0,0.711,0.09,0.91
526658,"Will Bitcoin reach $100,000 again by March 31?",2025-03-17 05:00:00.000000 UTC,7,164.0,0.084,0.08,0.09
526658,"Will Bitcoin reach $100,000 again by March 31?",2025-03-17 06:00:00.000000 UTC,1,7.0,0.08,0.08,0.08
526658,"Will Bitcoin reach $100,000 again by March 31?",2025-03-17 07:00:00.000000 UTC,8,1218.0,0.501,0.08,0.93
526658,"Will Bitcoin reach $100,000 again by March 31?",2025-03-17 08:00:00.000000 UTC,1,3.0,0.08,0.08,0.08
526658,"Will Bitcoin reach $100,000 again by March 31?",2025-03-17 10:00:00.000000 UTC,5,9.0,0.088,0.08,0.09
526658,"Will Bitcoin reach $100,000 again by March 31?",2025-03-17 11:00:00.000000 UTC,1,0.0,0.08,0.08,0.08
526658,"Will Bitcoin reach $100,000 again by March 31?",2025-03-17 12:00:00.000000 UTC,20,349.0,0.082,0.08,0.09
526658,"Will Bitcoin reach $100,000 again by March 31?",2025-03-17 13:00:00.000000 UTC,3,44.0,0.08,0.08,0.08
526658,"Will Bitcoin reach $100,000 again by March 31?",2025-03-17 14:00:00.000000 UTC,10,544.0,0.332,0.07,0.93
526658,"Will Bitcoin reach $100,000 again by March 31?",2025-03-17 15:00:00.000000 UTC,1,38.0,0.07,0.07,0.07
526658,"Will Bitcoin reach $100,000 again by March 31?",2025-03-17 16:00:00.000000 UTC,6,47.0,0.22,0.08,0.92
526658,"Will Bitcoin reach $100,000 again by March 31?",2025-03-17 17:00:00.000000 UTC,6,1099.0,0.225,0.08,0.91
526658,"Will Bitcoin reach $100,000 again by March 31?",2025-03-17 18:00:00.000000 UTC,15,2763.0,0.367,0.09,0.9
526658,"Will Bitcoin reach $100,000 again by March 31?",2025-03-17 19:00:00.000000 UTC,6,308.0,0.093,0.09,0.1
526658,"Will Bitcoin reach $100,000 again by March 31?",2025-03-17 20:00:00.000000 UTC,16,103.0,0.09,0.09,0.09
526658,"Will Bitcoin reach $100,000 again by March 31?",2025-03-17 21:00:00.000000 UTC,15,1063.0,0.152,0.09,0.9
526658,"Will Bitcoin reach $100,000 again by March 31?",2025-03-17 22:00:00.000000 UTC,1,0.0,0.09,0.09,0.09
526658,"Will Bitcoin reach $100,000 again by March 31?",2025-03-17 23:00:00.000000 UTC,4,6.0,0.09,0.09,0.09
526658,"Will Bitcoin reach $100,000 again by March 31?",2025-03-18 00:00:00.000000 UTC,12,220.0,0.088,0.08,0.09
526658,"Will Bitcoin reach $100,000 again by March 31?",2025-03-18 01:00:00.000000 UTC,3,28.0,0.36,0.08,0.91
526658,"Will Bitcoin reach $100,000 again by March 31?",2025-03-18 04:00:00.000000 UTC,3,28.0,0.367,0.09,0.92
526658,"Will Bitcoin reach $100,000 again by March 31?",2025-03-18 05:00:00.000000 UTC,1,1.0,0.07,0.07,0.07
526658,"Will Bitcoin reach $100,000 again by March 31?",2025-03-18 06:00:00.000000 UTC,12,4481.0,0.5,0.06,0.94
526658,"Will Bitcoin reach $100,000 again by March 31?",2025-03-18 07:00:00.000000 UTC,1,4.0,0.07,0.07,0.07
526658,"Will Bitcoin reach $100,000 again by March 31?",2025-03-18 08:00:00.000000 UTC,1,8.0,0.07,0.07,0.07
526658,"Will Bitcoin reach $100,000 again by March 31?",2025-03-18 09:00:00.000000 UTC,1,1.0,0.92,0.92,0.92
526658,"Will Bitcoin reach $100,000 again by March 31?",2025-03-18 10:00:00.000000 UTC,5,62.0,0.414,0.07,0.94
526658,"Will Bitcoin reach $100,000 again by March 31?",2025-03-18 11:00:00.000000 UTC,7,672.0,0.186,0.05,0.94
526658,"Will Bitcoin reach $100,000 again by March 31?",2025-03-18 12:00:00.000000 UTC,4,49.0,0.055,0.05,0.06
526658,"Will Bitcoin reach $100,000 again by March 31?",2025-03-18 13:00:00.000000 UTC,12,1694.0,0.426,0.05,0.95
526658,"Will Bitcoin reach $100,000 again by March 31?",2025-03-18 14:00:00.000000 UTC,12,382.0,0.275,0.04,0.95
526658,"Will Bitcoin reach $100,000 again by March 31?",2025-03-18 15:00:00.000000 UTC,3,9.0,0.053,0.05,0.06
526658,"Will Bitcoin reach $100,000 again by March 31?",2025-03-18 16:00:00.000000 UTC,11,2443.0,0.698,0.05,0.94
526658,"Will Bitcoin reach $100,000 again by March 31?",2025-03-18 17:00:00.000000 UTC,2,2.0,0.95,0.95,0.95
526658,"Will Bitcoin reach $100,000 again by March 31?",2025-03-18 18:00:00.000000 UTC,4,41.0,0.948,0.94,0.95
526658,"Will Bitcoin reach $100,000 again by March 31?",2025-03-18 19:00:00.000000 UTC,1,1.0,0.95,0.95,0.95
526658,"Will Bitcoin reach $100,000 again by March 31?",2025-03-18 20:00:00.000000 UTC,7,531.0,0.95,0.95,0.95
526658,"Will Bitcoin reach $100,000 again by March 31?",2025-03-18 21:00:00.000000 UTC,5,421.0,0.41,0.05,0.95
526658,"Will Bitcoin reach $100,000 again by March 31?",2025-03-18 22:00:00.000000 UTC,22,13703.0,0.341,0.05,0.95
526658,"Will Bitcoin reach $100,000 again by March 31?",2025-03-18 23:00:00.000000 UTC,6,3806.0,0.8,0.05,0.95
526658,"Will Bitcoin reach $100,000 again by March 31?",2025-03-19 00:00:00.000000 UTC,17,2598.0,0.264,0.05,0.95
526658,"Will Bitcoin reach $100,000 again by March 31?",2025-03-19 01:00:00.000000 UTC,1,0.0,0.05,0.05,0.05
526658,"Will Bitcoin reach $100,000 again by March 31?",2025-03-19 02:00:00.000000 UTC,1,51.0,0.94,0.94,0.94
526658,"Will Bitcoin reach $100,000 again by March 31?",2025-03-19 03:00:00.000000 UTC,3,73.0,0.347,0.05,0.94
526658,"Will Bitcoin reach $100,000 again by March 31?",2025-03-19 04:00:00.000000 UTC,2,130.0,0.945,0.94,0.95
526658,"Will Bitcoin reach $100,000 again by March 31?",2025-03-19 05:00:00.000000 UTC,1,1.0,0.95,0.95,0.95
526658,"Will Bitcoin reach $100,000 again by March 31?",2025-03-19 06:00:00.000000 UTC,4,243.0,0.72,0.05,0.95
526658,"Will Bitcoin reach $100,000 again by March 31?",2025-03-19 07:00:00.000000 UTC,2,3.0,0.05,0.05,0.05
526658,"Will Bitcoin reach $100,000 again by March 31?",2025-03-19 08:00:00.000000 UTC,17,3854.0,0.525,0.05,0.94
526658,"Will Bitcoin reach $100,000 again by March 31?",2025-03-19 09:00:00.000000 UTC,2,6.0,0.06,0.05,0.07
526658,"Will Bitcoin reach $100,000 again by March 31?",2025-03-19 10:00:00.000000 UTC,16,888.0,0.444,0.05,0.94
526658,"Will Bitcoin reach $100,000 again by March 31?",2025-03-19 11:00:00.000000 UTC,26,5077.0,0.43,0.06,0.93
526658,"Will Bitcoin reach $100,000 again by March 31?",2025-03-19 12:00:00.000000 UTC,1,77.0,0.94,0.94,0.94
526658,"Will Bitcoin reach $100,000 again by March 31?",2025-03-19 13:00:00.000000 UTC,2,20.0,0.93,0.92,0.94
526658,"Will Bitcoin reach $100,000 again by March 31?",2025-03-19 14:00:00.000000 UTC,5,37.0,0.41,0.07,0.92
526658,"Will Bitcoin reach $100,000 again by March 31?",2025-03-19 15:00:00.000000 UTC,14,2364.0,0.313,0.07,0.92
526658,"Will Bitcoin reach $100,000 again by March 31?",2025-03-19 16:00:00.000000 UTC,7,529.0,0.799,0.07,0.92
526658,"Will Bitcoin reach $100,000 again by March 31?",2025-03-19 17:00:00.000000 UTC,5,957.0,0.92,0.92,0.92
526658,"Will Bitcoin reach $100,000 again by March 31?",2025-03-19 18:00:00.000000 UTC,55,6599.0,0.374,0.07,0.92
526658,"Will Bitcoin reach $100,000 again by March 31?",2025-03-19 19:00:00.000000 UTC,28,2646.0,0.328,0.08,0.91
526658,"Will Bitcoin reach $100,000 again by March 31?",2025-03-19 20:00:00.000000 UTC,40,3585.0,0.26,0.09,0.91
526658,"Will Bitcoin reach $100,000 again by March 31?",2025-03-19 21:00:00.000000 UTC,31,3162.0,0.54,0.09,0.9
526658,"Will Bitcoin reach $100,000 again by March 31?",2025-03-19 22:00:00.000000 UTC,46,12254.0,0.464,0.1,0.89
526658,"Will Bitcoin reach $100,000 again by March 31?",2025-03-19 23:00:00.000000 UTC,40,2148.0,0.161,0.12,0.88
526658,"Will Bitcoin reach $100,000 again by March 31?",2025-03-20 00:00:00.000000 UTC,30,2072.0,0.447,0.11,0.86
526658,"Will Bitcoin reach $100,000 again by March 31?",2025-03-20 01:00:00.000000 UTC,6,257.0,0.113,0.1,0.12
526658,"Will Bitcoin reach $100,000 again by March 31?",2025-03-20 02:00:00.000000 UTC,17,2460.0,0.341,0.1,0.89
526658,"Will Bitcoin reach $100,000 again by March 31?",2025-03-20 03:00:00.000000 UTC,44,3756.0,0.273,0.11,0.88
526658,"Will Bitcoin reach $100,000 again by March 31?",2025-03-20 04:00:00.000000 UTC,8,222.0,0.1,0.1,0.1
526658,"Will Bitcoin reach $100,000 again by March 31?",2025-03-20 05:00:00.000000 UTC,13,8924.0,0.652,0.09,0.9
526658,"Will Bitcoin reach $100,000 again by March 31?",2025-03-20 06:00:00.000000 UTC,48,5508.0,0.281,0.09,0.9
526658,"Will Bitcoin reach $100,000 again by March 31?",2025-03-20 07:00:00.000000 UTC,12,2810.0,0.232,0.09,0.92
526658,"Will Bitcoin reach $100,000 again by March 31?",2025-03-20 08:00:00.000000 UTC,18,1716.0,0.501,0.09,0.92
526658,"Will Bitcoin reach $100,000 again by March 31?",2025-03-20 09:00:00.000000 UTC,15,209.0,0.102,0.09,0.11
526658,"Will Bitcoin reach $100,000 again by March 31?",2025-03-20 10:00:00.000000 UTC,19,1083.0,0.253,0.07,0.93
526658,"Will Bitcoin reach $100,000 again by March 31?",2025-03-20 11:00:00.000000 UTC,2,101.0,0.075,0.07,0.08
526658,"Will Bitcoin reach $100,000 again by March 31?",2025-03-20 13:00:00.000000 UTC,10,478.0,0.248,0.08,0.92
526658,"Will Bitcoin reach $100,000 again by March 31?",2025-03-20 14:00:00.000000 UTC,23,2522.0,0.235,0.08,0.91
526658,"Will Bitcoin reach $100,000 again by March 31?",2025-03-20 15:00:00.000000 UTC,45,5337.0,0.286,0.07,0.94
526658,"Will Bitcoin reach $100,000 again by March 31?",2025-03-20 16:00:00.000000 UTC,19,1542.0,0.153,0.05,0.95
526658,"Will Bitcoin reach $100,000 again by March 31?",2025-03-20 17:00:00.000000 UTC,33,3395.0,0.459,0.04,0.96
526658,"Will Bitcoin reach $100,000 again by March 31?",2025-03-20 18:00:00.000000 UTC,4,80.0,0.942,0.94,0.95
526658,"Will Bitcoin reach $100,000 again by March 31?",2025-03-20 19:00:00.000000 UTC,15,546.0,0.231,0.05,0.94
526658,"Will Bitcoin reach $100,000 again by March 31?",2025-03-20 21:00:00.000000 UTC,2,7.0,0.055,0.05,0.06
526658,"Will Bitcoin reach $100,000 again by March 31?",2025-03-20 22:00:00.000000 UTC,4,17.0,0.055,0.05,0.06
526658,"Will Bitcoin reach $100,000 again by March 31?",2025-03-20 23:00:00.000000 UTC,3,163.0,0.35,0.05,0.95
526658,"Will Bitcoin reach $100,000 again by March 31?",2025-03-21 00:00:00.000000 UTC,1,10.0,0.06,0.06,0.06
526658,"Will Bitcoin reach $100,000 again by March 31?",2025-03-21 01:00:00.000000 UTC,1,6.0,0.06,0.06,0.06
526658,"Will Bitcoin reach $100,000 again by March 31?",2025-03-21 02:00:00.000000 UTC,1,0.0,0.05,0.05,0.05
526658,"Will Bitcoin reach $100,000 again by March 31?",2025-03-21 04:00:00.000000 UTC,4,429.0,0.5,0.05,0.95
526658,"Will Bitcoin reach $100,000 again by March 31?",2025-03-21 05:00:00.000000 UTC,2,951.0,0.95,0.95,0.95
526658,"Will Bitcoin reach $100,000 again by March 31?",2025-03-21 06:00:00.000000 UTC,4,627.0,0.952,0.95,0.96
526658,"Will Bitcoin reach $100,000 again by March 31?",2025-03-21 07:00:00.000000 UTC,5,1339.0,0.77,0.04,0.96
526658,"Will Bitcoin reach $100,000 again by March 31?",2025-03-21 08:00:00.000000 UTC,54,16100.0,0.33,0.03,0.97
526658,"Will Bitcoin reach $100,000 again by March 31?",2025-03-21 09:00:00.000000 UTC,40,6496.0,0.242,0.02,0.97
526658,"Will Bitcoin reach $100,000 again by March 31?",2025-03-21 10:00:00.000000 UTC,16,148.0,0.097,0.037,0.963
526658,"Will Bitcoin reach $100,000 again by March 31?",2025-03-21 11:00:00.000000 UTC,7,727.0,0.303,0.032,0.969
526658,"Will Bitcoin reach $100,000 again by March 31?",2025-03-21 12:00:00.000000 UTC,32,542.0,0.297,0.031,0.969
526658,"Will Bitcoin reach $100,000 again by March 31?",2025-03-21 13:00:00.000000 UTC,9,44.0,0.344,0.032,0.966
526658,"Will Bitcoin reach $100,000 again by March 31?",2025-03-21 14:00:00.000000 UTC,12,65.0,0.189,0.031,0.967
526658,"Will Bitcoin reach $100,000 again by March 31?",2025-03-21 15:00:00.000000 UTC,10,886.0,0.5,0.036,0.967
526658,"Will Bitcoin reach $100,000 again by March 31?",2025-03-21 16:00:00.000000 UTC,18,4663.0,0.652,0.032,0.968
526658,"Will Bitcoin reach $100,000 again by March 31?",2025-03-21 17:00:00.000000 UTC,27,9787.0,0.209,0.032,0.967
526658,"Will Bitcoin reach $100,000 again by March 31?",2025-03-21 18:00:00.000000 UTC,50,11408.0,0.425,0.031,0.97
526658,"Will Bitcoin reach $100,000 again by March 31?",2025-03-21 19:00:00.000000 UTC,4,15.0,0.039,0.035,0.04
526658,"Will Bitcoin reach $100,000 again by March 31?",2025-03-21 20:00:00.000000 UTC,11,967.0,0.457,0.031,0.968
526658,"Will Bitcoin reach $100,000 again by March 31?",2025-03-21 21:00:00.000000 UTC,9,2729.0,0.55,0.031,0.97
526658,"Will Bitcoin reach $100,000 again by March 31?",2025-03-21 22:00:00.000000 UTC,4,56.0,0.267,0.031,0.968
526658,"Will Bitcoin reach $100,000 again by March 31?",2025-03-22 00:00:00.000000 UTC,5,23.0,0.032,0.031,0.032
526658,"Will Bitcoin reach $100,000 again by March 31?",2025-03-22 01:00:00.000000 UTC,9,188.0,0.136,0.031,0.967
526658,"Will Bitcoin reach $100,000 again by March 31?",2025-03-22 02:00:00.000000 UTC,243,1553.0,0.036,0.031,0.967
526658,"Will Bitcoin reach $100,000 again by March 31?",2025-03-22 03:00:00.000000 UTC,185,1528.0,0.032,0.032,0.032
526658,"Will Bitcoin reach $100,000 again by March 31?",2025-03-22 04:00:00.000000 UTC,229,391.0,0.036,0.031,0.967
526658,"Will Bitcoin reach $100,000 again by March 31?",2025-03-22 05:00:00.000000 UTC,22,91.0,0.245,0.032,0.968
526658,"Will Bitcoin reach $100,000 again by March 31?",2025-03-22 06:00:00.000000 UTC,2,343.0,0.967,0.967,0.967
526658,"Will Bitcoin reach $100,000 again by March 31?",2025-03-22 07:00:00.000000 UTC,6,361.0,0.5,0.031,0.968
526658,"Will Bitcoin reach $100,000 again by March 31?",2025-03-22 08:00:00.000000 UTC,13,1138.0,0.68,0.031,0.968
526658,"Will Bitcoin reach $100,000 again by March 31?",2025-03-22 09:00:00.000000 UTC,14,2197.0,0.233,0.031,0.97
526658,"Will Bitcoin reach $100,000 again by March 31?",2025-03-22 10:00:00.000000 UTC,14,181.0,0.501,0.033,0.97
526658,"Will Bitcoin reach $100,000 again by March 31?",2025-03-22 11:00:00.000000 UTC,228,366.0,0.032,0.032,0.033
526658,"Will Bitcoin reach $100,000 again by March 31?",2025-03-22 12:00:00.000000 UTC,7,9345.0,0.568,0.031,0.97
526658,"Will Bitcoin reach $100,000 again by March 31?",2025-03-22 13:00:00.000000 UTC,7,179.0,0.835,0.031,0.97
526658,"Will Bitcoin reach $100,000 again by March 31?",2025-03-22 14:00:00.000000 UTC,14,309.0,0.634,0.031,0.97
526658,"Will Bitcoin reach $100,000 again by March 31?",2025-03-22 15:00:00.000000 UTC,7,1790.0,0.567,0.031,0.97
526658,"Will Bitcoin reach $100,000 again by March 31?",2025-03-22 16:00:00.000000 UTC,58,2680.0,0.187,0.019,0.98
526658,"Will Bitcoin reach $100,000 again by March 31?",2025-03-22 17:00:00.000000 UTC,32,68.0,0.083,0.02,0.976
526658,"Will Bitcoin reach $100,000 again by March 31?",2025-03-22 18:00:00.000000 UTC,22,359.0,0.413,0.018,0.98
526658,"Will Bitcoin reach $100,000 again by March 31?",2025-03-22 19:00:00.000000 UTC,18,177.0,0.447,0.019,0.979
526658,"Will Bitcoin reach $100,000 again by March 31?",2025-03-22 20:00:00.000000 UTC,12,70.0,0.261,0.021,0.979
526658,"Will Bitcoin reach $100,000 again by March 31?",2025-03-22 21:00:00.000000 UTC,10,61.0,0.403,0.02,0.977
526658,"Will Bitcoin reach $100,000 again by March 31?",2025-03-22 22:00:00.000000 UTC,4,15.0,0.021,0.02,0.023
526658,"Will Bitcoin reach $100,000 again by March 31?",2025-03-22 23:00:00.000000 UTC,20,176.0,0.404,0.022,0.978
526658,"Will Bitcoin reach $100,000 again by March 31?",2025-03-23 00:00:00.000000 UTC,3,4178.0,0.976,0.976,0.976
526658,"Will Bitcoin reach $100,000 again by March 31?",2025-03-23 01:00:00.000000 UTC,1,40.0,0.98,0.98,0.98
526658,"Will Bitcoin reach $100,000 again by March 31?",2025-03-23 02:00:00.000000 UTC,24,1187.0,0.539,0.02,0.977
526658,"Will Bitcoin reach $100,000 again by March 31?",2025-03-23 03:00:00.000000 UTC,23,232.0,0.562,0.024,0.976
526658,"Will Bitcoin reach $100,000 again by March 31?",2025-03-23 04:00:00.000000 UTC,1,0.0,0.025,0.025,0.025
526658,"Will Bitcoin reach $100,000 again by March 31?",2025-03-23 05:00:00.000000 UTC,6,24.0,0.183,0.023,0.975
526658,"Will Bitcoin reach $100,000 again by March 31?",2025-03-23 06:00:00.000000 UTC,20,601.0,0.12,0.023,0.974
526658,"Will Bitcoin reach $100,000 again by March 31?",2025-03-23 07:00:00.000000 UTC,1,1.0,0.024,0.024,0.024
526658,"Will Bitcoin reach $100,000 again by March 31?",2025-03-23 08:00:00.000000 UTC,5,686.0,0.783,0.028,0.973
526658,"Will Bitcoin reach $100,000 again by March 31?",2025-03-23 09:00:00.000000 UTC,5,51.0,0.783,0.024,0.973
526658,"Will Bitcoin reach $100,000 again by March 31?",2025-03-23 10:00:00.000000 UTC,2,195.0,0.498,0.024,0.972
526658,"Will Bitcoin reach $100,000 again by March 31?",2025-03-23 11:00:00.000000 UTC,11,2063.0,0.457,0.025,0.975
526658,"Will Bitcoin reach $100,000 again by March 31?",2025-03-23 12:00:00.000000 UTC,66,18604.0,0.685,0.032,0.973
526658,"Will Bitcoin reach $100,000 again by March 31?",2025-03-23 13:00:00.000000 UTC,39,4196.0,0.441,0.037,0.958
526658,"Will Bitcoin reach $100,000 again by March 31?",2025-03-23 14:00:00.000000 UTC,6,47.0,0.348,0.043,0.956
526658,"Will Bitcoin reach $100,000 again by March 31?",2025-03-23 15:00:00.000000 UTC,8,180.0,0.385,0.041,0.959
526658,"Will Bitcoin reach $100,000 again by March 31?",2025-03-23 16:00:00.000000 UTC,11,55.0,0.376,0.042,0.959
526658,"Will Bitcoin reach $100,000 again by March 31?",2025-03-23 17:00:00.000000 UTC,9,1318.0,0.347,0.04,0.959
526658,"Will Bitcoin reach $100,000 again by March 31?",2025-03-23 18:00:00.000000 UTC,2,7.0,0.499,0.038,0.961
526658,"Will Bitcoin reach $100,000 again by March 31?",2025-03-23 19:00:00.000000 UTC,12,117.0,0.036,0.034,0.038
526658,"Will Bitcoin reach $100,000 again by March 31?",2025-03-23 20:00:00.000000 UTC,2,5.0,0.036,0.034,0.038
526658,"Will Bitcoin reach $100,000 again by March 31?",2025-03-23 21:00:00.000000 UTC,8,56.0,0.5,0.033,0.966
526658,"Will Bitcoin reach $100,000 again by March 31?",2025-03-23 22:00:00.000000 UTC,19,720.0,0.329,0.033,0.966
526658,"Will Bitcoin reach $100,000 again by March 31?",2025-03-23 23:00:00.000000 UTC,8,3548.0,0.615,0.039,0.96
526658,"Will Bitcoin reach $100,000 again by March 31?",2025-03-24 00:00:00.000000 UTC,30,4199.0,0.317,0.04,0.959
526658,"Will Bitcoin reach $100,000 again by March 31?",2025-03-24 01:00:00.000000 UTC,50,392.0,0.062,0.038,0.962
526658,"Will Bitcoin reach $100,000 again by March 31?",2025-03-24 02:00:00.000000 UTC,16,114.0,0.211,0.035,0.963
526658,"Will Bitcoin reach $100,000 again by March 31?",2025-03-24 03:00:00.000000 UTC,26,18211.0,0.5,0.039,0.96
526658,"Will Bitcoin reach $100,000 again by March 31?",2025-03-24 04:00:00.000000 UTC,17,3068.0,0.315,0.043,0.945
526658,"Will Bitcoin reach $100,000 again by March 31?",2025-03-24 05:00:00.000000 UTC,30,293.0,0.353,0.057,0.942
526658,"Will Bitcoin reach $100,000 again by March 31?",2025-03-24 06:00:00.000000 UTC,34,2847.0,0.551,0.051,0.947
526658,"Will Bitcoin reach $100,000 again by March 31?",2025-03-24 07:00:00.000000 UTC,6,96.0,0.649,0.05,0.949
526658,"Will Bitcoin reach $100,000 again by March 31?",2025-03-24 08:00:00.000000 UTC,20,794.0,0.635,0.051,0.947
526658,"Will Bitcoin reach $100,000 again by March 31?",2025-03-24 09:00:00.000000 UTC,29,1380.0,0.668,0.058,0.941
526658,"Will Bitcoin reach $100,000 again by March 31?",2025-03-24 10:00:00.000000 UTC,28,2233.0,0.437,0.057,0.942
526658,"Will Bitcoin reach $100,000 again by March 31?",2025-03-24 11:00:00.000000 UTC,10,380.0,0.411,0.062,0.936
526658,"Will Bitcoin reach $100,000 again by March 31?",2025-03-24 12:00:00.000000 UTC,13,89.0,0.263,0.054,0.944
526658,"Will Bitcoin reach $100,000 again by March 31?",2025-03-24 13:00:00.000000 UTC,31,3320.0,0.397,0.046,0.947
526658,"Will Bitcoin reach $100,000 again by March 31?",2025-03-24 14:00:00.000000 UTC,65,2948.0,0.154,0.062,0.935
526658,"Will Bitcoin reach $100,000 again by March 31?",2025-03-24 15:00:00.000000 UTC,22,693.0,0.382,0.064,0.933
526658,"Will Bitcoin reach $100,000 again by March 31?",2025-03-24 16:00:00.000000 UTC,23,1920.0,0.444,0.064,0.931
526658,"Will Bitcoin reach $100,000 again by March 31?",2025-03-24 17:00:00.000000 UTC,26,1276.0,0.368,0.067,0.937
526658,"Will Bitcoin reach $100,000 again by March 31?",2025-03-24 18:00:00.000000 UTC,29,3906.0,0.483,0.06,0.937
526658,"Will Bitcoin reach $100,000 again by March 31?",2025-03-24 19:00:00.000000 UTC,41,1741.0,0.576,0.063,0.939
526658,"Will Bitcoin reach $100,000 again by March 31?",2025-03-24 20:00:00.000000 UTC,42,846.0,0.349,0.041,0.942
526658,"Will Bitcoin reach $100,000 again by March 31?",2025-03-24 21:00:00.000000 UTC,50,9190.0,0.607,0.049,0.954
526658,"Will Bitcoin reach $100,000 again by March 31?",2025-03-24 22:00:00.000000 UTC,18,214.0,0.258,0.047,0.951
526658,"Will Bitcoin reach $100,000 again by March 31?",2025-03-24 23:00:00.000000 UTC,15,315.0,0.53,0.044,0.957
526658,"Will Bitcoin reach $100,000 again by March 31?",2025-03-25 00:00:00.000000 UTC,45,674.0,0.771,0.046,0.956
526658,"Will Bitcoin reach $100,000 again by March 31?",2025-03-25 01:00:00.000000 UTC,23,253.0,0.52,0.044,0.957
526658,"Will Bitcoin reach $100,000 again by March 31?",2025-03-25 02:00:00.000000 UTC,55,4290.0,0.739,0.044,0.958
526658,"Will Bitcoin reach $100,000 again by March 31?",2025-03-25 03:00:00.000000 UTC,72,2289.0,0.575,0.031,0.968
526658,"Will Bitcoin reach $100,000 again by March 31?",2025-03-25 04:00:00.000000 UTC,16,142.0,0.266,0.031,0.968
526658,"Will Bitcoin reach $100,000 again by March 31?",2025-03-25 05:00:00.000000 UTC,29,1427.0,0.355,0.033,0.965
526658,"Will Bitcoin reach $100,000 again by March 31?",2025-03-25 06:00:00.000000 UTC,19,758.0,0.573,0.033,0.968
526658,"Will Bitcoin reach $100,000 again by March 31?",2025-03-25 07:00:00.000000 UTC,32,446.0,0.617,0.03,0.97
526658,"Will Bitcoin reach $100,000 again by March 31?",2025-03-25 08:00:00.000000 UTC,22,504.0,0.883,0.03,0.968
526658,"Will Bitcoin reach $100,000 again by March 31?",2025-03-25 09:00:00.000000 UTC,35,8851.0,0.699,0.03,0.969
526658,"Will Bitcoin reach $100,000 again by March 31?",2025-03-25 10:00:00.000000 UTC,47,1533.0,0.786,0.03,0.965
526658,"Will Bitcoin reach $100,000 again by March 31?",2025-03-25 11:00:00.000000 UTC,31,3058.0,0.814,0.035,0.967
526658,"Will Bitcoin reach $100,000 again by March 31?",2025-03-25 12:00:00.000000 UTC,40,1187.0,0.382,0.032,0.969
526658,"Will Bitcoin reach $100,000 again by March 31?",2025-03-25 13:00:00.000000 UTC,119,12685.0,0.526,0.033,0.968
526658,"Will Bitcoin reach $100,000 again by March 31?",2025-03-25 14:00:00.000000 UTC,76,4913.0,0.633,0.046,0.962
526658,"Will Bitcoin reach $100,000 again by March 31?",2025-03-25 15:00:00.000000 UTC,24,1611.0,0.198,0.04,0.96
526658,"Will Bitcoin reach $100,000 again by March 31?",2025-03-25 16:00:00.000000 UTC,32,260.0,0.328,0.039,0.96
526658,"Will Bitcoin reach $100,000 again by March 31?",2025-03-25 17:00:00.000000 UTC,17,1082.0,0.203,0.041,0.956
526658,"Will Bitcoin reach $100,000 again by March 31?",2025-03-25 18:00:00.000000 UTC,25,83.0,0.262,0.038,0.959
526658,"Will Bitcoin reach $100,000 again by March 31?",2025-03-25 19:00:00.000000 UTC,19,8006.0,0.33,0.034,0.962
526658,"Will Bitcoin reach $100,000 again by March 31?",2025-03-25 20:00:00.000000 UTC,26,72.0,0.184,0.043,0.956
526658,"Will Bitcoin reach $100,000 again by March 31?",2025-03-25 21:00:00.000000 UTC,6,2800.0,0.805,0.044,0.958
526658,"Will Bitcoin reach $100,000 again by March 31?",2025-03-25 22:00:00.000000 UTC,39,861.0,0.488,0.034,0.968
526658,"Will Bitcoin reach $100,000 again by March 31?",2025-03-25 23:00:00.000000 UTC,13,154.0,0.895,0.033,0.967
526658,"Will Bitcoin reach $100,000 again by March 31?",2025-03-26 00:00:00.000000 UTC,19,5262.0,0.574,0.033,0.967
526658,"Will Bitcoin reach $100,000 again by March 31?",2025-03-26 01:00:00.000000 UTC,18,1276.0,0.447,0.03,0.97
526658,"Will Bitcoin reach $100,000 again by March 31?",2025-03-26 02:00:00.000000 UTC,2,35.0,0.97,0.97,0.97
526658,"Will Bitcoin reach $100,000 again by March 31?",2025-03-26 03:00:00.000000 UTC,9,590.0,0.446,0.026,0.971
526658,"Will Bitcoin reach $100,000 again by March 31?",2025-03-26 04:00:00.000000 UTC,7,123.0,0.837,0.026,0.973
526658,"Will Bitcoin reach $100,000 again by March 31?",2025-03-26 05:00:00.000000 UTC,8,660.0,0.735,0.026,0.971
526658,"Will Bitcoin reach $100,000 again by March 31?",2025-03-26 06:00:00.000000 UTC,16,4987.0,0.857,0.022,0.979
526658,"Will Bitcoin reach $100,000 again by March 31?",2025-03-26 07:00:00.000000 UTC,18,7660.0,0.501,0.03,0.977
526658,"Will Bitcoin reach $100,000 again by March 31?",2025-03-26 08:00:00.000000 UTC,21,53.0,0.078,0.031,0.967
526658,"Will Bitcoin reach $100,000 again by March 31?",2025-03-26 09:00:00.000000 UTC,12,2409.0,0.498,0.031,0.966
526658,"Will Bitcoin reach $100,000 again by March 31?",2025-03-26 10:00:00.000000 UTC,84,7156.0,0.414,0.037,0.962
526658,"Will Bitcoin reach $100,000 again by March 31?",2025-03-26 11:00:00.000000 UTC,18,1688.0,0.55,0.049,0.949
526658,"Will Bitcoin reach $100,000 again by March 31?",2025-03-26 12:00:00.000000 UTC,15,567.0,0.531,0.044,0.959
526658,"Will Bitcoin reach $100,000 again by March 31?",2025-03-26 13:00:00.000000 UTC,12,119.0,0.422,0.036,0.964
526658,"Will Bitcoin reach $100,000 again by March 31?",2025-03-26 14:00:00.000000 UTC,34,2277.0,0.5,0.028,0.973
526658,"Will Bitcoin reach $100,000 again by March 31?",2025-03-26 15:00:00.000000 UTC,51,6508.0,0.62,0.014,0.986
526658,"Will Bitcoin reach $100,000 again by March 31?",2025-03-26 16:00:00.000000 UTC,30,692.0,0.436,0.016,0.985
526658,"Will Bitcoin reach $100,000 again by March 31?",2025-03-26 17:00:00.000000 UTC,9,558.0,0.446,0.018,0.981
526658,"Will Bitcoin reach $100,000 again by March 31?",2025-03-26 18:00:00.000000 UTC,31,7474.0,0.391,0.014,0.985
526658,"Will Bitcoin reach $100,000 again by March 31?",2025-03-26 19:00:00.000000 UTC,22,6657.0,0.632,0.014,0.985
526658,"Will Bitcoin reach $100,000 again by March 31?",2025-03-26 20:00:00.000000 UTC,53,17476.0,0.672,0.016,0.984
526658,"Will Bitcoin reach $100,000 again by March 31?",2025-03-26 21:00:00.000000 UTC,21,3187.0,0.339,0.014,0.986
526658,"Will Bitcoin reach $100,000 again by March 31?",2025-03-26 22:00:00.000000 UTC,8,1214.0,0.135,0.011,0.988
526658,"Will Bitcoin reach $100,000 again by March 31?",2025-03-26 23:00:00.000000 UTC,8,1655.0,0.256,0.01,0.99
526658,"Will Bitcoin reach $100,000 again by March 31?",2025-03-27 00:00:00.000000 UTC,11,8421.0,0.632,0.013,0.986
526658,"Will Bitcoin reach $100,000 again by March 31?",2025-03-27 01:00:00.000000 UTC,14,234.0,0.43,0.012,0.986
526658,"Will Bitcoin reach $100,000 again by March 31?",2025-03-27 02:00:00.000000 UTC,44,2004.0,0.324,0.014,0.985
526658,"Will Bitcoin reach $100,000 again by March 31?",2025-03-27 03:00:00.000000 UTC,36,3166.0,0.392,0.016,0.983
526658,"Will Bitcoin reach $100,000 again by March 31?",2025-03-27 04:00:00.000000 UTC,3,0.0,0.016,0.016,0.016
526658,"Will Bitcoin reach $100,000 again by March 31?",2025-03-27 05:00:00.000000 UTC,6,21.0,0.498,0.015,0.981
526658,"Will Bitcoin reach $100,000 again by March 31?",2025-03-27 06:00:00.000000 UTC,18,9664.0,0.446,0.013,0.986
526658,"Will Bitcoin reach $100,000 again by March 31?",2025-03-27 07:00:00.000000 UTC,4,9.0,0.015,0.014,0.016
526658,"Will Bitcoin reach $100,000 again by March 31?",2025-03-27 08:00:00.000000 UTC,50,9525.0,0.29,0.014,0.983
526658,"Will Bitcoin reach $100,000 again by March 31?",2025-03-27 09:00:00.000000 UTC,2,1.0,0.018,0.018,0.018
526658,"Will Bitcoin reach $100,000 again by March 31?",2025-03-27 10:00:00.000000 UTC,2,33.0,0.5,0.021,0.979
526658,"Will Bitcoin reach $100,000 again by March 31?",2025-03-27 11:00:00.000000 UTC,15,3288.0,0.338,0.011,0.988
526658,"Will Bitcoin reach $100,000 again by March 31?",2025-03-27 12:00:00.000000 UTC,3,5.0,0.011,0.01,0.012
526658,"Will Bitcoin reach $100,000 again by March 31?",2025-03-27 13:00:00.000000 UTC,8,407.0,0.254,0.009,0.988
526658,"Will Bitcoin reach $100,000 again by March 31?",2025-03-27 14:00:00.000000 UTC,5,36.0,0.205,0.009,0.989
526658,"Will Bitcoin reach $100,000 again by March 31?",2025-03-27 15:00:00.000000 UTC,5,425.0,0.598,0.009,0.991
526658,"Will Bitcoin reach $100,000 again by March 31?",2025-03-27 16:00:00.000000 UTC,21,1525.0,0.895,0.012,0.99
526658,"Will Bitcoin reach $100,000 again by March 31?",2025-03-27 17:00:00.000000 UTC,43,1797.0,0.33,0.011,0.99
526658,"Will Bitcoin reach $100,000 again by March 31?",2025-03-27 18:00:00.000000 UTC,10,2134.0,0.989,0.988,0.99
526658,"Will Bitcoin reach $100,000 again by March 31?",2025-03-27 19:00:00.000000 UTC,2,147.0,0.99,0.99,0.99
526658,"Will Bitcoin reach $100,000 again by March 31?",2025-03-27 20:00:00.000000 UTC,4,259.0,0.745,0.01,0.99
526658,"Will Bitcoin reach $100,000 again by March 31?",2025-03-27 21:00:00.000000 UTC,9,1994.0,0.227,0.009,0.99
526658,"Will Bitcoin reach $100,000 again by March 31?",2025-03-27 22:00:00.000000 UTC,14,3540.0,0.64,0.008,0.991
526658,"Will Bitcoin reach $100,000 again by March 31?",2025-03-28 00:00:00.000000 UTC,4,8.0,0.008,0.007,0.008
526658,"Will Bitcoin reach $100,000 again by March 31?",2025-03-28 01:00:00.000000 UTC,3,151.0,0.336,0.007,0.993
526658,"Will Bitcoin reach $100,000 again by March 31?",2025-03-28 02:00:00.000000 UTC,16,134.0,0.438,0.005,0.993
526658,"Will Bitcoin reach $100,000 again by March 31?",2025-03-28 03:00:00.000000 UTC,9,2335.0,0.555,0.005,0.995
526658,"Will Bitcoin reach $100,000 again by March 31?",2025-03-28 04:00:00.000000 UTC,10,253.0,0.401,0.003,0.996
526658,"Will Bitcoin reach $100,000 again by March 31?",2025-03-28 05:00:00.000000 UTC,5,202.0,0.402,0.006,0.993
526658,"Will Bitcoin reach $100,000 again by March 31?",2025-03-28 06:00:00.000000 UTC,5,0.0,0.006,0.006,0.006
526658,"Will Bitcoin reach $100,000 again by March 31?",2025-03-28 07:00:00.000000 UTC,45,4152.0,0.511,0.007,0.993
526658,"Will Bitcoin reach $100,000 again by March 31?",2025-03-28 08:00:00.000000 UTC,26,559.0,0.461,0.004,0.994
526658,"Will Bitcoin reach $100,000 again by March 31?",2025-03-28 09:00:00.000000 UTC,13,36.0,0.232,0.004,0.992
526658,"Will Bitcoin reach $100,000 again by March 31?",2025-03-28 10:00:00.000000 UTC,17,2.0,0.004,0.004,0.006
526658,"Will Bitcoin reach $100,000 again by March 31?",2025-03-28 11:00:00.000000 UTC,17,6.0,0.063,0.004,0.995
526658,"Will Bitcoin reach $100,000 again by March 31?",2025-03-28 12:00:00.000000 UTC,8,0.0,0.004,0.004,0.004
526658,"Will Bitcoin reach $100,000 again by March 31?",2025-03-28 13:00:00.000000 UTC,34,2475.0,0.471,0.004,0.996
526658,"Will Bitcoin reach $100,000 again by March 31?",2025-03-28 14:00:00.000000 UTC,25,3769.0,0.52,0.003,0.996
526658,"Will Bitcoin reach $100,000 again by March 31?",2025-03-28 15:00:00.000000 UTC,43,3738.0,0.396,0.003,0.996
526658,"Will Bitcoin reach $100,000 again by March 31?",2025-03-28 16:00:00.000000 UTC,19,2131.0,0.369,0.002,0.998
526658,"Will Bitcoin reach $100,000 again by March 31?",2025-03-28 17:00:00.000000 UTC,2,90.0,0.5,0.006,0.994
526658,"Will Bitcoin reach $100,000 again by March 31?",2025-03-28 18:00:00.000000 UTC,29,1257.0,0.039,0.004,0.994
526658,"Will Bitcoin reach $100,000 again by March 31?",2025-03-28 19:00:00.000000 UTC,25,1.0,0.004,0.004,0.004
526658,"Will Bitcoin reach $100,000 again by March 31?",2025-03-28 20:00:00.000000 UTC,12,5218.0,0.582,0.003,0.997
526658,"Will Bitcoin reach $100,000 again by March 31?",2025-03-28 21:00:00.000000 UTC,4,7649.0,0.747,0.004,0.995
526658,"Will Bitcoin reach $100,000 again by March 31?",2025-03-28 22:00:00.000000 UTC,5,16.0,0.004,0.004,0.004
526658,"Will Bitcoin reach $100,000 again by March 31?",2025-03-28 23:00:00.000000 UTC,9,3100.0,0.334,0.004,0.995
526658,"Will Bitcoin reach $100,000 again by March 31?",2025-03-29 00:00:00.000000 UTC,4,446.0,0.252,0.004,0.995
526658,"Will Bitcoin reach $100,000 again by March 31?",2025-03-29 01:00:00.000000 UTC,4,6743.0,0.748,0.003,0.996
526658,"Will Bitcoin reach $100,000 again by March 31?",2025-03-29 02:00:00.000000 UTC,19,10172.0,0.37,0.003,0.996
526658,"Will Bitcoin reach $100,000 again by March 31?",2025-03-29 03:00:00.000000 UTC,3,348.0,0.333,0.003,0.994
526658,"Will Bitcoin reach $100,000 again by March 31?",2025-03-29 04:00:00.000000 UTC,19,1064.0,0.423,0.003,0.998
526658,"Will Bitcoin reach $100,000 again by March 31?",2025-03-29 05:00:00.000000 UTC,8,710.0,0.377,0.004,0.998
526658,"Will Bitcoin reach $100,000 again by March 31?",2025-03-29 06:00:00.000000 UTC,12,2322.0,0.749,0.003,0.998
526658,"Will Bitcoin reach $100,000 again by March 31?",2025-03-29 07:00:00.000000 UTC,4,997.0,0.997,0.997,0.997
526658,"Will Bitcoin reach $100,000 again by March 31?",2025-03-29 08:00:00.000000 UTC,22,2292.0,0.41,0.004,0.998
526658,"Will Bitcoin reach $100,000 again by March 31?",2025-03-29 09:00:00.000000 UTC,27,416.0,0.96,0.004,0.997
526658,"Will Bitcoin reach $100,000 again by March 31?",2025-03-29 10:00:00.000000 UTC,23,467.0,0.997,0.997,0.997
526658,"Will Bitcoin reach $100,000 again by March 31?",2025-03-29 11:00:00.000000 UTC,8,877.0,0.997,0.997,0.997
526658,"Will Bitcoin reach $100,000 again by March 31?",2025-03-29 12:00:00.000000 UTC,23,204.0,0.868,0.004,0.997
526658,"Will Bitcoin reach $100,000 again by March 31?",2025-03-29 13:00:00.000000 UTC,13,1863.0,0.921,0.005,0.998
526658,"Will Bitcoin reach $100,000 again by March 31?",2025-03-29 14:00:00.000000 UTC,7,47.0,0.998,0.998,0.998
526658,"Will Bitcoin reach $100,000 again by March 31?",2025-03-29 15:00:00.000000 UTC,13,558.0,0.998,0.996,0.998
526658,"Will Bitcoin reach $100,000 again by March 31?",2025-03-29 16:00:00.000000 UTC,45,8560.0,0.954,0.002,0.998
526658,"Will Bitcoin reach $100,000 again by March 31?",2025-03-29 17:00:00.000000 UTC,38,8022.0,0.893,0.002,0.998
526658,"Will Bitcoin reach $100,000 again by March 31?",2025-03-29 18:00:00.000000 UTC,19,4866.0,0.422,0.002,0.999
526658,"Will Bitcoin reach $100,000 again by March 31?",2025-03-29 19:00:00.000000 UTC,12,1739.0,0.998,0.997,0.998
526658,"Will Bitcoin reach $100,000 again by March 31?",2025-03-29 20:00:00.000000 UTC,3,270.0,0.998,0.998,0.998
526658,"Will Bitcoin reach $100,000 again by March 31?",2025-03-29 21:00:00.000000 UTC,9,4244.0,0.998,0.997,0.999
526658,"Will Bitcoin reach $100,000 again by March 31?",2025-03-29 22:00:00.000000 UTC,2,2.0,0.998,0.998,0.998
526658,"Will Bitcoin reach $100,000 again by March 31?",2025-03-29 23:00:00.000000 UTC,4,5.0,0.998,0.998,0.998
526658,"Will Bitcoin reach $100,000 again by March 31?",2025-03-30 00:00:00.000000 UTC,4,384.0,0.749,0.002,0.998
526658,"Will Bitcoin reach $100,000 again by March 31?",2025-03-30 01:00:00.000000 UTC,21,277.0,0.239,0.002,0.999
526658,"Will Bitcoin reach $100,000 again by March 31?",2025-03-30 02:00:00.000000 UTC,3,19.0,0.334,0.002,0.999
526658,"Will Bitcoin reach $100,000 again by March 31?",2025-03-30 03:00:00.000000 UTC,3,2114.0,0.998,0.997,0.999
526658,"Will Bitcoin reach $100,000 again by March 31?",2025-03-30 04:00:00.000000 UTC,5,1290.0,0.799,0.003,0.998
526658,"Will Bitcoin reach $100,000 again by March 31?",2025-03-30 05:00:00.000000 UTC,2,7.0,0.998,0.998,0.998
526658,"Will Bitcoin reach $100,000 again by March 31?",2025-03-30 06:00:00.000000 UTC,6,31.0,0.998,0.998,0.998
526658,"Will Bitcoin reach $100,000 again by March 31?",2025-03-30 07:00:00.000000 UTC,6,22.0,0.832,0.003,0.998
526658,"Will Bitcoin reach $100,000 again by March 31?",2025-03-30 08:00:00.000000 UTC,4,2551.0,0.749,0.002,0.999
526658,"Will Bitcoin reach $100,000 again by March 31?",2025-03-30 09:00:00.000000 UTC,16,3189.0,0.314,0.002,0.999
526658,"Will Bitcoin reach $100,000 again by March 31?",2025-03-30 10:00:00.000000 UTC,3,12.0,0.999,0.999,0.999
526658,"Will Bitcoin reach $100,000 again by March 31?",2025-03-30 11:00:00.000000 UTC,21,199.0,0.287,0.002,0.999
526658,"Will Bitcoin reach $100,000 again by March 31?",2025-03-30 12:00:00.000000 UTC,19,1.0,0.002,0.001,0.002
526658,"Will Bitcoin reach $100,000 again by March 31?",2025-03-30 13:00:00.000000 UTC,11,10.0,0.001,0.001,0.002
526658,"Will Bitcoin reach $100,000 again by March 31?",2025-03-30 14:00:00.000000 UTC,88,0.0,0.001,0.001,0.001
526658,"Will Bitcoin reach $100,000 again by March 31?",2025-03-30 15:00:00.000000 UTC,134,53.0,0.031,0.001,0.998
526658,"Will Bitcoin reach $100,000 again by March 31?",2025-03-30 16:00:00.000000 UTC,324,1.0,0.001,0.001,0.002
526658,"Will Bitcoin reach $100,000 again by March 31?",2025-03-30 17:00:00.000000 UTC,969,133.0,0.042,0.001,0.999
526658,"Will Bitcoin reach $100,000 again by March 31?",2025-03-30 18:00:00.000000 UTC,790,2.0,0.001,0.001,0.002
526658,"Will Bitcoin reach $100,000 again by March 31?",2025-03-30 19:00:00.000000 UTC,26,1027.0,0.039,0.001,0.999
526658,"Will Bitcoin reach $100,000 again by March 31?",2025-03-30 20:00:00.000000 UTC,3,0.0,0.001,0.001,0.002
526658,"Will Bitcoin reach $100,000 again by March 31?",2025-03-30 21:00:00.000000 UTC,24,437.0,0.916,0.001,0.999
526658,"Will Bitcoin reach $100,000 again by March 31?",2025-03-30 22:00:00.000000 UTC,35,5808.0,0.999,0.999,0.999
526658,"Will Bitcoin reach $100,000 again by March 31?",2025-03-30 23:00:00.000000 UTC,12,2765.0,0.666,0.001,0.999
526658,"Will Bitcoin reach $100,000 again by March 31?",2025-03-31 03:00:00.000000 UTC,1,0.0,0.001,0.001,0.001
526658,"Will Bitcoin reach $100,000 again by March 31?",2025-03-31 05:00:00.000000 UTC,1,0.0,0.001,0.001,0.001
526658,"Will Bitcoin reach $100,000 again by March 31?",2025-03-31 07:00:00.000000 UTC,1,0.0,0.001,0.001,0.001
526659,"Will Bitcoin reach $105,000 again by March 31?",2025-03-03 20:00:00.000000 UTC,1,854.0,0.74,0.74,0.74
526659,"Will Bitcoin reach $105,000 again by March 31?",2025-03-03 21:00:00.000000 UTC,28,2757.0,0.226,0.17,0.8
526659,"Will Bitcoin reach $105,000 again by March 31?",2025-03-03 22:00:00.000000 UTC,8,166.0,0.199,0.19,0.21
526659,"Will Bitcoin reach $105,000 again by March 31?",2025-03-03 23:00:00.000000 UTC,1,1.0,0.19,0.19,0.19
526659,"Will Bitcoin reach $105,000 again by March 31?",2025-03-04 00:00:00.000000 UTC,1,20.0,0.2,0.2,0.2
526659,"Will Bitcoin reach $105,000 again by March 31?",2025-03-04 01:00:00.000000 UTC,8,882.0,0.173,0.16,0.19
526659,"Will Bitcoin reach $105,000 again by March 31?",2025-03-04 02:00:00.000000 UTC,6,8.0,0.163,0.15,0.17
526659,"Will Bitcoin reach $105,000 again by March 31?",2025-03-04 03:00:00.000000 UTC,10,26.0,0.17,0.17,0.17
526659,"Will Bitcoin reach $105,000 again by March 31?",2025-03-04 04:00:00.000000 UTC,10,488.0,0.238,0.16,0.81
526659,"Will Bitcoin reach $105,000 again by March 31?",2025-03-04 06:00:00.000000 UTC,2,43.0,0.495,0.16,0.83
526659,"Will Bitcoin reach $105,000 again by March 31?",2025-03-04 08:00:00.000000 UTC,3,83.0,0.373,0.13,0.84
526659,"Will Bitcoin reach $105,000 again by March 31?",2025-03-04 09:00:00.000000 UTC,2,4.0,0.17,0.17,0.17
526659,"Will Bitcoin reach $105,000 again by March 31?",2025-03-04 11:00:00.000000 UTC,23,83.0,0.187,0.15,0.83
526659,"Will Bitcoin reach $105,000 again by March 31?",2025-03-04 12:00:00.000000 UTC,4,24.0,0.155,0.15,0.16
526659,"Will Bitcoin reach $105,000 again by March 31?",2025-03-04 13:00:00.000000 UTC,2,95.0,0.5,0.14,0.86
526659,"Will Bitcoin reach $105,000 again by March 31?",2025-03-04 14:00:00.000000 UTC,6,29.0,0.167,0.16,0.17
526659,"Will Bitcoin reach $105,000 again by March 31?",2025-03-04 17:00:00.000000 UTC,11,874.0,0.294,0.16,0.83
526659,"Will Bitcoin reach $105,000 again by March 31?",2025-03-04 18:00:00.000000 UTC,26,1445.0,0.361,0.19,0.81
526659,"Will Bitcoin reach $105,000 again by March 31?",2025-03-04 19:00:00.000000 UTC,47,368.0,0.39,0.23,0.74
526659,"Will Bitcoin reach $105,000 again by March 31?",2025-03-04 20:00:00.000000 UTC,14,919.0,0.277,0.25,0.29
526659,"Will Bitcoin reach $105,000 again by March 31?",2025-03-04 21:00:00.000000 UTC,38,946.0,0.333,0.23,0.77
526659,"Will Bitcoin reach $105,000 again by March 31?",2025-03-04 22:00:00.000000 UTC,11,384.0,0.427,0.24,0.75
526659,"Will Bitcoin reach $105,000 again by March 31?",2025-03-05 00:00:00.000000 UTC,2,187.0,0.22,0.22,0.22
526659,"Will Bitcoin reach $105,000 again by March 31?",2025-03-05 01:00:00.000000 UTC,5,231.0,0.332,0.22,0.78
526659,"Will Bitcoin reach $105,000 again by March 31?",2025-03-05 02:00:00.000000 UTC,1,0.0,0.23,0.23,0.23
526659,"Will Bitcoin reach $105,000 again by March 31?",2025-03-05 03:00:00.000000 UTC,5,4917.0,0.542,0.23,0.75
526659,"Will Bitcoin reach $105,000 again by March 31?",2025-03-05 04:00:00.000000 UTC,8,390.0,0.198,0.19,0.21
526659,"Will Bitcoin reach $105,000 again by March 31?",2025-03-05 05:00:00.000000 UTC,12,1423.0,0.303,0.19,0.81
526659,"Will Bitcoin reach $105,000 again by March 31?",2025-03-05 06:00:00.000000 UTC,8,32.0,0.435,0.22,0.79
526659,"Will Bitcoin reach $105,000 again by March 31?",2025-03-05 07:00:00.000000 UTC,4,136.0,0.23,0.23,0.23
526659,"Will Bitcoin reach $105,000 again by March 31?",2025-03-05 08:00:00.000000 UTC,4,286.0,0.25,0.25,0.25
526659,"Will Bitcoin reach $105,000 again by March 31?",2025-03-05 09:00:00.000000 UTC,13,1063.0,0.332,0.25,0.74
526659,"Will Bitcoin reach $105,000 again by March 31?",2025-03-05 10:00:00.000000 UTC,23,6257.0,0.424,0.27,0.74
526659,"Will Bitcoin reach $105,000 again by March 31?",2025-03-05 11:00:00.000000 UTC,5,185.0,0.46,0.29,0.7
526659,"Will Bitcoin reach $105,000 again by March 31?",2025-03-05 12:00:00.000000 UTC,17,732.0,0.469,0.31,0.69
526659,"Will Bitcoin reach $105,000 again by March 31?",2025-03-05 13:00:00.000000 UTC,18,2772.0,0.463,0.31,0.7
526659,"Will Bitcoin reach $105,000 again by March 31?",2025-03-05 14:00:00.000000 UTC,22,290.0,0.316,0.24,0.72
526659,"Will Bitcoin reach $105,000 again by March 31?",2025-03-05 15:00:00.000000 UTC,7,237.0,0.251,0.23,0.26
526659,"Will Bitcoin reach $105,000 again by March 31?",2025-03-05 16:00:00.000000 UTC,4,38.0,0.258,0.24,0.3
526659,"Will Bitcoin reach $105,000 again by March 31?",2025-03-05 17:00:00.000000 UTC,13,376.0,0.286,0.27,0.3
526659,"Will Bitcoin reach $105,000 again by March 31?",2025-03-05 18:00:00.000000 UTC,14,119.0,0.323,0.28,0.71
526659,"Will Bitcoin reach $105,000 again by March 31?",2025-03-05 19:00:00.000000 UTC,18,2366.0,0.384,0.29,0.67
526659,"Will Bitcoin reach $105,000 again by March 31?",2025-03-05 20:00:00.000000 UTC,1,80.0,0.32,0.32,0.32
526659,"Will Bitcoin reach $105,000 again by March 31?",2025-03-05 21:00:00.000000 UTC,5,1218.0,0.464,0.32,0.68
526659,"Will Bitcoin reach $105,000 again by March 31?",2025-03-05 22:00:00.000000 UTC,1,6.0,0.32,0.32,0.32
526659,"Will Bitcoin reach $105,000 again by March 31?",2025-03-05 23:00:00.000000 UTC,6,231.0,0.313,0.31,0.32
526659,"Will Bitcoin reach $105,000 again by March 31?",2025-03-06 00:00:00.000000 UTC,8,95.0,0.365,0.31,0.67
526659,"Will Bitcoin reach $105,000 again by March 31?",2025-03-06 01:00:00.000000 UTC,6,68.0,0.35,0.34,0.36
526659,"Will Bitcoin reach $105,000 again by March 31?",2025-03-06 02:00:00.000000 UTC,5,443.0,0.346,0.33,0.35
526659,"Will Bitcoin reach $105,000 again by March 31?",2025-03-06 03:00:00.000000 UTC,2,21.0,0.37,0.37,0.37
526659,"Will Bitcoin reach $105,000 again by March 31?",2025-03-06 04:00:00.000000 UTC,12,602.0,0.408,0.36,0.62
526659,"Will Bitcoin reach $105,000 again by March 31?",2025-03-06 05:00:00.000000 UTC,2,54.0,0.345,0.34,0.35
526659,"Will Bitcoin reach $105,000 again by March 31?",2025-03-06 06:00:00.000000 UTC,12,325.0,0.338,0.32,0.34
526659,"Will Bitcoin reach $105,000 again by March 31?",2025-03-06 07:00:00.000000 UTC,13,243.0,0.372,0.31,0.68
526659,"Will Bitcoin reach $105,000 again by March 31?",2025-03-06 08:00:00.000000 UTC,15,1155.0,0.337,0.31,0.35
526659,"Will Bitcoin reach $105,000 again by March 31?",2025-03-06 09:00:00.000000 UTC,8,125.0,0.344,0.33,0.35
526659,"Will Bitcoin reach $105,000 again by March 31?",2025-03-06 10:00:00.000000 UTC,12,5794.0,0.311,0.3,0.32
526659,"Will Bitcoin reach $105,000 again by March 31?",2025-03-06 11:00:00.000000 UTC,4,79.0,0.287,0.27,0.31
526659,"Will Bitcoin reach $105,000 again by March 31?",2025-03-06 12:00:00.000000 UTC,7,87.0,0.351,0.28,0.68
526659,"Will Bitcoin reach $105,000 again by March 31?",2025-03-06 13:00:00.000000 UTC,7,584.0,0.309,0.29,0.33
526659,"Will Bitcoin reach $105,000 again by March 31?",2025-03-06 14:00:00.000000 UTC,11,448.0,0.325,0.24,0.73
526659,"Will Bitcoin reach $105,000 again by March 31?",2025-03-06 15:00:00.000000 UTC,5,252.0,0.548,0.24,0.75
526659,"Will Bitcoin reach $105,000 again by March 31?",2025-03-06 16:00:00.000000 UTC,3,462.0,0.59,0.25,0.76
526659,"Will Bitcoin reach $105,000 again by March 31?",2025-03-06 17:00:00.000000 UTC,11,741.0,0.357,0.26,0.73
526659,"Will Bitcoin reach $105,000 again by March 31?",2025-03-06 18:00:00.000000 UTC,13,734.0,0.315,0.27,0.73
526659,"Will Bitcoin reach $105,000 again by March 31?",2025-03-06 19:00:00.000000 UTC,27,3878.0,0.581,0.3,0.71
526659,"Will Bitcoin reach $105,000 again by March 31?",2025-03-06 20:00:00.000000 UTC,33,3733.0,0.442,0.31,0.69
526659,"Will Bitcoin reach $105,000 again by March 31?",2025-03-06 21:00:00.000000 UTC,42,6887.0,0.367,0.17,0.84
526659,"Will Bitcoin reach $105,000 again by March 31?",2025-03-06 22:00:00.000000 UTC,12,1848.0,0.298,0.18,0.82
526659,"Will Bitcoin reach $105,000 again by March 31?",2025-03-06 23:00:00.000000 UTC,6,136.0,0.298,0.19,0.82
526659,"Will Bitcoin reach $105,000 again by March 31?",2025-03-07 00:00:00.000000 UTC,5,282.0,0.442,0.19,0.82
526659,"Will Bitcoin reach $105,000 again by March 31?",2025-03-07 01:00:00.000000 UTC,11,121.0,0.361,0.2,0.79
526659,"Will Bitcoin reach $105,000 again by March 31?",2025-03-07 02:00:00.000000 UTC,13,4521.0,0.392,0.21,0.79
526659,"Will Bitcoin reach $105,000 again by March 31?",2025-03-07 03:00:00.000000 UTC,22,6107.0,0.294,0.21,0.79
526659,"Will Bitcoin reach $105,000 again by March 31?",2025-03-07 04:00:00.000000 UTC,11,444.0,0.188,0.18,0.2
526659,"Will Bitcoin reach $105,000 again by March 31?",2025-03-07 05:00:00.000000 UTC,20,1391.0,0.378,0.18,0.82
526659,"Will Bitcoin reach $105,000 again by March 31?",2025-03-07 06:00:00.000000 UTC,7,20.0,0.233,0.2,0.24
526659,"Will Bitcoin reach $105,000 again by March 31?",2025-03-07 09:00:00.000000 UTC,3,325.0,0.587,0.24,0.76
526659,"Will Bitcoin reach $105,000 again by March 31?",2025-03-07 10:00:00.000000 UTC,10,288.0,0.25,0.24,0.27
526659,"Will Bitcoin reach $105,000 again by March 31?",2025-03-07 11:00:00.000000 UTC,37,2654.0,0.414,0.18,0.79
526659,"Will Bitcoin reach $105,000 again by March 31?",2025-03-07 12:00:00.000000 UTC,22,808.0,0.411,0.18,0.81
526659,"Will Bitcoin reach $105,000 again by March 31?",2025-03-07 13:00:00.000000 UTC,20,3287.0,0.631,0.2,0.81
526659,"Will Bitcoin reach $105,000 again by March 31?",2025-03-07 14:00:00.000000 UTC,10,636.0,0.489,0.2,0.77
526659,"Will Bitcoin reach $105,000 again by March 31?",2025-03-07 15:00:00.000000 UTC,4,83.0,0.355,0.21,0.78
526659,"Will Bitcoin reach $105,000 again by March 31?",2025-03-07 16:00:00.000000 UTC,36,3880.0,0.347,0.15,0.85
526659,"Will Bitcoin reach $105,000 again by March 31?",2025-03-07 17:00:00.000000 UTC,15,625.0,0.431,0.14,0.85
526659,"Will Bitcoin reach $105,000 again by March 31?",2025-03-07 18:00:00.000000 UTC,17,4345.0,0.22,0.12,0.85
526659,"Will Bitcoin reach $105,000 again by March 31?",2025-03-07 19:00:00.000000 UTC,7,156.0,0.139,0.13,0.14
526659,"Will Bitcoin reach $105,000 again by March 31?",2025-03-07 20:00:00.000000 UTC,8,22.0,0.152,0.15,0.16
526659,"Will Bitcoin reach $105,000 again by March 31?",2025-03-07 21:00:00.000000 UTC,23,728.0,0.119,0.05,0.15
526659,"Will Bitcoin reach $105,000 again by March 31?",2025-03-07 22:00:00.000000 UTC,48,3761.0,0.324,0.13,0.85
526659,"Will Bitcoin reach $105,000 again by March 31?",2025-03-07 23:00:00.000000 UTC,5,8.0,0.13,0.13,0.13
526659,"Will Bitcoin reach $105,000 again by March 31?",2025-03-08 00:00:00.000000 UTC,2,12.0,0.145,0.14,0.15
526659,"Will Bitcoin reach $105,000 again by March 31?",2025-03-08 01:00:00.000000 UTC,3,2.0,0.13,0.13,0.13
526659,"Will Bitcoin reach $105,000 again by March 31?",2025-03-08 02:00:00.000000 UTC,7,48.0,0.251,0.13,0.84
526659,"Will Bitcoin reach $105,000 again by March 31?",2025-03-08 03:00:00.000000 UTC,10,38.0,0.207,0.13,0.87
526659,"Will Bitcoin reach $105,000 again by March 31?",2025-03-08 04:00:00.000000 UTC,2,13.0,0.115,0.11,0.12
526659,"Will Bitcoin reach $105,000 again by March 31?",2025-03-08 06:00:00.000000 UTC,4,18.0,0.307,0.11,0.87
526659,"Will Bitcoin reach $105,000 again by March 31?",2025-03-08 07:00:00.000000 UTC,1,0.0,0.12,0.12,0.12
526659,"Will Bitcoin reach $105,000 again by March 31?",2025-03-08 08:00:00.000000 UTC,10,2599.0,0.19,0.11,0.89
526659,"Will Bitcoin reach $105,000 again by March 31?",2025-03-08 10:00:00.000000 UTC,1,2.0,0.12,0.12,0.12
526659,"Will Bitcoin reach $105,000 again by March 31?",2025-03-08 11:00:00.000000 UTC,4,97.0,0.302,0.1,0.88
526659,"Will Bitcoin reach $105,000 again by March 31?",2025-03-08 12:00:00.000000 UTC,5,90.0,0.102,0.1,0.11
526659,"Will Bitcoin reach $105,000 again by March 31?",2025-03-08 13:00:00.000000 UTC,11,161.0,0.104,0.1,0.11
526659,"Will Bitcoin reach $105,000 again by March 31?",2025-03-08 14:00:00.000000 UTC,1,0.0,0.1,0.1,0.1
526659,"Will Bitcoin reach $105,000 again by March 31?",2025-03-08 15:00:00.000000 UTC,10,112.0,0.13,0.13,0.13
526659,"Will Bitcoin reach $105,000 again by March 31?",2025-03-08 16:00:00.000000 UTC,2,278.0,0.13,0.13,0.13
526659,"Will Bitcoin reach $105,000 again by March 31?",2025-03-08 17:00:00.000000 UTC,1,2.0,0.14,0.14,0.14
526659,"Will Bitcoin reach $105,000 again by March 31?",2025-03-08 18:00:00.000000 UTC,10,187.0,0.196,0.11,0.89
526659,"Will Bitcoin reach $105,000 again by March 31?",2025-03-08 19:00:00.000000 UTC,11,7025.0,0.741,0.12,0.89
526659,"Will Bitcoin reach $105,000 again by March 31?",2025-03-08 22:00:00.000000 UTC,1,13.0,0.88,0.88,0.88
526659,"Will Bitcoin reach $105,000 again by March 31?",2025-03-08 23:00:00.000000 UTC,3,5.0,0.11,0.11,0.11
526659,"Will Bitcoin reach $105,000 again by March 31?",2025-03-09 00:00:00.000000 UTC,5,164.0,0.274,0.11,0.88
526659,"Will Bitcoin reach $105,000 again by March 31?",2025-03-09 01:00:00.000000 UTC,60,27279.0,0.454,0.12,0.87
526659,"Will Bitcoin reach $105,000 again by March 31?",2025-03-09 02:00:00.000000 UTC,37,17056.0,0.454,0.09,0.9
526659,"Will Bitcoin reach $105,000 again by March 31?",2025-03-09 03:00:00.000000 UTC,15,2607.0,0.329,0.12,0.88
526659,"Will Bitcoin reach $105,000 again by March 31?",2025-03-09 04:00:00.000000 UTC,6,383.0,0.112,0.11,0.12
526659,"Will Bitcoin reach $105,000 again by March 31?",2025-03-09 05:00:00.000000 UTC,3,63.0,0.093,0.09,0.1
526659,"Will Bitcoin reach $105,000 again by March 31?",2025-03-09 06:00:00.000000 UTC,16,6534.0,0.354,0.09,0.9
526659,"Will Bitcoin reach $105,000 again by March 31?",2025-03-09 07:00:00.000000 UTC,7,633.0,0.439,0.1,0.9
526659,"Will Bitcoin reach $105,000 again by March 31?",2025-03-09 08:00:00.000000 UTC,8,1028.0,0.295,0.08,0.91
526659,"Will Bitcoin reach $105,000 again by March 31?",2025-03-09 09:00:00.000000 UTC,9,158.0,0.089,0.08,0.1
526659,"Will Bitcoin reach $105,000 again by March 31?",2025-03-09 10:00:00.000000 UTC,3,501.0,0.367,0.09,0.92
526659,"Will Bitcoin reach $105,000 again by March 31?",2025-03-09 11:00:00.000000 UTC,1,147.0,0.88,0.88,0.88
526659,"Will Bitcoin reach $105,000 again by March 31?",2025-03-09 12:00:00.000000 UTC,8,82.0,0.2,0.1,0.88
526659,"Will Bitcoin reach $105,000 again by March 31?",2025-03-09 13:00:00.000000 UTC,6,1245.0,0.772,0.11,0.91
526659,"Will Bitcoin reach $105,000 again by March 31?",2025-03-09 14:00:00.000000 UTC,32,1383.0,0.124,0.09,0.91
526659,"Will Bitcoin reach $105,000 again by March 31?",2025-03-09 15:00:00.000000 UTC,17,549.0,0.128,0.07,0.93
526659,"Will Bitcoin reach $105,000 again by March 31?",2025-03-09 16:00:00.000000 UTC,18,886.0,0.172,0.07,0.91
526659,"Will Bitcoin reach $105,000 again by March 31?",2025-03-09 17:00:00.000000 UTC,1,2.0,0.09,0.09,0.09
526659,"Will Bitcoin reach $105,000 again by March 31?",2025-03-09 18:00:00.000000 UTC,16,473.0,0.191,0.08,0.91
526659,"Will Bitcoin reach $105,000 again by March 31?",2025-03-09 19:00:00.000000 UTC,1,20.0,0.1,0.1,0.1
526659,"Will Bitcoin reach $105,000 again by March 31?",2025-03-09 20:00:00.000000 UTC,3,33.0,0.093,0.08,0.1
526659,"Will Bitcoin reach $105,000 again by March 31?",2025-03-09 21:00:00.000000 UTC,3,138.0,0.087,0.08,0.09
526659,"Will Bitcoin reach $105,000 again by March 31?",2025-03-09 22:00:00.000000 UTC,6,144.0,0.082,0.07,0.09
526659,"Will Bitcoin reach $105,000 again by March 31?",2025-03-09 23:00:00.000000 UTC,1,31.0,0.08,0.08,0.08
526659,"Will Bitcoin reach $105,000 again by March 31?",2025-03-10 00:00:00.000000 UTC,4,58.0,0.08,0.08,0.08
526659,"Will Bitcoin reach $105,000 again by March 31?",2025-03-10 01:00:00.000000 UTC,2,20.0,0.1,0.1,0.1
526659,"Will Bitcoin reach $105,000 again by March 31?",2025-03-10 02:00:00.000000 UTC,1,13.0,0.08,0.08,0.08
526659,"Will Bitcoin reach $105,000 again by March 31?",2025-03-10 03:00:00.000000 UTC,1,0.0,0.08,0.08,0.08
526659,"Will Bitcoin reach $105,000 again by March 31?",2025-03-10 04:00:00.000000 UTC,4,62.0,0.283,0.06,0.91
526659,"Will Bitcoin reach $105,000 again by March 31?",2025-03-10 05:00:00.000000 UTC,7,110.0,0.316,0.06,0.93
526659,"Will Bitcoin reach $105,000 again by March 31?",2025-03-10 06:00:00.000000 UTC,9,130.0,0.26,0.06,0.92
526659,"Will Bitcoin reach $105,000 again by March 31?",2025-03-10 07:00:00.000000 UTC,2,34.0,0.07,0.07,0.07
526659,"Will Bitcoin reach $105,000 again by March 31?",2025-03-10 08:00:00.000000 UTC,11,2326.0,0.217,0.05,0.95
526659,"Will Bitcoin reach $105,000 again by March 31?",2025-03-10 10:00:00.000000 UTC,8,1113.0,0.604,0.04,0.94
526659,"Will Bitcoin reach $105,000 again by March 31?",2025-03-10 11:00:00.000000 UTC,2,150.0,0.49,0.04,0.94
526659,"Will Bitcoin reach $105,000 again by March 31?",2025-03-10 12:00:00.000000 UTC,4,3598.0,0.5,0.06,0.94
526659,"Will Bitcoin reach $105,000 again by March 31?",2025-03-10 14:00:00.000000 UTC,3,55.0,0.05,0.05,0.05
526659,"Will Bitcoin reach $105,000 again by March 31?",2025-03-10 15:00:00.000000 UTC,25,2623.0,0.226,0.03,0.96
526659,"Will Bitcoin reach $105,000 again by March 31?",2025-03-10 16:00:00.000000 UTC,9,214.0,0.447,0.05,0.95
526659,"Will Bitcoin reach $105,000 again by March 31?",2025-03-11 04:00:00.000000 UTC,2,11.0,0.5,0.068,0.933
526659,"Will Bitcoin reach $105,000 again by March 31?",2025-03-11 05:00:00.000000 UTC,3,49.0,0.655,0.068,0.949
526659,"Will Bitcoin reach $105,000 again by March 31?",2025-03-11 06:00:00.000000 UTC,19,274.0,0.383,0.05,0.941
526659,"Will Bitcoin reach $105,000 again by March 31?",2025-03-11 07:00:00.000000 UTC,19,2304.0,0.161,0.066,0.93
526659,"Will Bitcoin reach $105,000 again by March 31?",2025-03-11 08:00:00.000000 UTC,3,13.0,0.352,0.071,0.913
526659,"Will Bitcoin reach $105,000 again by March 31?",2025-03-11 09:00:00.000000 UTC,2,198.0,0.914,0.913,0.915
526659,"Will Bitcoin reach $105,000 again by March 31?",2025-03-11 10:00:00.000000 UTC,5,73.0,0.248,0.075,0.915
526659,"Will Bitcoin reach $105,000 again by March 31?",2025-03-11 11:00:00.000000 UTC,3,128.0,0.64,0.08,0.92
526659,"Will Bitcoin reach $105,000 again by March 31?",2025-03-11 12:00:00.000000 UTC,2,39.0,0.07,0.07,0.07
526659,"Will Bitcoin reach $105,000 again by March 31?",2025-03-11 13:00:00.000000 UTC,22,1050.0,0.54,0.065,0.935
526659,"Will Bitcoin reach $105,000 again by March 31?",2025-03-11 14:00:00.000000 UTC,17,311.0,0.268,0.052,0.947
526659,"Will Bitcoin reach $105,000 again by March 31?",2025-03-11 15:00:00.000000 UTC,10,259.0,0.325,0.058,0.947
526659,"Will Bitcoin reach $105,000 again by March 31?",2025-03-11 16:00:00.000000 UTC,8,1942.0,0.502,0.064,0.942
526659,"Will Bitcoin reach $105,000 again by March 31?",2025-03-11 17:00:00.000000 UTC,10,138.0,0.41,0.06,0.935
526659,"Will Bitcoin reach $105,000 again by March 31?",2025-03-11 18:00:00.000000 UTC,25,8147.0,0.651,0.067,0.93
526659,"Will Bitcoin reach $105,000 again by March 31?",2025-03-11 19:00:00.000000 UTC,4,1909.0,0.285,0.071,0.912
526659,"Will Bitcoin reach $105,000 again by March 31?",2025-03-11 20:00:00.000000 UTC,7,61.0,0.198,0.074,0.921
526659,"Will Bitcoin reach $105,000 again by March 31?",2025-03-11 21:00:00.000000 UTC,3,4.0,0.362,0.08,0.926
526659,"Will Bitcoin reach $105,000 again by March 31?",2025-03-11 22:00:00.000000 UTC,36,1065.0,0.265,0.074,0.925
526659,"Will Bitcoin reach $105,000 again by March 31?",2025-03-11 23:00:00.000000 UTC,23,2268.0,0.258,0.069,0.93
526659,"Will Bitcoin reach $105,000 again by March 31?",2025-03-12 00:00:00.000000 UTC,6,2010.0,0.498,0.069,0.923
526659,"Will Bitcoin reach $105,000 again by March 31?",2025-03-12 01:00:00.000000 UTC,1,1.0,0.074,0.074,0.074
526659,"Will Bitcoin reach $105,000 again by March 31?",2025-03-12 03:00:00.000000 UTC,7,2297.0,0.193,0.067,0.932
526659,"Will Bitcoin reach $105,000 again by March 31?",2025-03-12 04:00:00.000000 UTC,7,17.0,0.191,0.065,0.932
526659,"Will Bitcoin reach $105,000 again by March 31?",2025-03-12 06:00:00.000000 UTC,3,39.0,0.356,0.066,0.935
526659,"Will Bitcoin reach $105,000 again by March 31?",2025-03-12 07:00:00.000000 UTC,1,20.0,0.934,0.934,0.934
526659,"Will Bitcoin reach $105,000 again by March 31?",2025-03-12 08:00:00.000000 UTC,11,127.0,0.303,0.063,0.933
526659,"Will Bitcoin reach $105,000 again by March 31?",2025-03-12 09:00:00.000000 UTC,7,1923.0,0.563,0.063,0.939
526659,"Will Bitcoin reach $105,000 again by March 31?",2025-03-12 10:00:00.000000 UTC,11,218.0,0.15,0.067,0.934
526659,"Will Bitcoin reach $105,000 again by March 31?",2025-03-12 11:00:00.000000 UTC,4,304.0,0.283,0.061,0.937
526659,"Will Bitcoin reach $105,000 again by March 31?",2025-03-12 12:00:00.000000 UTC,72,11794.0,0.332,0.06,0.939
526659,"Will Bitcoin reach $105,000 again by March 31?",2025-03-12 13:00:00.000000 UTC,27,1100.0,0.321,0.054,0.942
526659,"Will Bitcoin reach $105,000 again by March 31?",2025-03-12 14:00:00.000000 UTC,28,896.0,0.219,0.053,0.947
526659,"Will Bitcoin reach $105,000 again by March 31?",2025-03-12 15:00:00.000000 UTC,13,2138.0,0.257,0.045,0.95
526659,"Will Bitcoin reach $105,000 again by March 31?",2025-03-12 16:00:00.000000 UTC,9,1665.0,0.449,0.048,0.95
526659,"Will Bitcoin reach $105,000 again by March 31?",2025-03-12 17:00:00.000000 UTC,16,72.0,0.164,0.044,0.954
526659,"Will Bitcoin reach $105,000 again by March 31?",2025-03-12 18:00:00.000000 UTC,21,2852.0,0.221,0.048,0.95
526659,"Will Bitcoin reach $105,000 again by March 31?",2025-03-12 19:00:00.000000 UTC,16,1545.0,0.223,0.054,0.943
526659,"Will Bitcoin reach $105,000 again by March 31?",2025-03-12 20:00:00.000000 UTC,30,2468.0,0.145,0.048,0.95
526659,"Will Bitcoin reach $105,000 again by March 31?",2025-03-12 21:00:00.000000 UTC,18,1176.0,0.108,0.057,0.943
526659,"Will Bitcoin reach $105,000 again by March 31?",2025-03-12 22:00:00.000000 UTC,25,2101.0,0.378,0.056,0.944
526659,"Will Bitcoin reach $105,000 again by March 31?",2025-03-12 23:00:00.000000 UTC,1,12.0,0.062,0.062,0.062
526659,"Will Bitcoin reach $105,000 again by March 31?",2025-03-13 00:00:00.000000 UTC,6,1771.0,0.644,0.068,0.933
526659,"Will Bitcoin reach $105,000 again by March 31?",2025-03-13 01:00:00.000000 UTC,8,1989.0,0.499,0.068,0.931
526659,"Will Bitcoin reach $105,000 again by March 31?",2025-03-13 02:00:00.000000 UTC,5,1298.0,0.242,0.069,0.928
526659,"Will Bitcoin reach $105,000 again by March 31?",2025-03-13 04:00:00.000000 UTC,2,32.0,0.06,0.06,0.061
526659,"Will Bitcoin reach $105,000 again by March 31?",2025-03-13 06:00:00.000000 UTC,2,1.0,0.056,0.056,0.056
526659,"Will Bitcoin reach $105,000 again by March 31?",2025-03-13 07:00:00.000000 UTC,2,0.0,0.056,0.056,0.056
526659,"Will Bitcoin reach $105,000 again by March 31?",2025-03-13 08:00:00.000000 UTC,2,30.0,0.5,0.056,0.944
526659,"Will Bitcoin reach $105,000 again by March 31?",2025-03-13 09:00:00.000000 UTC,16,235.0,0.163,0.049,0.948
526659,"Will Bitcoin reach $105,000 again by March 31?",2025-03-13 10:00:00.000000 UTC,13,657.0,0.326,0.048,0.951
526659,"Will Bitcoin reach $105,000 again by March 31?",2025-03-13 11:00:00.000000 UTC,12,323.0,0.117,0.038,0.955
526659,"Will Bitcoin reach $105,000 again by March 31?",2025-03-13 12:00:00.000000 UTC,27,4227.0,0.28,0.036,0.964
526659,"Will Bitcoin reach $105,000 again by March 31?",2025-03-13 13:00:00.000000 UTC,45,5232.0,0.262,0.025,0.975
526659,"Will Bitcoin reach $105,000 again by March 31?",2025-03-13 14:00:00.000000 UTC,12,333.0,0.423,0.036,0.965
526659,"Will Bitcoin reach $105,000 again by March 31?",2025-03-13 15:00:00.000000 UTC,9,41.0,0.034,0.033,0.036
526659,"Will Bitcoin reach $105,000 again by March 31?",2025-03-13 16:00:00.000000 UTC,6,18.0,0.033,0.033,0.033
526659,"Will Bitcoin reach $105,000 again by March 31?",2025-03-13 17:00:00.000000 UTC,35,3897.0,0.513,0.018,0.98
526659,"Will Bitcoin reach $105,000 again by March 31?",2025-03-13 18:00:00.000000 UTC,19,1835.0,0.625,0.021,0.978
526659,"Will Bitcoin reach $105,000 again by March 31?",2025-03-13 19:00:00.000000 UTC,11,6566.0,0.629,0.023,0.976
526659,"Will Bitcoin reach $105,000 again by March 31?",2025-03-13 20:00:00.000000 UTC,6,1.0,0.026,0.025,0.026
526659,"Will Bitcoin reach $105,000 again by March 31?",2025-03-13 21:00:00.000000 UTC,8,517.0,0.264,0.028,0.972
526659,"Will Bitcoin reach $105,000 again by March 31?",2025-03-13 22:00:00.000000 UTC,9,4.0,0.029,0.029,0.03
526659,"Will Bitcoin reach $105,000 again by March 31?",2025-03-13 23:00:00.000000 UTC,4,17.0,0.029,0.029,0.03
526659,"Will Bitcoin reach $105,000 again by March 31?",2025-03-14 00:00:00.000000 UTC,10,1075.0,0.219,0.03,0.968
526659,"Will Bitcoin reach $105,000 again by March 31?",2025-03-14 01:00:00.000000 UTC,2,1.0,0.033,0.033,0.033
526659,"Will Bitcoin reach $105,000 again by March 31?",2025-03-14 02:00:00.000000 UTC,1,1.0,0.034,0.034,0.034
526659,"Will Bitcoin reach $105,000 again by March 31?",2025-03-14 03:00:00.000000 UTC,6,120.0,0.19,0.034,0.964
526659,"Will Bitcoin reach $105,000 again by March 31?",2025-03-14 04:00:00.000000 UTC,1,16.0,0.038,0.038,0.038
526659,"Will Bitcoin reach $105,000 again by March 31?",2025-03-14 05:00:00.000000 UTC,4,54.0,0.732,0.034,0.964
526659,"Will Bitcoin reach $105,000 again by March 31?",2025-03-14 06:00:00.000000 UTC,1,21.0,0.033,0.033,0.033
526659,"Will Bitcoin reach $105,000 again by March 31?",2025-03-14 07:00:00.000000 UTC,5,210.0,0.222,0.032,0.966
526659,"Will Bitcoin reach $105,000 again by March 31?",2025-03-14 08:00:00.000000 UTC,2,1940.0,0.5,0.039,0.961
526659,"Will Bitcoin reach $105,000 again by March 31?",2025-03-14 09:00:00.000000 UTC,7,1052.0,0.172,0.04,0.959
526659,"Will Bitcoin reach $105,000 again by March 31?",2025-03-14 10:00:00.000000 UTC,7,4841.0,0.695,0.044,0.956
526659,"Will Bitcoin reach $105,000 again by March 31?",2025-03-14 11:00:00.000000 UTC,27,246.0,0.043,0.04,0.046
526659,"Will Bitcoin reach $105,000 again by March 31?",2025-03-14 12:00:00.000000 UTC,13,12.0,0.041,0.04,0.043
526659,"Will Bitcoin reach $105,000 again by March 31?",2025-03-14 13:00:00.000000 UTC,18,3223.0,0.196,0.038,0.956
526659,"Will Bitcoin reach $105,000 again by March 31?",2025-03-14 14:00:00.000000 UTC,10,1112.0,0.317,0.035,0.961
526659,"Will Bitcoin reach $105,000 again by March 31?",2025-03-14 15:00:00.000000 UTC,25,1528.0,0.129,0.048,0.954
526659,"Will Bitcoin reach $105,000 again by March 31?",2025-03-14 16:00:00.000000 UTC,9,2032.0,0.749,0.052,0.949
526659,"Will Bitcoin reach $105,000 again by March 31?",2025-03-14 18:00:00.000000 UTC,4,76.0,0.051,0.05,0.052
526659,"Will Bitcoin reach $105,000 again by March 31?",2025-03-14 19:00:00.000000 UTC,7,515.0,0.436,0.051,0.943
526659,"Will Bitcoin reach $105,000 again by March 31?",2025-03-14 20:00:00.000000 UTC,12,470.0,0.425,0.05,0.953
526659,"Will Bitcoin reach $105,000 again by March 31?",2025-03-14 21:00:00.000000 UTC,3,562.0,0.65,0.048,0.953
526659,"Will Bitcoin reach $105,000 again by March 31?",2025-03-14 22:00:00.000000 UTC,10,439.0,0.5,0.048,0.951
526659,"Will Bitcoin reach $105,000 again by March 31?",2025-03-15 00:00:00.000000 UTC,4,507.0,0.952,0.951,0.952
526659,"Will Bitcoin reach $105,000 again by March 31?",2025-03-15 01:00:00.000000 UTC,6,1021.0,0.347,0.04,0.953
526659,"Will Bitcoin reach $105,000 again by March 31?",2025-03-15 02:00:00.000000 UTC,9,878.0,0.653,0.042,0.959
526659,"Will Bitcoin reach $105,000 again by March 31?",2025-03-15 03:00:00.000000 UTC,3,861.0,0.957,0.956,0.958
526659,"Will Bitcoin reach $105,000 again by March 31?",2025-03-15 04:00:00.000000 UTC,1,4.0,0.041,0.041,0.041
526659,"Will Bitcoin reach $105,000 again by March 31?",2025-03-15 05:00:00.000000 UTC,2,139.0,0.958,0.958,0.958
526659,"Will Bitcoin reach $105,000 again by March 31?",2025-03-15 06:00:00.000000 UTC,8,28.0,0.27,0.04,0.958
526659,"Will Bitcoin reach $105,000 again by March 31?",2025-03-15 07:00:00.000000 UTC,2,72.0,0.956,0.956,0.956
526659,"Will Bitcoin reach $105,000 again by March 31?",2025-03-15 08:00:00.000000 UTC,6,295.0,0.193,0.04,0.958
526659,"Will Bitcoin reach $105,000 again by March 31?",2025-03-15 09:00:00.000000 UTC,11,3213.0,0.709,0.038,0.961
526659,"Will Bitcoin reach $105,000 again by March 31?",2025-03-15 10:00:00.000000 UTC,3,1.0,0.04,0.04,0.04
526659,"Will Bitcoin reach $105,000 again by March 31?",2025-03-15 11:00:00.000000 UTC,3,863.0,0.958,0.958,0.959
526659,"Will Bitcoin reach $105,000 again by March 31?",2025-03-15 12:00:00.000000 UTC,5,828.0,0.592,0.04,0.96
526659,"Will Bitcoin reach $105,000 again by March 31?",2025-03-15 13:00:00.000000 UTC,3,368.0,0.346,0.038,0.96
526659,"Will Bitcoin reach $105,000 again by March 31?",2025-03-15 14:00:00.000000 UTC,5,112.0,0.593,0.038,0.963
526659,"Will Bitcoin reach $105,000 again by March 31?",2025-03-15 15:00:00.000000 UTC,62,16573.0,0.631,0.041,0.96
526659,"Will Bitcoin reach $105,000 again by March 31?",2025-03-15 16:00:00.000000 UTC,7,106.0,0.565,0.051,0.949
526659,"Will Bitcoin reach $105,000 again by March 31?",2025-03-15 18:00:00.000000 UTC,11,305.0,0.868,0.048,0.95
526659,"Will Bitcoin reach $105,000 again by March 31?",2025-03-15 21:00:00.000000 UTC,3,386.0,0.952,0.95,0.953
526659,"Will Bitcoin reach $105,000 again by March 31?",2025-03-15 22:00:00.000000 UTC,1,196.0,0.048,0.048,0.048
526659,"Will Bitcoin reach $105,000 again by March 31?",2025-03-15 23:00:00.000000 UTC,1,2.0,0.952,0.952,0.952
526659,"Will Bitcoin reach $105,000 again by March 31?",2025-03-16 00:00:00.000000 UTC,1,1.0,0.952,0.952,0.952
526659,"Will Bitcoin reach $105,000 again by March 31?",2025-03-16 01:00:00.000000 UTC,2,190.0,0.95,0.949,0.95
526659,"Will Bitcoin reach $105,000 again by March 31?",2025-03-16 02:00:00.000000 UTC,4,47.0,0.952,0.952,0.952
526659,"Will Bitcoin reach $105,000 again by March 31?",2025-03-16 03:00:00.000000 UTC,3,34.0,0.952,0.952,0.952
526659,"Will Bitcoin reach $105,000 again by March 31?",2025-03-16 04:00:00.000000 UTC,22,2406.0,0.457,0.04,0.96
526659,"Will Bitcoin reach $105,000 again by March 31?",2025-03-16 05:00:00.000000 UTC,2,1.0,0.042,0.042,0.042
526659,"Will Bitcoin reach $105,000 again by March 31?",2025-03-16 06:00:00.000000 UTC,20,2965.0,0.498,0.041,0.959
526659,"Will Bitcoin reach $105,000 again by March 31?",2025-03-16 07:00:00.000000 UTC,5,192.0,0.952,0.951,0.953
526659,"Will Bitcoin reach $105,000 again by March 31?",2025-03-16 08:00:00.000000 UTC,3,46.0,0.954,0.953,0.954
526659,"Will Bitcoin reach $105,000 again by March 31?",2025-03-16 09:00:00.000000 UTC,7,82.0,0.695,0.043,0.957
526659,"Will Bitcoin reach $105,000 again by March 31?",2025-03-16 10:00:00.000000 UTC,3,17.0,0.041,0.04,0.041
526659,"Will Bitcoin reach $105,000 again by March 31?",2025-03-16 11:00:00.000000 UTC,10,350.0,0.316,0.036,0.963
526659,"Will Bitcoin reach $105,000 again by March 31?",2025-03-16 12:00:00.000000 UTC,9,1078.0,0.551,0.036,0.963
526659,"Will Bitcoin reach $105,000 again by March 31?",2025-03-16 13:00:00.000000 UTC,4,97.0,0.731,0.038,0.963
526659,"Will Bitcoin reach $105,000 again by March 31?",2025-03-16 14:00:00.000000 UTC,1,0.0,0.036,0.036,0.036
526659,"Will Bitcoin reach $105,000 again by March 31?",2025-03-16 15:00:00.000000 UTC,5,22.0,0.037,0.036,0.039
526659,"Will Bitcoin reach $105,000 again by March 31?",2025-03-16 16:00:00.000000 UTC,15,4023.0,0.591,0.035,0.961
526659,"Will Bitcoin reach $105,000 again by March 31?",2025-03-16 17:00:00.000000 UTC,2,41.0,0.043,0.043,0.044
526659,"Will Bitcoin reach $105,000 again by March 31?",2025-03-16 18:00:00.000000 UTC,4,126.0,0.269,0.04,0.958
526659,"Will Bitcoin reach $105,000 again by March 31?",2025-03-16 19:00:00.000000 UTC,9,27.0,0.139,0.034,0.961
526659,"Will Bitcoin reach $105,000 again by March 31?",2025-03-16 22:00:00.000000 UTC,2,10.0,0.032,0.032,0.032
526659,"Will Bitcoin reach $105,000 again by March 31?",2025-03-16 23:00:00.000000 UTC,2,1.0,0.498,0.031,0.965
526659,"Will Bitcoin reach $105,000 again by March 31?",2025-03-17 00:00:00.000000 UTC,3,97.0,0.343,0.031,0.966
526659,"Will Bitcoin reach $105,000 again by March 31?",2025-03-17 02:00:00.000000 UTC,4,32.0,0.5,0.033,0.967
526659,"Will Bitcoin reach $105,000 again by March 31?",2025-03-17 04:00:00.000000 UTC,2,3.0,0.032,0.032,0.032
526659,"Will Bitcoin reach $105,000 again by March 31?",2025-03-17 05:00:00.000000 UTC,2,193.0,0.499,0.033,0.965
526659,"Will Bitcoin reach $105,000 again by March 31?",2025-03-17 06:00:00.000000 UTC,1,1.0,0.036,0.036,0.036
526659,"Will Bitcoin reach $105,000 again by March 31?",2025-03-17 08:00:00.000000 UTC,1,26.0,0.963,0.963,0.963
526659,"Will Bitcoin reach $105,000 again by March 31?",2025-03-17 09:00:00.000000 UTC,4,38.0,0.265,0.033,0.963
526659,"Will Bitcoin reach $105,000 again by March 31?",2025-03-17 10:00:00.000000 UTC,3,52.0,0.033,0.033,0.034
526659,"Will Bitcoin reach $105,000 again by March 31?",2025-03-17 11:00:00.000000 UTC,2,97.0,0.498,0.03,0.966
526659,"Will Bitcoin reach $105,000 again by March 31?",2025-03-17 12:00:00.000000 UTC,3,137.0,0.964,0.964,0.964
526659,"Will Bitcoin reach $105,000 again by March 31?",2025-03-17 13:00:00.000000 UTC,12,1620.0,0.964,0.962,0.964
526659,"Will Bitcoin reach $105,000 again by March 31?",2025-03-17 14:00:00.000000 UTC,11,1588.0,0.88,0.037,0.965
526659,"Will Bitcoin reach $105,000 again by March 31?",2025-03-17 15:00:00.000000 UTC,10,292.0,0.218,0.028,0.968
526659,"Will Bitcoin reach $105,000 again by March 31?",2025-03-17 16:00:00.000000 UTC,7,171.0,0.432,0.032,0.966
526659,"Will Bitcoin reach $105,000 again by March 31?",2025-03-17 17:00:00.000000 UTC,16,2646.0,0.616,0.035,0.966
526659,"Will Bitcoin reach $105,000 again by March 31?",2025-03-17 18:00:00.000000 UTC,11,156.0,0.542,0.033,0.965
526659,"Will Bitcoin reach $105,000 again by March 31?",2025-03-17 19:00:00.000000 UTC,9,146.0,0.345,0.034,0.966
526659,"Will Bitcoin reach $105,000 again by March 31?",2025-03-17 20:00:00.000000 UTC,6,3.0,0.034,0.034,0.034
526659,"Will Bitcoin reach $105,000 again by March 31?",2025-03-17 21:00:00.000000 UTC,10,700.0,0.314,0.034,0.963
526659,"Will Bitcoin reach $105,000 again by March 31?",2025-03-17 22:00:00.000000 UTC,1,0.0,0.034,0.034,0.034
526659,"Will Bitcoin reach $105,000 again by March 31?",2025-03-17 23:00:00.000000 UTC,24,2035.0,0.108,0.025,0.975
526659,"Will Bitcoin reach $105,000 again by March 31?",2025-03-18 00:00:00.000000 UTC,5,88.0,0.784,0.027,0.975
526659,"Will Bitcoin reach $105,000 again by March 31?",2025-03-18 01:00:00.000000 UTC,13,622.0,0.829,0.027,0.975
526659,"Will Bitcoin reach $105,000 again by March 31?",2025-03-18 02:00:00.000000 UTC,2,37.0,0.975,0.975,0.975
526659,"Will Bitcoin reach $105,000 again by March 31?",2025-03-18 03:00:00.000000 UTC,2,62.0,0.5,0.026,0.975
526659,"Will Bitcoin reach $105,000 again by March 31?",2025-03-18 04:00:00.000000 UTC,2,11.0,0.975,0.975,0.975
526659,"Will Bitcoin reach $105,000 again by March 31?",2025-03-18 06:00:00.000000 UTC,7,283.0,0.704,0.026,0.975
526659,"Will Bitcoin reach $105,000 again by March 31?",2025-03-18 07:00:00.000000 UTC,10,8137.0,0.5,0.02,0.979
526659,"Will Bitcoin reach $105,000 again by March 31?",2025-03-18 08:00:00.000000 UTC,5,714.0,0.976,0.975,0.977
526659,"Will Bitcoin reach $105,000 again by March 31?",2025-03-18 09:00:00.000000 UTC,3,83.0,0.977,0.976,0.977
526659,"Will Bitcoin reach $105,000 again by March 31?",2025-03-18 10:00:00.000000 UTC,12,847.0,0.42,0.02,0.98
526659,"Will Bitcoin reach $105,000 again by March 31?",2025-03-18 11:00:00.000000 UTC,9,64.0,0.765,0.022,0.978
526659,"Will Bitcoin reach $105,000 again by March 31?",2025-03-18 12:00:00.000000 UTC,3,69.0,0.341,0.024,0.974
526659,"Will Bitcoin reach $105,000 again by March 31?",2025-03-18 13:00:00.000000 UTC,3,178.0,0.34,0.022,0.974
526659,"Will Bitcoin reach $105,000 again by March 31?",2025-03-18 14:00:00.000000 UTC,6,2920.0,0.661,0.023,0.979
526659,"Will Bitcoin reach $105,000 again by March 31?",2025-03-18 15:00:00.000000 UTC,17,3740.0,0.359,0.019,0.981
526659,"Will Bitcoin reach $105,000 again by March 31?",2025-03-18 16:00:00.000000 UTC,10,61.0,0.691,0.02,0.978
526659,"Will Bitcoin reach $105,000 again by March 31?",2025-03-18 17:00:00.000000 UTC,4,154.0,0.978,0.976,0.979
526659,"Will Bitcoin reach $105,000 again by March 31?",2025-03-18 18:00:00.000000 UTC,5,258.0,0.979,0.976,0.98
526659,"Will Bitcoin reach $105,000 again by March 31?",2025-03-18 19:00:00.000000 UTC,3,3.0,0.022,0.021,0.023
526659,"Will Bitcoin reach $105,000 again by March 31?",2025-03-18 20:00:00.000000 UTC,3,993.0,0.66,0.023,0.98
526659,"Will Bitcoin reach $105,000 again by March 31?",2025-03-18 21:00:00.000000 UTC,1,1.0,0.98,0.98,0.98
526659,"Will Bitcoin reach $105,000 again by March 31?",2025-03-18 22:00:00.000000 UTC,1,847.0,0.977,0.977,0.977
526659,"Will Bitcoin reach $105,000 again by March 31?",2025-03-18 23:00:00.000000 UTC,1,0.0,0.021,0.021,0.021
526659,"Will Bitcoin reach $105,000 again by March 31?",2025-03-19 00:00:00.000000 UTC,9,1361.0,0.447,0.023,0.976
526659,"Will Bitcoin reach $105,000 again by March 31?",2025-03-19 01:00:00.000000 UTC,1,8.0,0.022,0.022,0.022
526659,"Will Bitcoin reach $105,000 again by March 31?",2025-03-19 02:00:00.000000 UTC,13,64.0,0.536,0.023,0.976
526659,"Will Bitcoin reach $105,000 again by March 31?",2025-03-19 03:00:00.000000 UTC,2,14.0,0.023,0.023,0.023
526659,"Will Bitcoin reach $105,000 again by March 31?",2025-03-19 05:00:00.000000 UTC,4,850.0,0.261,0.022,0.976
526659,"Will Bitcoin reach $105,000 again by March 31?",2025-03-19 06:00:00.000000 UTC,2,2.0,0.022,0.022,0.022
526659,"Will Bitcoin reach $105,000 again by March 31?",2025-03-19 07:00:00.000000 UTC,2,14.0,0.025,0.024,0.025
526659,"Will Bitcoin reach $105,000 again by March 31?",2025-03-19 08:00:00.000000 UTC,7,338.0,0.433,0.024,0.976
526659,"Will Bitcoin reach $105,000 again by March 31?",2025-03-19 09:00:00.000000 UTC,2,8.0,0.022,0.022,0.023
526659,"Will Bitcoin reach $105,000 again by March 31?",2025-03-19 10:00:00.000000 UTC,24,7732.0,0.38,0.019,0.98
526659,"Will Bitcoin reach $105,000 again by March 31?",2025-03-19 11:00:00.000000 UTC,3,293.0,0.975,0.972,0.977
526659,"Will Bitcoin reach $105,000 again by March 31?",2025-03-19 12:00:00.000000 UTC,6,1433.0,0.657,0.021,0.976
526659,"Will Bitcoin reach $105,000 again by March 31?",2025-03-19 13:00:00.000000 UTC,11,463.0,0.629,0.024,0.977
526659,"Will Bitcoin reach $105,000 again by March 31?",2025-03-19 14:00:00.000000 UTC,14,1815.0,0.838,0.024,0.977
526659,"Will Bitcoin reach $105,000 again by March 31?",2025-03-19 15:00:00.000000 UTC,13,200.0,0.464,0.025,0.975
526659,"Will Bitcoin reach $105,000 again by March 31?",2025-03-19 16:00:00.000000 UTC,5,72.0,0.594,0.025,0.976
526659,"Will Bitcoin reach $105,000 again by March 31?",2025-03-19 17:00:00.000000 UTC,15,3319.0,0.657,0.024,0.973
526659,"Will Bitcoin reach $105,000 again by March 31?",2025-03-19 18:00:00.000000 UTC,24,10441.0,0.539,0.026,0.973
526659,"Will Bitcoin reach $105,000 again by March 31?",2025-03-19 19:00:00.000000 UTC,24,1597.0,0.344,0.029,0.972
526659,"Will Bitcoin reach $105,000 again by March 31?",2025-03-19 20:00:00.000000 UTC,21,392.0,0.434,0.031,0.967
526659,"Will Bitcoin reach $105,000 again by March 31?",2025-03-19 21:00:00.000000 UTC,23,1135.0,0.359,0.034,0.964
526659,"Will Bitcoin reach $105,000 again by March 31?",2025-03-19 22:00:00.000000 UTC,43,31293.0,0.619,0.036,0.964
526659,"Will Bitcoin reach $105,000 again by March 31?",2025-03-19 23:00:00.000000 UTC,21,1191.0,0.436,0.04,0.961
526659,"Will Bitcoin reach $105,000 again by March 31?",2025-03-20 00:00:00.000000 UTC,42,4674.0,0.261,0.037,0.958
526659,"Will Bitcoin reach $105,000 again by March 31?",2025-03-20 01:00:00.000000 UTC,16,469.0,0.212,0.035,0.962
526659,"Will Bitcoin reach $105,000 again by March 31?",2025-03-20 02:00:00.000000 UTC,30,2758.0,0.251,0.029,0.972
526659,"Will Bitcoin reach $105,000 again by March 31?",2025-03-20 03:00:00.000000 UTC,4,453.0,0.269,0.036,0.963
526659,"Will Bitcoin reach $105,000 again by March 31?",2025-03-20 04:00:00.000000 UTC,10,983.0,0.592,0.035,0.964
526659,"Will Bitcoin reach $105,000 again by March 31?",2025-03-20 05:00:00.000000 UTC,6,128.0,0.193,0.038,0.962
526659,"Will Bitcoin reach $105,000 again by March 31?",2025-03-20 06:00:00.000000 UTC,33,627.0,0.682,0.031,0.969
526659,"Will Bitcoin reach $105,000 again by March 31?",2025-03-20 07:00:00.000000 UTC,21,320.0,0.433,0.031,0.967
526659,"Will Bitcoin reach $105,000 again by March 31?",2025-03-20 08:00:00.000000 UTC,9,126.0,0.24,0.031,0.969
526659,"Will Bitcoin reach $105,000 again by March 31?",2025-03-20 09:00:00.000000 UTC,11,131.0,0.203,0.032,0.967
526659,"Will Bitcoin reach $105,000 again by March 31?",2025-03-20 10:00:00.000000 UTC,33,161.0,0.202,0.03,0.969
526659,"Will Bitcoin reach $105,000 again by March 31?",2025-03-20 11:00:00.000000 UTC,8,2442.0,0.617,0.027,0.972
526659,"Will Bitcoin reach $105,000 again by March 31?",2025-03-20 12:00:00.000000 UTC,3,12.0,0.972,0.972,0.972
526659,"Will Bitcoin reach $105,000 again by March 31?",2025-03-20 13:00:00.000000 UTC,20,1385.0,0.452,0.024,0.975
526659,"Will Bitcoin reach $105,000 again by March 31?",2025-03-20 14:00:00.000000 UTC,33,11037.0,0.229,0.025,0.973
526659,"Will Bitcoin reach $105,000 again by March 31?",2025-03-20 15:00:00.000000 UTC,12,9292.0,0.342,0.027,0.972
526659,"Will Bitcoin reach $105,000 again by March 31?",2025-03-20 16:00:00.000000 UTC,27,1090.0,0.553,0.025,0.977
526659,"Will Bitcoin reach $105,000 again by March 31?",2025-03-20 17:00:00.000000 UTC,7,767.0,0.977,0.977,0.977
526659,"Will Bitcoin reach $105,000 again by March 31?",2025-03-20 18:00:00.000000 UTC,7,687.0,0.978,0.977,0.98
526659,"Will Bitcoin reach $105,000 again by March 31?",2025-03-20 19:00:00.000000 UTC,5,209.0,0.596,0.024,0.978
526659,"Will Bitcoin reach $105,000 again by March 31?",2025-03-20 20:00:00.000000 UTC,5,12.0,0.214,0.022,0.98
526659,"Will Bitcoin reach $105,000 again by March 31?",2025-03-21 00:00:00.000000 UTC,16,2503.0,0.261,0.019,0.981
526659,"Will Bitcoin reach $105,000 again by March 31?",2025-03-21 01:00:00.000000 UTC,6,555.0,0.817,0.026,0.975
526659,"Will Bitcoin reach $105,000 again by March 31?",2025-03-21 02:00:00.000000 UTC,10,137.0,0.69,0.024,0.977
526659,"Will Bitcoin reach $105,000 again by March 31?",2025-03-21 03:00:00.000000 UTC,6,133.0,0.659,0.022,0.979
526659,"Will Bitcoin reach $105,000 again by March 31?",2025-03-21 04:00:00.000000 UTC,1,58.0,0.978,0.978,0.978
526659,"Will Bitcoin reach $105,000 again by March 31?",2025-03-21 05:00:00.000000 UTC,8,1465.0,0.26,0.018,0.981
526659,"Will Bitcoin reach $105,000 again by March 31?",2025-03-21 07:00:00.000000 UTC,15,534.0,0.339,0.016,0.982
526659,"Will Bitcoin reach $105,000 again by March 31?",2025-03-21 08:00:00.000000 UTC,69,10230.0,0.229,0.012,0.987
526659,"Will Bitcoin reach $105,000 again by March 31?",2025-03-21 09:00:00.000000 UTC,34,2715.0,0.156,0.009,0.99
526659,"Will Bitcoin reach $105,000 again by March 31?",2025-03-21 10:00:00.000000 UTC,9,551.0,0.339,0.012,0.987
526659,"Will Bitcoin reach $105,000 again by March 31?",2025-03-21 11:00:00.000000 UTC,6,2211.0,0.501,0.018,0.986
526659,"Will Bitcoin reach $105,000 again by March 31?",2025-03-21 12:00:00.000000 UTC,17,1005.0,0.186,0.012,0.986
526659,"Will Bitcoin reach $105,000 again by March 31?",2025-03-21 13:00:00.000000 UTC,3,5.0,0.014,0.012,0.015
526659,"Will Bitcoin reach $105,000 again by March 31?",2025-03-21 14:00:00.000000 UTC,2,1.0,0.013,0.012,0.013
526659,"Will Bitcoin reach $105,000 again by March 31?",2025-03-21 16:00:00.000000 UTC,1,1.0,0.012,0.012,0.012
526659,"Will Bitcoin reach $105,000 again by March 31?",2025-03-21 17:00:00.000000 UTC,4,44.0,0.012,0.012,0.013
526659,"Will Bitcoin reach $105,000 again by March 31?",2025-03-21 18:00:00.000000 UTC,5,12586.0,0.793,0.011,0.988
526659,"Will Bitcoin reach $105,000 again by March 31?",2025-03-21 19:00:00.000000 UTC,15,2609.0,0.793,0.013,0.988
526659,"Will Bitcoin reach $105,000 again by March 31?",2025-03-21 20:00:00.000000 UTC,5,5.0,0.013,0.011,0.015
526659,"Will Bitcoin reach $105,000 again by March 31?",2025-03-21 21:00:00.000000 UTC,9,63.0,0.121,0.011,0.988
526659,"Will Bitcoin reach $105,000 again by March 31?",2025-03-21 22:00:00.000000 UTC,103,51868.0,0.609,0.014,0.981
526659,"Will Bitcoin reach $105,000 again by March 31?",2025-03-21 23:00:00.000000 UTC,10,71.0,0.119,0.023,0.976
526659,"Will Bitcoin reach $105,000 again by March 31?",2025-03-22 00:00:00.000000 UTC,31,503.0,0.148,0.022,0.978
526659,"Will Bitcoin reach $105,000 again by March 31?",2025-03-22 01:00:00.000000 UTC,6,30.0,0.182,0.02,0.979
526659,"Will Bitcoin reach $105,000 again by March 31?",2025-03-22 02:00:00.000000 UTC,2,0.0,0.021,0.02,0.023
526659,"Will Bitcoin reach $105,000 again by March 31?",2025-03-22 03:00:00.000000 UTC,5,982.0,0.213,0.02,0.979
526659,"Will Bitcoin reach $105,000 again by March 31?",2025-03-22 04:00:00.000000 UTC,6,14.0,0.022,0.02,0.023
526659,"Will Bitcoin reach $105,000 again by March 31?",2025-03-22 05:00:00.000000 UTC,7,83.0,0.294,0.02,0.979
526659,"Will Bitcoin reach $105,000 again by March 31?",2025-03-22 06:00:00.000000 UTC,11,11.0,0.108,0.021,0.976
526659,"Will Bitcoin reach $105,000 again by March 31?",2025-03-22 07:00:00.000000 UTC,12,27.0,0.02,0.019,0.023
526659,"Will Bitcoin reach $105,000 again by March 31?",2025-03-22 08:00:00.000000 UTC,14,26.0,0.157,0.02,0.979
526659,"Will Bitcoin reach $105,000 again by March 31?",2025-03-22 09:00:00.000000 UTC,6,2.0,0.02,0.02,0.02
526659,"Will Bitcoin reach $105,000 again by March 31?",2025-03-22 10:00:00.000000 UTC,8,59.0,0.26,0.02,0.982
526659,"Will Bitcoin reach $105,000 again by March 31?",2025-03-22 11:00:00.000000 UTC,3,4.0,0.982,0.982,0.982
526659,"Will Bitcoin reach $105,000 again by March 31?",2025-03-22 12:00:00.000000 UTC,21,1055.0,0.061,0.012,0.982
526659,"Will Bitcoin reach $105,000 again by March 31?",2025-03-22 13:00:00.000000 UTC,26,117.0,0.24,0.016,0.983
526659,"Will Bitcoin reach $105,000 again by March 31?",2025-03-22 14:00:00.000000 UTC,18,52.0,0.122,0.012,0.985
526659,"Will Bitcoin reach $105,000 again by March 31?",2025-03-22 15:00:00.000000 UTC,7,4.0,0.013,0.011,0.015
526659,"Will Bitcoin reach $105,000 again by March 31?",2025-03-22 16:00:00.000000 UTC,6,3.0,0.011,0.011,0.011
526659,"Will Bitcoin reach $105,000 again by March 31?",2025-03-22 17:00:00.000000 UTC,6,2.0,0.012,0.011,0.014
526659,"Will Bitcoin reach $105,000 again by March 31?",2025-03-22 18:00:00.000000 UTC,2,0.0,0.011,0.011,0.011
526659,"Will Bitcoin reach $105,000 again by March 31?",2025-03-22 19:00:00.000000 UTC,4,6.0,0.012,0.011,0.013
526659,"Will Bitcoin reach $105,000 again by March 31?",2025-03-22 20:00:00.000000 UTC,6,0.0,0.011,0.011,0.013
526659,"Will Bitcoin reach $105,000 again by March 31?",2025-03-22 21:00:00.000000 UTC,5,0.0,0.011,0.011,0.013
526659,"Will Bitcoin reach $105,000 again by March 31?",2025-03-22 22:00:00.000000 UTC,6,1.0,0.012,0.011,0.013
526659,"Will Bitcoin reach $105,000 again by March 31?",2025-03-22 23:00:00.000000 UTC,2,0.0,0.011,0.011,0.011
526659,"Will Bitcoin reach $105,000 again by March 31?",2025-03-23 00:00:00.000000 UTC,1,0.0,0.011,0.011,0.011
526659,"Will Bitcoin reach $105,000 again by March 31?",2025-03-23 02:00:00.000000 UTC,14,180.0,0.709,0.011,0.988
526659,"Will Bitcoin reach $105,000 again by March 31?",2025-03-23 03:00:00.000000 UTC,2,1.0,0.011,0.011,0.011
526659,"Will Bitcoin reach $105,000 again by March 31?",2025-03-23 04:00:00.000000 UTC,4,89.0,0.255,0.011,0.988
526659,"Will Bitcoin reach $105,000 again by March 31?",2025-03-23 06:00:00.000000 UTC,1,1.0,0.011,0.011,0.011
526659,"Will Bitcoin reach $105,000 again by March 31?",2025-03-23 07:00:00.000000 UTC,6,127.0,0.174,0.011,0.988
526659,"Will Bitcoin reach $105,000 again by March 31?",2025-03-23 08:00:00.000000 UTC,12,101.0,0.092,0.011,0.988
526659,"Will Bitcoin reach $105,000 again by March 31?",2025-03-23 09:00:00.000000 UTC,77,28474.0,0.443,0.011,0.988
526659,"Will Bitcoin reach $105,000 again by March 31?",2025-03-23 10:00:00.000000 UTC,6,56.0,0.177,0.015,0.984
526659,"Will Bitcoin reach $105,000 again by March 31?",2025-03-23 11:00:00.000000 UTC,22,1348.0,0.234,0.01,0.989
526659,"Will Bitcoin reach $105,000 again by March 31?",2025-03-23 12:00:00.000000 UTC,27,15789.0,0.624,0.015,0.988
526659,"Will Bitcoin reach $105,000 again by March 31?",2025-03-23 13:00:00.000000 UTC,15,714.0,0.211,0.017,0.982
526659,"Will Bitcoin reach $105,000 again by March 31?",2025-03-23 14:00:00.000000 UTC,13,459.0,0.241,0.018,0.983
526659,"Will Bitcoin reach $105,000 again by March 31?",2025-03-23 15:00:00.000000 UTC,12,70.0,0.339,0.016,0.983
526659,"Will Bitcoin reach $105,000 again by March 31?",2025-03-23 16:00:00.000000 UTC,11,538.0,0.28,0.015,0.984
526659,"Will Bitcoin reach $105,000 again by March 31?",2025-03-23 17:00:00.000000 UTC,1,0.0,0.018,0.018,0.018
526659,"Will Bitcoin reach $105,000 again by March 31?",2025-03-23 18:00:00.000000 UTC,1,6.0,0.982,0.982,0.982
526659,"Will Bitcoin reach $105,000 again by March 31?",2025-03-23 19:00:00.000000 UTC,20,70.0,0.257,0.014,0.985
526659,"Will Bitcoin reach $105,000 again by March 31?",2025-03-23 20:00:00.000000 UTC,1,1.0,0.016,0.016,0.016
526659,"Will Bitcoin reach $105,000 again by March 31?",2025-03-23 21:00:00.000000 UTC,1,0.0,0.014,0.014,0.014
526659,"Will Bitcoin reach $105,000 again by March 31?",2025-03-23 22:00:00.000000 UTC,2,0.0,0.014,0.014,0.014
526659,"Will Bitcoin reach $105,000 again by March 31?",2025-03-23 23:00:00.000000 UTC,1,1.0,0.016,0.016,0.016
526659,"Will Bitcoin reach $105,000 again by March 31?",2025-03-24 00:00:00.000000 UTC,13,65.0,0.24,0.016,0.984
526659,"Will Bitcoin reach $105,000 again by March 31?",2025-03-24 01:00:00.000000 UTC,1,200.0,0.985,0.985,0.985
526659,"Will Bitcoin reach $105,000 again by March 31?",2025-03-24 02:00:00.000000 UTC,12,477.0,0.179,0.017,0.983
526659,"Will Bitcoin reach $105,000 again by March 31?",2025-03-24 03:00:00.000000 UTC,6,929.0,0.822,0.016,0.983
526659,"Will Bitcoin reach $105,000 again by March 31?",2025-03-24 04:00:00.000000 UTC,14,2040.0,0.499,0.016,0.981
526659,"Will Bitcoin reach $105,000 again by March 31?",2025-03-24 05:00:00.000000 UTC,33,3295.0,0.284,0.019,0.978
526659,"Will Bitcoin reach $105,000 again by March 31?",2025-03-24 06:00:00.000000 UTC,23,572.0,0.276,0.025,0.977
526659,"Will Bitcoin reach $105,000 again by March 31?",2025-03-24 07:00:00.000000 UTC,12,202.0,0.263,0.025,0.978
526659,"Will Bitcoin reach $105,000 again by March 31?",2025-03-24 08:00:00.000000 UTC,19,296.0,0.524,0.025,0.972
526659,"Will Bitcoin reach $105,000 again by March 31?",2025-03-24 09:00:00.000000 UTC,16,629.0,0.262,0.023,0.975
526659,"Will Bitcoin reach $105,000 again by March 31?",2025-03-24 10:00:00.000000 UTC,49,4666.0,0.372,0.019,0.98
526659,"Will Bitcoin reach $105,000 again by March 31?",2025-03-24 11:00:00.000000 UTC,39,2099.0,0.267,0.016,0.983
526659,"Will Bitcoin reach $105,000 again by March 31?",2025-03-24 12:00:00.000000 UTC,5,395.0,0.403,0.017,0.982
526659,"Will Bitcoin reach $105,000 again by March 31?",2025-03-24 13:00:00.000000 UTC,4,5120.0,0.741,0.018,0.982
526659,"Will Bitcoin reach $105,000 again by March 31?",2025-03-24 14:00:00.000000 UTC,20,1184.0,0.403,0.017,0.981
526659,"Will Bitcoin reach $105,000 again by March 31?",2025-03-24 15:00:00.000000 UTC,13,1341.0,0.389,0.016,0.983
526659,"Will Bitcoin reach $105,000 again by March 31?",2025-03-24 16:00:00.000000 UTC,1,5.0,0.02,0.02,0.02
526659,"Will Bitcoin reach $105,000 again by March 31?",2025-03-24 17:00:00.000000 UTC,17,105.0,0.472,0.018,0.982
526659,"Will Bitcoin reach $105,000 again by March 31?",2025-03-24 18:00:00.000000 UTC,17,10270.0,0.699,0.016,0.984
526659,"Will Bitcoin reach $105,000 again by March 31?",2025-03-24 19:00:00.000000 UTC,6,25.0,0.338,0.015,0.984
526659,"Will Bitcoin reach $105,000 again by March 31?",2025-03-24 20:00:00.000000 UTC,35,890.0,0.652,0.016,0.984
526659,"Will Bitcoin reach $105,000 again by March 31?",2025-03-24 21:00:00.000000 UTC,18,2992.0,0.661,0.015,0.984
526659,"Will Bitcoin reach $105,000 again by March 31?",2025-03-24 22:00:00.000000 UTC,13,2118.0,0.537,0.011,0.99
526659,"Will Bitcoin reach $105,000 again by March 31?",2025-03-24 23:00:00.000000 UTC,8,256.0,0.621,0.014,0.986
526659,"Will Bitcoin reach $105,000 again by March 31?",2025-03-25 00:00:00.000000 UTC,2,20.0,0.499,0.014,0.984
526659,"Will Bitcoin reach $105,000 again by March 31?",2025-03-25 01:00:00.000000 UTC,25,152.0,0.131,0.014,0.985
526659,"Will Bitcoin reach $105,000 again by March 31?",2025-03-25 02:00:00.000000 UTC,31,4301.0,0.578,0.011,0.989
526659,"Will Bitcoin reach $105,000 again by March 31?",2025-03-25 03:00:00.000000 UTC,17,663.0,0.471,0.011,0.987
526659,"Will Bitcoin reach $105,000 again by March 31?",2025-03-25 04:00:00.000000 UTC,4,445.0,0.256,0.012,0.985
526659,"Will Bitcoin reach $105,000 again by March 31?",2025-03-25 05:00:00.000000 UTC,36,3371.0,0.688,0.01,0.99
526659,"Will Bitcoin reach $105,000 again by March 31?",2025-03-25 06:00:00.000000 UTC,14,568.0,0.708,0.01,0.986
526659,"Will Bitcoin reach $105,000 again by March 31?",2025-03-25 08:00:00.000000 UTC,19,141.0,0.577,0.01,0.989
526659,"Will Bitcoin reach $105,000 again by March 31?",2025-03-25 09:00:00.000000 UTC,34,316.0,0.299,0.011,0.989
526659,"Will Bitcoin reach $105,000 again by March 31?",2025-03-25 10:00:00.000000 UTC,14,109.0,0.5,0.012,0.986
526659,"Will Bitcoin reach $105,000 again by March 31?",2025-03-25 11:00:00.000000 UTC,4,14.0,0.257,0.013,0.984
526659,"Will Bitcoin reach $105,000 again by March 31?",2025-03-25 12:00:00.000000 UTC,8,921.0,0.5,0.013,0.987
526659,"Will Bitcoin reach $105,000 again by March 31?",2025-03-25 13:00:00.000000 UTC,49,10179.0,0.372,0.012,0.986
526659,"Will Bitcoin reach $105,000 again by March 31?",2025-03-25 14:00:00.000000 UTC,21,3684.0,0.568,0.015,0.985
526659,"Will Bitcoin reach $105,000 again by March 31?",2025-03-25 15:00:00.000000 UTC,23,490.0,0.186,0.014,0.983
526659,"Will Bitcoin reach $105,000 again by March 31?",2025-03-25 16:00:00.000000 UTC,24,1571.0,0.46,0.012,0.988
526659,"Will Bitcoin reach $105,000 again by March 31?",2025-03-25 17:00:00.000000 UTC,18,178.0,0.5,0.012,0.989
526659,"Will Bitcoin reach $105,000 again by March 31?",2025-03-25 18:00:00.000000 UTC,21,2089.0,0.569,0.01,0.989
526659,"Will Bitcoin reach $105,000 again by March 31?",2025-03-25 19:00:00.000000 UTC,24,642.0,0.622,0.01,0.988
526659,"Will Bitcoin reach $105,000 again by March 31?",2025-03-25 20:00:00.000000 UTC,11,939.0,0.367,0.01,0.99
526659,"Will Bitcoin reach $105,000 again by March 31?",2025-03-25 21:00:00.000000 UTC,21,313.0,0.803,0.011,0.99
526659,"Will Bitcoin reach $105,000 again by March 31?",2025-03-25 22:00:00.000000 UTC,7,1783.0,0.429,0.008,0.99
526659,"Will Bitcoin reach $105,000 again by March 31?",2025-03-25 23:00:00.000000 UTC,42,1108.0,0.476,0.003,0.997
526659,"Will Bitcoin reach $105,000 again by March 31?",2025-03-26 00:00:00.000000 UTC,30,2048.0,0.271,0.006,0.991
526659,"Will Bitcoin reach $105,000 again by March 31?",2025-03-26 02:00:00.000000 UTC,1,1.0,0.991,0.991,0.991
526659,"Will Bitcoin reach $105,000 again by March 31?",2025-03-26 03:00:00.000000 UTC,1,6.0,0.991,0.991,0.991
526659,"Will Bitcoin reach $105,000 again by March 31?",2025-03-26 04:00:00.000000 UTC,19,419.0,0.784,0.007,0.992
526659,"Will Bitcoin reach $105,000 again by March 31?",2025-03-26 05:00:00.000000 UTC,7,160.0,0.988,0.987,0.991
526659,"Will Bitcoin reach $105,000 again by March 31?",2025-03-26 06:00:00.000000 UTC,10,12.0,0.007,0.006,0.008
526659,"Will Bitcoin reach $105,000 again by March 31?",2025-03-26 07:00:00.000000 UTC,14,890.0,0.077,0.005,0.992
526659,"Will Bitcoin reach $105,000 again by March 31?",2025-03-26 08:00:00.000000 UTC,11,3436.0,0.543,0.006,0.99
526659,"Will Bitcoin reach $105,000 again by March 31?",2025-03-26 09:00:00.000000 UTC,10,12.0,0.106,0.008,0.989
526659,"Will Bitcoin reach $105,000 again by March 31?",2025-03-26 10:00:00.000000 UTC,8,459.0,0.255,0.009,0.991
526659,"Will Bitcoin reach $105,000 again by March 31?",2025-03-26 11:00:00.000000 UTC,10,673.0,0.107,0.008,0.992
526659,"Will Bitcoin reach $105,000 again by March 31?",2025-03-26 12:00:00.000000 UTC,7,44.0,0.29,0.009,0.99
526659,"Will Bitcoin reach $105,000 again by March 31?",2025-03-26 13:00:00.000000 UTC,3,496.0,0.336,0.009,0.99
526659,"Will Bitcoin reach $105,000 again by March 31?",2025-03-26 14:00:00.000000 UTC,9,3876.0,0.555,0.008,0.992
526659,"Will Bitcoin reach $105,000 again by March 31?",2025-03-26 15:00:00.000000 UTC,8,1999.0,0.5,0.007,0.993
526659,"Will Bitcoin reach $105,000 again by March 31?",2025-03-26 16:00:00.000000 UTC,5,1.0,0.006,0.006,0.006
526659,"Will Bitcoin reach $105,000 again by March 31?",2025-03-26 17:00:00.000000 UTC,5,787.0,0.598,0.008,0.992
526659,"Will Bitcoin reach $105,000 again by March 31?",2025-03-26 18:00:00.000000 UTC,7,2003.0,0.148,0.006,0.994
526659,"Will Bitcoin reach $105,000 again by March 31?",2025-03-26 19:00:00.000000 UTC,7,13.0,0.006,0.006,0.006
526659,"Will Bitcoin reach $105,000 again by March 31?",2025-03-26 20:00:00.000000 UTC,3,1651.0,0.335,0.005,0.995
526659,"Will Bitcoin reach $105,000 again by March 31?",2025-03-26 21:00:00.000000 UTC,2,12.0,0.995,0.995,0.995
526659,"Will Bitcoin reach $105,000 again by March 31?",2025-03-26 22:00:00.000000 UTC,8,1117.0,0.995,0.994,0.995
526659,"Will Bitcoin reach $105,000 again by March 31?",2025-03-26 23:00:00.000000 UTC,2,112.0,0.5,0.006,0.994
526659,"Will Bitcoin reach $105,000 again by March 31?",2025-03-27 00:00:00.000000 UTC,1,0.0,0.006,0.006,0.006
526659,"Will Bitcoin reach $105,000 again by March 31?",2025-03-27 01:00:00.000000 UTC,8,129.0,0.871,0.006,0.995
526659,"Will Bitcoin reach $105,000 again by March 31?",2025-03-27 02:00:00.000000 UTC,9,2755.0,0.775,0.006,0.995
526659,"Will Bitcoin reach $105,000 again by March 31?",2025-03-27 03:00:00.000000 UTC,4,178.0,0.747,0.006,0.995
526659,"Will Bitcoin reach $105,000 again by March 31?",2025-03-27 04:00:00.000000 UTC,5,25.0,0.797,0.004,0.995
526659,"Will Bitcoin reach $105,000 again by March 31?",2025-03-27 05:00:00.000000 UTC,8,83.0,0.252,0.004,0.995
526659,"Will Bitcoin reach $105,000 again by March 31?",2025-03-27 06:00:00.000000 UTC,10,3095.0,0.797,0.006,0.995
526659,"Will Bitcoin reach $105,000 again by March 31?",2025-03-27 07:00:00.000000 UTC,9,375.0,0.445,0.006,0.993
526659,"Will Bitcoin reach $105,000 again by March 31?",2025-03-27 08:00:00.000000 UTC,30,9071.0,0.401,0.006,0.993
526659,"Will Bitcoin reach $105,000 again by March 31?",2025-03-27 09:00:00.000000 UTC,8,58.0,0.132,0.009,0.99
526659,"Will Bitcoin reach $105,000 again by March 31?",2025-03-27 10:00:00.000000 UTC,17,1056.0,0.356,0.008,0.991
526659,"Will Bitcoin reach $105,000 again by March 31?",2025-03-27 11:00:00.000000 UTC,12,3124.0,0.5,0.006,0.993
526659,"Will Bitcoin reach $105,000 again by March 31?",2025-03-27 12:00:00.000000 UTC,6,1550.0,0.664,0.006,0.994
526659,"Will Bitcoin reach $105,000 again by March 31?",2025-03-27 13:00:00.000000 UTC,29,10899.0,0.55,0.004,0.996
526659,"Will Bitcoin reach $105,000 again by March 31?",2025-03-27 14:00:00.000000 UTC,10,11755.0,0.996,0.995,0.996
526659,"Will Bitcoin reach $105,000 again by March 31?",2025-03-27 15:00:00.000000 UTC,5,101.0,0.996,0.996,0.996
526659,"Will Bitcoin reach $105,000 again by March 31?",2025-03-27 16:00:00.000000 UTC,12,4032.0,0.996,0.995,0.996
526659,"Will Bitcoin reach $105,000 again by March 31?",2025-03-27 17:00:00.000000 UTC,22,548.0,0.995,0.995,0.996
526659,"Will Bitcoin reach $105,000 again by March 31?",2025-03-27 18:00:00.000000 UTC,9,167.0,0.996,0.996,0.996
526659,"Will Bitcoin reach $105,000 again by March 31?",2025-03-27 19:00:00.000000 UTC,20,198.0,0.996,0.996,0.996
526659,"Will Bitcoin reach $105,000 again by March 31?",2025-03-27 20:00:00.000000 UTC,34,180.0,0.996,0.995,0.996
526659,"Will Bitcoin reach $105,000 again by March 31?",2025-03-27 21:00:00.000000 UTC,48,386.0,0.955,0.004,0.996
526659,"Will Bitcoin reach $105,000 again by March 31?",2025-03-27 22:00:00.000000 UTC,28,3.0,0.004,0.004,0.004
526659,"Will Bitcoin reach $105,000 again by March 31?",2025-03-27 23:00:00.000000 UTC,63,6005.0,0.24,0.004,0.995
526659,"Will Bitcoin reach $105,000 again by March 31?",2025-03-28 00:00:00.000000 UTC,86,60964.0,0.303,0.001,0.999
526659,"Will Bitcoin reach $105,000 again by March 31?",2025-03-28 01:00:00.000000 UTC,37,0.0,0.001,0.001,0.002
526659,"Will Bitcoin reach $105,000 again by March 31?",2025-03-28 02:00:00.000000 UTC,55,6495.0,0.328,0.001,0.999
526659,"Will Bitcoin reach $105,000 again by March 31?",2025-03-28 03:00:00.000000 UTC,47,21.0,0.108,0.002,0.999
526659,"Will Bitcoin reach $105,000 again by March 31?",2025-03-28 04:00:00.000000 UTC,50,1.0,0.002,0.002,0.002
526659,"Will Bitcoin reach $105,000 again by March 31?",2025-03-28 05:00:00.000000 UTC,39,35.0,0.079,0.002,0.997
526659,"Will Bitcoin reach $105,000 again by March 31?",2025-03-28 06:00:00.000000 UTC,33,139.0,0.484,0.002,0.997
526659,"Will Bitcoin reach $105,000 again by March 31?",2025-03-28 07:00:00.000000 UTC,38,220.0,0.971,0.004,0.997
526659,"Will Bitcoin reach $105,000 again by March 31?",2025-03-28 08:00:00.000000 UTC,67,3069.0,0.789,0.002,0.997
526659,"Will Bitcoin reach $105,000 again by March 31?",2025-03-28 09:00:00.000000 UTC,62,1.0,0.002,0.002,0.004
526659,"Will Bitcoin reach $105,000 again by March 31?",2025-03-28 10:00:00.000000 UTC,64,76.0,0.064,0.002,0.999
526659,"Will Bitcoin reach $105,000 again by March 31?",2025-03-28 11:00:00.000000 UTC,62,253.0,0.998,0.998,0.998
526659,"Will Bitcoin reach $105,000 again by March 31?",2025-03-28 12:00:00.000000 UTC,68,391.0,0.983,0.004,0.999
526659,"Will Bitcoin reach $105,000 again by March 31?",2025-03-28 13:00:00.000000 UTC,55,294.0,0.763,0.002,0.999
526659,"Will Bitcoin reach $105,000 again by March 31?",2025-03-28 14:00:00.000000 UTC,51,94.0,0.237,0.002,0.999
526659,"Will Bitcoin reach $105,000 again by March 31?",2025-03-28 15:00:00.000000 UTC,53,240.0,0.98,0.002,0.999
526659,"Will Bitcoin reach $105,000 again by March 31?",2025-03-28 16:00:00.000000 UTC,34,127.0,0.97,0.002,0.999
526659,"Will Bitcoin reach $105,000 again by March 31?",2025-03-28 17:00:00.000000 UTC,64,2117.0,0.859,0.002,0.999
526659,"Will Bitcoin reach $105,000 again by March 31?",2025-03-28 18:00:00.000000 UTC,48,225.0,0.791,0.002,0.999
526659,"Will Bitcoin reach $105,000 again by March 31?",2025-03-28 19:00:00.000000 UTC,32,123.0,0.687,0.002,0.999
526659,"Will Bitcoin reach $105,000 again by March 31?",2025-03-28 20:00:00.000000 UTC,27,93.0,0.962,0.002,0.999
526659,"Will Bitcoin reach $105,000 again by March 31?",2025-03-28 21:00:00.000000 UTC,20,116.0,0.949,0.002,0.999
526659,"Will Bitcoin reach $105,000 again by March 31?",2025-03-28 22:00:00.000000 UTC,26,3563.0,0.96,0.003,0.999
526659,"Will Bitcoin reach $105,000 again by March 31?",2025-03-28 23:00:00.000000 UTC,28,81.0,0.928,0.002,0.999
526659,"Will Bitcoin reach $105,000 again by March 31?",2025-03-29 00:00:00.000000 UTC,31,105.0,0.999,0.999,0.999
526659,"Will Bitcoin reach $105,000 again by March 31?",2025-03-29 01:00:00.000000 UTC,25,81.0,0.999,0.999,0.999
526659,"Will Bitcoin reach $105,000 again by March 31?",2025-03-29 02:00:00.000000 UTC,28,659.0,0.998,0.998,0.999
526659,"Will Bitcoin reach $105,000 again by March 31?",2025-03-29 03:00:00.000000 UTC,21,121.0,0.999,0.999,0.999
526659,"Will Bitcoin reach $105,000 again by March 31?",2025-03-29 04:00:00.000000 UTC,21,112.0,0.952,0.002,0.999
526659,"Will Bitcoin reach $105,000 again by March 31?",2025-03-29 05:00:00.000000 UTC,13,42.0,0.999,0.999,0.999
526659,"Will Bitcoin reach $105,000 again by March 31?",2025-03-29 06:00:00.000000 UTC,23,54.0,0.956,0.003,0.999
526659,"Will Bitcoin reach $105,000 again by March 31?",2025-03-29 07:00:00.000000 UTC,19,79.0,0.947,0.003,0.999
526659,"Will Bitcoin reach $105,000 again by March 31?",2025-03-29 08:00:00.000000 UTC,19,71.0,0.999,0.999,0.999
526659,"Will Bitcoin reach $105,000 again by March 31?",2025-03-29 09:00:00.000000 UTC,18,53.0,0.944,0.003,0.999
526659,"Will Bitcoin reach $105,000 again by March 31?",2025-03-29 10:00:00.000000 UTC,17,75.0,0.999,0.999,0.999
526659,"Will Bitcoin reach $105,000 again by March 31?",2025-03-29 11:00:00.000000 UTC,24,99.0,0.999,0.999,0.999
526659,"Will Bitcoin reach $105,000 again by March 31?",2025-03-29 12:00:00.000000 UTC,18,170.0,0.999,0.998,0.999
526659,"Will Bitcoin reach $105,000 again by March 31?",2025-03-29 13:00:00.000000 UTC,13,230.0,0.999,0.998,0.999
526659,"Will Bitcoin reach $105,000 again by March 31?",2025-03-29 14:00:00.000000 UTC,12,49.0,0.999,0.999,0.999
526659,"Will Bitcoin reach $105,000 again by March 31?",2025-03-29 15:00:00.000000 UTC,15,857.0,0.999,0.998,0.999
526659,"Will Bitcoin reach $105,000 again by March 31?",2025-03-29 16:00:00.000000 UTC,26,80.0,0.999,0.999,0.999
526659,"Will Bitcoin reach $105,000 again by March 31?",2025-03-29 17:00:00.000000 UTC,11,61.0,0.999,0.999,0.999
526659,"Will Bitcoin reach $105,000 again by March 31?",2025-03-29 18:00:00.000000 UTC,24,941.0,0.957,0.001,0.999
526659,"Will Bitcoin reach $105,000 again by March 31?",2025-03-29 19:00:00.000000 UTC,10,0.0,0.001,0.001,0.001
526659,"Will Bitcoin reach $105,000 again by March 31?",2025-03-29 20:00:00.000000 UTC,24,1556.0,0.957,0.001,0.999
526659,"Will Bitcoin reach $105,000 again by March 31?",2025-03-29 21:00:00.000000 UTC,16,42.0,0.999,0.999,0.999
526659,"Will Bitcoin reach $105,000 again by March 31?",2025-03-29 22:00:00.000000 UTC,7,29.0,0.999,0.999,0.999
526659,"Will Bitcoin reach $105,000 again by March 31?",2025-03-29 23:00:00.000000 UTC,16,62.0,0.999,0.999,0.999
526659,"Will Bitcoin reach $105,000 again by March 31?",2025-03-30 00:00:00.000000 UTC,11,30.0,0.999,0.999,0.999
526659,"Will Bitcoin reach $105,000 again by March 31?",2025-03-30 01:00:00.000000 UTC,11,56.0,0.999,0.999,0.999
526659,"Will Bitcoin reach $105,000 again by March 31?",2025-03-30 02:00:00.000000 UTC,7,16.0,0.857,0.003,0.999
526659,"Will Bitcoin reach $105,000 again by March 31?",2025-03-30 03:00:00.000000 UTC,10,86.0,0.999,0.999,0.999
526659,"Will Bitcoin reach $105,000 again by March 31?",2025-03-30 04:00:00.000000 UTC,11,156.0,0.999,0.999,0.999
526659,"Will Bitcoin reach $105,000 again by March 31?",2025-03-30 05:00:00.000000 UTC,71,2961.0,0.985,0.001,0.999
526659,"Will Bitcoin reach $105,000 again by March 31?",2025-03-30 06:00:00.000000 UTC,41,0.0,0.001,0.001,0.001
526659,"Will Bitcoin reach $105,000 again by March 31?",2025-03-30 07:00:00.000000 UTC,174,24356.0,0.041,0.001,0.998
526659,"Will Bitcoin reach $105,000 again by March 31?",2025-03-30 08:00:00.000000 UTC,67,1.0,0.001,0.001,0.001
526659,"Will Bitcoin reach $105,000 again by March 31?",2025-03-30 09:00:00.000000 UTC,35,6.0,0.001,0.001,0.001
526659,"Will Bitcoin reach $105,000 again by March 31?",2025-03-30 10:00:00.000000 UTC,22,0.0,0.001,0.001,0.001
526659,"Will Bitcoin reach $105,000 again by March 31?",2025-03-30 11:00:00.000000 UTC,24,2.0,0.043,0.001,0.998
526659,"Will Bitcoin reach $105,000 again by March 31?",2025-03-30 12:00:00.000000 UTC,28,3.0,0.037,0.001,0.998
526659,"Will Bitcoin reach $105,000 again by March 31?",2025-03-30 13:00:00.000000 UTC,50,1.0,0.001,0.001,0.001
526659,"Will Bitcoin reach $105,000 again by March 31?",2025-03-30 14:00:00.000000 UTC,127,238.0,0.331,0.001,0.999
526659,"Will Bitcoin reach $105,000 again by March 31?",2025-03-30 15:00:00.000000 UTC,52,3021.0,0.231,0.001,0.999
526659,"Will Bitcoin reach $105,000 again by March 31?",2025-03-30 16:00:00.000000 UTC,1,0.0,0.001,0.001,0.001
526659,"Will Bitcoin reach $105,000 again by March 31?",2025-03-30 18:00:00.000000 UTC,1,0.0,0.001,0.001,0.001
526659,"Will Bitcoin reach $105,000 again by March 31?",2025-03-30 19:00:00.000000 UTC,1,1.0,0.001,0.001,0.001
526659,"Will Bitcoin reach $105,000 again by March 31?",2025-03-30 21:00:00.000000 UTC,16,172.0,0.937,0.001,0.999
526659,"Will Bitcoin reach $105,000 again by March 31?",2025-03-30 22:00:00.000000 UTC,32,525.0,0.999,0.999,0.999
526659,"Will Bitcoin reach $105,000 again by March 31?",2025-03-30 23:00:00.000000 UTC,35,325.0,0.999,0.999,0.999
526659,"Will Bitcoin reach $105,000 again by March 31?",2025-03-31 00:00:00.000000 UTC,19,1148.0,0.946,0.001,0.999
526659,"Will Bitcoin reach $105,000 again by March 31?",2025-03-31 01:00:00.000000 UTC,2,0.0,0.001,0.001,0.001
526659,"Will Bitcoin reach $105,000 again by March 31?",2025-03-31 02:00:00.000000 UTC,1,5.0,0.999,0.999,0.999
526659,"Will Bitcoin reach $105,000 again by March 31?",2025-03-31 05:00:00.000000 UTC,17,9968.0,0.94,0.001,0.999
526659,"Will Bitcoin reach $105,000 again by March 31?",2025-03-31 06:00:00.000000 UTC,5,3804.0,0.799,0.001,0.999
526659,"Will Bitcoin reach $105,000 again by March 31?",2025-03-31 08:00:00.000000 UTC,7,7721.0,0.856,0.002,0.999